{"address":"ofi+verbs;ofi_rxm://10.201.1.241:42373","progress_loop":{"progress_with_timeout":{"num":1052,"min":0.000142813,"max":0.104269505,"avg":0.096103782,"var":0.370186336,"sum":101.101179123},"progress_timeout_value_msec":{"num":1052,"min":100.000000000,"max":100.000000000,"avg":100.000000000,"var":0.000000000,"sum":105200.000000000},"progress_without_timeout":{"num":0,"min":0.000000000,"max":0.000000000,"avg":0.000000000,"var":0.000000000,"sum":0.000000000},"trigger":{"num":100,"min":0.000004292,"max":0.000010729,"avg":0.000005810,"var":0.000000000,"sum":0.000581026}},"rpcs":{"65535:65535:1471021055:1":{"rpc_id":1471021055,"provider_id":1,"parent_rpc_id":65535,"parent_provider_id":65535,"name":"sum","origin":{"sent to ofi+verbs;ofi_rxm://10.201.1.219:47038":{"iforward":{"duration":{"num":21,"min":0.000017405,"max":0.001880884,"avg":0.000113283,"var":0.000003281,"sum":0.002378941},"relative_timestamp_from_create":{"num":21,"min":0.000001907,"max":0.000003815,"avg":0.000002929,"var":0.000000000,"sum":0.000061512}},"forward_cb":{"duration":{"num":21,"min":0.000001907,"max":0.000004292,"avg":0.000002418,"var":0.000000000,"sum":0.000050783},"relative_timestamp_from_iforward_start":{"num":21,"min":1.000208378,"max":1.031959295,"avg":1.008966866,"var":0.002935290,"sum":21.188304186}},"iforward_wait":{"duration":{"num":21,"min":1.000191212,"max":1.031944990,"avg":1.008863722,"var":0.002899892,"sum":21.186138153},"relative_timestamp_from_iforward_end":{"num":21,"min":0.000000954,"max":0.000001669,"avg":0.000001306,"var":0.000000000,"sum":0.000027418}},"set_input":{"duration":{"num":21,"min":0.000003815,"max":0.000007629,"avg":0.000006346,"var":0.000000000,"sum":0.000133276},"relative_timestamp_from_iforward_start":{"num":21,"min":0.000009537,"max":0.000018120,"avg":0.000013215,"var":0.000000000,"sum":0.000277519}},"get_output":{"duration":{"num":0,"min":0.000000000,"max":0.000000000,"avg":0.000000000,"var":0.000000000,"sum":0.000000000},"relative_timestamp_from_wait_end":{"num":0,"min":0.000000000,"max":0.000000000,"avg":0.000000000,"var":0.000000000,"sum":0.000000000}}}}},"65535:65535:1161428991:1":{"rpc_id":1161428991,"provider_id":1,"parent_rpc_id":65535,"parent_provider_id":65535,"name":"prod","origin":{"sent to ofi+verbs;ofi_rxm://10.201.1.219:47038":{"iforward":{"duration":{"num":19,"min":0.000024319,"max":0.000034809,"avg":0.000026803,"var":0.000000000,"sum":0.000509262},"relative_timestamp_from_create":{"num":19,"min":0.000002384,"max":0.000005245,"avg":0.000002999,"var":0.000000000,"sum":0.000056982}},"forward_cb":{"duration":{"num":19,"min":0.000001907,"max":0.000002861,"avg":0.000002434,"var":0.000000000,"sum":0.000046253},"relative_timestamp_from_iforward_start":{"num":19,"min":1.000182152,"max":1.016396999,"avg":1.005615398,"var":0.000951540,"sum":19.106692553}},"iforward_wait":{"duration":{"num":19,"min":1.000166178,"max":1.016381979,"avg":1.005597930,"var":0.000951539,"sum":19.106360674},"relative_timestamp_from_iforward_end":{"num":19,"min":0.000000954,"max":0.000001669,"avg":0.000001393,"var":0.000000000,"sum":0.000026464}},"set_input":{"duration":{"num":19,"min":0.000006199,"max":0.000007391,"avg":0.000006626,"var":0.000000000,"sum":0.000125885},"relative_timestamp_from_iforward_start":{"num":19,"min":0.000012159,"max":0.000022173,"avg":0.000014255,"var":0.000000000,"sum":0.000270844}},"get_output":{"duration":{"num":0,"min":0.000000000,"max":0.000000000,"avg":0.000000000,"var":0.000000000,"sum":0.000000000},"relative_timestamp_from_wait_end":{"num":0,"min":0.000000000,"max":0.000000000,"avg":0.000000000,"var":0.000000000,"sum":0.000000000}}}}},"65535:65535:1471021055:0":{"rpc_id":1471021055,"provider_id":0,"parent_rpc_id":65535,"parent_provider_id":65535,"name":"sum","origin":{"sent to ofi+verbs;ofi_rxm://10.201.1.212:43569":{"iforward":{"duration":{"num":29,"min":0.000023842,"max":0.001914024,"avg":0.000090961,"var":0.000003442,"sum":0.002637863},"relative_timestamp_from_create":{"num":29,"min":0.000002146,"max":0.000003815,"avg":0.000002812,"var":0.000000000,"sum":0.000081539}},"forward_cb":{"duration":{"num":29,"min":0.000001669,"max":0.000003338,"avg":0.000002483,"var":0.000000000,"sum":0.000072002},"relative_timestamp_from_iforward_start":{"num":29,"min":1.000175953,"max":1.031456947,"avg":1.012831992,"var":0.003209726,"sum":29.372127771}},"iforward_wait":{"duration":{"num":29,"min":1.000158310,"max":1.031440258,"avg":1.012750519,"var":0.003215547,"sum":29.369765043},"relative_timestamp_from_iforward_end":{"num":29,"min":0.000000954,"max":0.000001669,"avg":0.000001348,"var":0.000000000,"sum":0.000039101}},"set_input":{"duration":{"num":29,"min":0.000006199,"max":0.000007629,"avg":0.000006528,"var":0.000000000,"sum":0.000189304},"relative_timestamp_from_iforward_start":{"num":29,"min":0.000012159,"max":0.000020742,"avg":0.000013943,"var":0.000000000,"sum":0.000404358}},"get_output":{"duration":{"num":0,"min":0.000000000,"max":0.000000000,"avg":0.000000000,"var":0.000000000,"sum":0.000000000},"relative_timestamp_from_wait_end":{"num":0,"min":0.000000000,"max":0.000000000,"avg":0.000000000,"var":0.000000000,"sum":0.000000000}}}}},"65535:65535:1161428991:0":{"rpc_id":1161428991,"provider_id":0,"parent_rpc_id":65535,"parent_provider_id":65535,"name":"prod","origin":{"sent to ofi+verbs;ofi_rxm://10.201.1.212:43569":{"iforward":{"duration":{"num":31,"min":0.000016689,"max":0.000030756,"avg":0.000025926,"var":0.000000000,"sum":0.000803709},"relative_timestamp_from_create":{"num":31,"min":0.000002146,"max":0.000003338,"avg":0.000002792,"var":0.000000000,"sum":0.000086546}},"forward_cb":{"duration":{"num":31,"min":0.000001431,"max":0.000002861,"avg":0.000002407,"var":0.000000000,"sum":0.000074625},"relative_timestamp_from_iforward_start":{"num":31,"min":1.000202656,"max":1.031958818,"avg":1.011140270,"var":0.003701970,"sum":31.345348358}},"iforward_wait":{"duration":{"num":31,"min":1.000186920,"max":1.031943560,"avg":1.011123742,"var":0.003701745,"sum":31.344835997},"relative_timestamp_from_iforward_end":{"num":31,"min":0.000000954,"max":0.000001669,"avg":0.000001354,"var":0.000000000,"sum":0.000041962}},"set_input":{"duration":{"num":31,"min":0.000004292,"max":0.000009060,"avg":0.000006630,"var":0.000000000,"sum":0.000205517},"relative_timestamp_from_iforward_start":{"num":31,"min":0.000009060,"max":0.000019073,"avg":0.000013698,"var":0.000000000,"sum":0.000424623}},"get_output":{"duration":{"num":0,"min":0.000000000,"max":0.000000000,"avg":0.000000000,"var":0.000000000,"sum":0.000000000},"relative_timestamp_from_wait_end":{"num":0,"min":0.000000000,"max":0.000000000,"avg":0.000000000,"var":0.000000000,"sum":0.000000000}}}}}}}