{"address":"ofi+verbs;ofi_rxm://10.201.1.238:54097","rpcs":{"__shutdown__:65535":{"timestamps":[1692818567.697133541],"count":[1],"bulk_size":[0]}},"pools":{"__primary__":{"timestamps":[1692818455.946107626,1692818456.951785803,1692818457.953273773,1692818458.954824209,1692818459.960480690,1692818460.974364758,1692818461.975919008,1692818462.977485895,1692818463.999507427,1692818465.009265661,1692818466.010736942,1692818467.012261152,1692818468.022032499,1692818469.027724504,1692818470.037509203,1692818471.051423788,1692818472.053007603,1692818473.062776566,1692818474.072465420,1692818475.082234621,1692818476.096066713,1692818477.101741791,1692818478.111489773,1692818479.129438877,1692818480.139154673,1692818481.140714645,1692818482.146424055,1692818483.152123213,1692818484.157819510,1692818485.171664000,1692818486.173256636,1692818487.182911396,1692818488.196761131,1692818489.206521749,1692818490.220294476,1692818491.225976467,1692818492.239787817,1692818493.241370678,1692818494.242909670,1692818495.244431734,1692818496.246003389,1692818497.255780220,1692818498.265572071,1692818499.283520699,1692818500.289122105,1692818501.290674925,1692818502.292204618,1692818503.293696642,1692818504.307544231,1692818505.321406364,1692818506.331186056,1692818507.336878538,1692818508.342585564,1692818509.352302551,1692818510.357949257,1692818511.367742300,1692818512.373420238,1692818513.387262821,1692818514.392870426,1692818515.394452572,1692818516.396055222,1692818517.401728153,1692818518.411414862,1692818519.421181202,1692818520.430973053,1692818521.453011751,1692818522.454591513,1692818523.464385986,1692818524.470090866,1692818525.479846478,1692818526.485424995,1692818527.486987114,1692818528.500866890,1692818529.506481171,1692818530.520078421,1692818531.521630287,1692818532.527315140,1692818533.541179419,1692818534.555033684,1692818535.560707808,1692818536.566378117,1692818537.596610308,1692818538.606365681,1692818539.616137743,1692818540.625818491,1692818541.627135277,1692818542.628652334,1692818543.630211115,1692818544.635715723,1692818545.637281656,1692818546.642918825,1692818547.652641535,1692818548.658316612,1692818549.672197104,1692818550.677887201,1692818551.683573484,1692818552.693344593,1692818553.707170725,1692818554.716932297,1692818555.722608328,1692818556.736452818,1692818557.742035389,1692818558.743387699,1692818559.744910002,1692818560.746325970,1692818561.751857042,1692818562.757521391,1692818563.767287016,1692818564.777055979,1692818565.782721758,1692818566.800677538,1692818567.697133541],"size":[0,0,0,0,0,0,0,0,0,0,0,0,0,0,0,0,0,0,0,0,0,0,0,0,0,0,0,0,0,0,0,0,0,0,0,0,0,0,0,0,0,0,0,0,0,0,0,0,0,0,0,0,0,0,0,0,0,0,0,0,0,0,0,0,0,0,0,0,0,0,0,0,0,0,0,0,0,0,0,0,0,0,0,0,0,0,0,0,0,0,0,0,0,0,0,0,0,0,0,0,0,0,0,0,0,0,0,0,0,0,0,0],"total_size":[1,1,1,1,1,1,1,1,1,1,1,1,1,1,1,1,1,1,1,1,1,1,1,1,1,1,1,1,1,1,1,1,1,1,1,1,1,1,1,1,1,1,1,1,1,1,1,1,1,1,1,1,1,1,1,1,1,1,1,1,1,1,1,1,1,1,1,1,1,1,1,1,1,1,1,1,1,1,1,1,1,1,1,1,1,1,1,1,1,1,1,1,1,1,1,1,1,1,1,1,1,1,1,1,1,1,1,1,1,1,1,0]},"__pool_1__":{"timestamps":[1692818455.946107626,1692818456.951785803,1692818457.953273773,1692818458.954824209,1692818459.960480690,1692818460.974364758,1692818461.975919008,1692818462.977485895,1692818463.999507427,1692818465.009265661,1692818466.010736942,1692818467.012261152,1692818468.022032499,1692818469.027724504,1692818470.037509203,1692818471.051423788,1692818472.053007603,1692818473.062776566,1692818474.072465420,1692818475.082234621,1692818476.096066713,1692818477.101741791,1692818478.111489773,1692818479.129438877,1692818480.139154673,1692818481.140714645,1692818482.146424055,1692818483.152123213,1692818484.157819510,1692818485.171664000,1692818486.173256636,1692818487.182911396,1692818488.196761131,1692818489.206521749,1692818490.220294476,1692818491.225976467,1692818492.239787817,1692818493.241370678,1692818494.242909670,1692818495.244431734,1692818496.246003389,1692818497.255780220,1692818498.265572071,1692818499.283520699,1692818500.289122105,1692818501.290674925,1692818502.292204618,1692818503.293696642,1692818504.307544231,1692818505.321406364,1692818506.331186056,1692818507.336878538,1692818508.342585564,1692818509.352302551,1692818510.357949257,1692818511.367742300,1692818512.373420238,1692818513.387262821,1692818514.392870426,1692818515.394452572,1692818516.396055222,1692818517.401728153,1692818518.411414862,1692818519.421181202,1692818520.430973053,1692818521.453011751,1692818522.454591513,1692818523.464385986,1692818524.470090866,1692818525.479846478,1692818526.485424995,1692818527.486987114,1692818528.500866890,1692818529.506481171,1692818530.520078421,1692818531.521630287,1692818532.527315140,1692818533.541179419,1692818534.555033684,1692818535.560707808,1692818536.566378117,1692818537.596610308,1692818538.606365681,1692818539.616137743,1692818540.625818491,1692818541.627135277,1692818542.628652334,1692818543.630211115,1692818544.635715723,1692818545.637281656,1692818546.642918825,1692818547.652641535,1692818548.658316612,1692818549.672197104,1692818550.677887201,1692818551.683573484,1692818552.693344593,1692818553.707170725,1692818554.716932297,1692818555.722608328,1692818556.736452818,1692818557.742035389,1692818558.743387699,1692818559.744910002,1692818560.746325970,1692818561.751857042,1692818562.757521391,1692818563.767287016,1692818564.777055979,1692818565.782721758,1692818566.800677538,1692818567.697133541],"size":[0,0,0,0,0,0,0,0,0,0,0,0,0,0,0,0,0,0,0,0,0,0,0,0,0,0,0,0,0,0,0,0,0,0,0,0,0,0,0,0,0,0,0,0,0,0,0,0,0,0,0,0,0,0,0,0,0,0,0,0,0,0,0,0,0,0,0,0,0,0,0,0,0,0,0,0,0,0,0,0,0,0,0,0,0,0,0,0,0,0,0,0,0,0,0,0,0,0,0,0,0,0,0,0,0,0,0,0,0,0,0,0],"total_size":[0,0,0,0,0,0,0,0,0,0,0,0,0,0,0,0,0,0,0,0,0,0,0,0,0,0,0,0,0,0,0,0,0,0,0,0,0,0,0,0,0,0,0,0,0,0,0,0,0,0,0,0,0,0,0,0,0,0,0,0,0,0,0,0,0,0,0,0,0,0,0,0,0,0,0,0,0,0,0,0,0,0,0,0,0,0,0,0,0,0,0,0,0,0,0,0,0,0,0,0,0,0,0,0,0,0,0,0,0,0,0,0]},