{"address":"ofi+verbs;ofi_rxm://10.201.1.238:54097","progress_loop":{"progress_with_timeout":{"num":1110,"min":0.034124374,"max":0.104263067,"avg":0.100705568,"var":0.006814894,"sum":111.783180475},"progress_timeout_value_msec":{"num":1110,"min":100.000000000,"max":100.000000000,"avg":100.000000000,"var":0.000000000,"sum":111000.000000000},"progress_without_timeout":{"num":3736,"min":0.000001431,"max":0.016033888,"avg":0.000006656,"var":0.000259316,"sum":0.024867773},"trigger":{"num":2,"min":0.000007391,"max":0.000032663,"avg":0.000020027,"var":0.000000000,"sum":0.000040054}},"rpcs":{"65535:65535:3542155263:65535":{"rpc_id":3542155263,"provider_id":65535,"parent_rpc_id":65535,"parent_provider_id":65535,"name":"__shutdown__","target":{"received from ofi+verbs;ofi_rxm://10.201.1.212:36453":{"handler":{"duration":{"num":1,"min":0.000018120,"max":0.000018120,"avg":0.000018120,"var":0.000000000,"sum":0.000018120}},"ult":{"duration":{"num":1,"min":0.012004137,"max":0.012004137,"avg":0.012004137,"var":0.000000000,"sum":0.012004137},"relative_timestamp_from_handler_start":{"num":1,"min":0.009223938,"max":0.009223938,"avg":0.009223938,"var":0.000000000,"sum":0.009223938}},"irespond":{"duration":{"num":1,"min":0.003236771,"max":0.003236771,"avg":0.003236771,"var":0.000000000,"sum":0.003236771},"relative_timestamp_from_ult_start":{"num":1,"min":0.000001431,"max":0.000001431,"avg":0.000001431,"var":0.000000000,"sum":0.000001431}},"respond_cb":{"duration":{"num":1,"min":0.000003815,"max":0.000003815,"avg":0.000003815,"var":0.000000000,"sum":0.000003815},"relative_timestamp_from_irespond_start":{"num":1,"min":0.003258944,"max":0.003258944,"avg":0.003258944,"var":0.000000000,"sum":0.003258944}},"irespond_wait":{"duration":{"num":1,"min":0.008760452,"max":0.008760452,"avg":0.008760452,"var":0.000000000,"sum":0.008760452},"relative_timestamp_from_irespond_end":{"num":1,"min":0.000001192,"max":0.000001192,"avg":0.000001192,"var":0.000000000,"sum":0.000001192}},"set_output":{"duration":{"num":1,"min":0.000001907,"max":0.000001907,"avg":0.000001907,"var":0.000000000,"sum":0.000001907},"relative_timestamp_from_irespond_start":{"num":1,"min":0.000003815,"max":0.000003815,"avg":0.000003815,"var":0.000000000,"sum":0.000003815}},"get_input":{"duration":{"num":0,"min":0.000000000,"max":0.000000000,"avg":0.000000000,"var":0.000000000,"sum":0.000000000},"relative_timestamp_from_ult_start":{"num":0,"min":0.000000000,"max":0.000000000,"avg":0.000000000,"var":0.000000000,"sum":0.000000000}}}}}}}