{"address":"ofi+verbs;ofi_rxm://10.201.1.241:44070","progress_loop":{"progress_with_timeout":{"num":1115,"min":0.026213646,"max":0.104256153,"avg":0.100266381,"var":0.006307134,"sum":111.797014952},"progress_timeout_value_msec":{"num":1115,"min":100.000000000,"max":100.000000000,"avg":100.000000000,"var":0.000000000,"sum":111500.000000000},"progress_without_timeout":{"num":5713,"min":0.000001431,"max":0.002239704,"avg":0.000002363,"var":0.000005022,"sum":0.013500214},"trigger":{"num":2,"min":0.000031471,"max":0.010878801,"avg":0.005455136,"var":0.000058832,"sum":0.010910273}},"rpcs":{"65535:65535:3542155263:65535":{"rpc_id":3542155263,"provider_id":65535,"parent_rpc_id":65535,"parent_provider_id":65535,"name":"__shutdown__","target":{"received from ofi+verbs;ofi_rxm://10.201.1.212:36453":{"handler":{"duration":{"num":1,"min":0.000017166,"max":0.000017166,"avg":0.000017166,"var":0.000000000,"sum":0.000017166}},"ult":{"duration":{"num":1,"min":0.047899246,"max":0.047899246,"avg":0.047899246,"var":0.000000000,"sum":0.047899246},"relative_timestamp_from_handler_start":{"num":1,"min":0.003475666,"max":0.003475666,"avg":0.003475666,"var":0.000000000,"sum":0.003475666}},"irespond":{"duration":{"num":1,"min":0.024992943,"max":0.024992943,"avg":0.024992943,"var":0.000000000,"sum":0.024992943},"relative_timestamp_from_ult_start":{"num":1,"min":0.000002384,"max":0.000002384,"avg":0.000002384,"var":0.000000000,"sum":0.000002384}},"respond_cb":{"duration":{"num":1,"min":0.010874987,"max":0.010874987,"avg":0.010874987,"var":0.000000000,"sum":0.010874987},"relative_timestamp_from_irespond_start":{"num":1,"min":0.025015831,"max":0.025015831,"avg":0.025015831,"var":0.000000000,"sum":0.025015831}},"irespond_wait":{"duration":{"num":1,"min":0.022898197,"max":0.022898197,"avg":0.022898197,"var":0.000000000,"sum":0.022898197},"relative_timestamp_from_irespond_end":{"num":1,"min":0.000001431,"max":0.000001431,"avg":0.000001431,"var":0.000000000,"sum":0.000001431}},"set_output":{"duration":{"num":1,"min":0.000001431,"max":0.000001431,"avg":0.000001431,"var":0.000000000,"sum":0.000001431},"relative_timestamp_from_irespond_start":{"num":1,"min":0.000003576,"max":0.000003576,"avg":0.000003576,"var":0.000000000,"sum":0.000003576}},"get_input":{"duration":{"num":0,"min":0.000000000,"max":0.000000000,"avg":0.000000000,"var":0.000000000,"sum":0.000000000},"relative_timestamp_from_ult_start":{"num":0,"min":0.000000000,"max":0.000000000,"avg":0.000000000,"var":0.000000000,"sum":0.000000000}}}}}}}