{"address":"ofi+verbs;ofi_rxm://10.201.1.241:42373","rpcs":{},"pools":{"__primary__":{"timestamps":[1692818465.956819296,1692818466.972830534,1692818467.989590168,1692818468.997883320,1692818470.013126850,1692818471.013396025,1692818472.014197350,1692818473.029175282,1692818474.029510498,1692818475.045615911,1692818476.045860291,1692818477.046113968,1692818478.061523676,1692818479.089530706,1692818480.089886904,1692818481.105179787,1692818482.121204853,1692818483.137198448,1692818484.137551785,1692818485.137808561,1692818486.165168524,1692818487.165416241,1692818488.165664673,1692818489.165916443,1692818490.170264959,1692818491.197169542,1692818492.201653957,1692818493.297961712,1692818494.321711063,1692818495.349337816,1692818496.377321243,1692818497.393332481,1692818498.397675276,1692818499.397924185,1692818500.409323692,1692818501.425326347,1692818502.441318989,1692818503.469341993,1692818504.485316515,1692818505.489656687,1692818506.501780987,1692818507.502017498,1692818508.513310432,1692818509.529321909,1692818510.545256615,1692818511.545587301,1692818512.562026739,1692818513.593680859,1692818514.598134756,1692818515.598391533,1692818516.598640442,1692818517.609309912,1692818518.625319719,1692818519.641320229,1692818520.641568184,1692818521.666592836,1692818522.666846275,1692818523.693317890,1692818524.697670221,1692818525.794114351,1692818526.794353962,1692818527.794639826,1692818528.794993162,1692818529.795393944,1692818530.809481859,1692818531.809733391,1692818532.814068079,1692818533.825475216,1692818534.841507196,1692818535.841739655,1692818536.861916780,1692818537.866269588,1692818538.889444590,1692818539.889692783,1692818540.889926910,1692818541.905454397,1692818542.905819893,1692818543.925925732,1692818545.022232533,1692818546.030676126,1692818547.126975775,1692818548.223291874,1692818549.246485710,1692818550.270291567,1692818551.290393114,1692818552.294735432,1692818553.391044617,1692818554.404429436,1692818555.404620409,1692818556.426280737,1692818557.462377787,1692818558.482219219,1692818559.510177135,1692818560.514526606,1692818561.606695414,1692818562.642326117,1692818563.646636248,1692818564.738821983,1692818565.758501530,1692818566.770400524,1692818567.847709417,1692818567.847741127],"size":[0,0,0,0,0,0,0,0,0,0,0,0,0,0,0,0,0,0,0,0,0,0,0,0,0,0,0,0,0,0,0,0,0,0,0,0,0,0,0,0,0,0,0,0,0,0,0,0,0,0,0,0,0,0,0,0,0,0,0,0,0,0,0,0,0,0,0,0,0,0,0,0,0,0,0,0,0,0,0,0,0,0,0,0,0,0,0,0,0,0,0,0,0,0,0,0,0,0,0,0,0,0],"total_size":[1,1,1,1,1,1,1,1,1,1,1,1,1,1,1,1,1,1,1,1,1,1,1,1,1,1,1,1,1,1,1,1,1,1,1,1,1,1,1,1,1,1,1,1,1,1,1,1,1,1,1,1,1,1,1,1,1,1,1,1,1,1,1,1,1,1,1,1,1,1,1,1,1,1,1,1,1,1,1,1,1,1,1,1,1,1,1,1,1,1,1,1,1,1,1,1,1,1,1,1,1,0]}}}