{"address":"ofi+verbs;ofi_rxm://10.201.1.212:36453","rpcs":{},"pools":{"__primary__":{"timestamps":[1692818465.955191374,1692818466.989443302,1692818468.018316507,1692818469.053503990,1692818470.064893961,1692818471.092925549,1692818472.132930756,1692818473.133732557,1692818474.144929171,1692818475.172253132,1692818476.212929249,1692818477.213109732,1692818478.237462997,1692818479.265406370,1692818480.290042162,1692818481.313505650,1692818482.339924812,1692818483.348931074,1692818484.349111557,1692818485.373425961,1692818486.384932995,1692818487.408892393,1692818488.409111261,1692818489.429517269,1692818490.440926790,1692818491.468928814,1692818492.496925116,1692818493.520938635,1692818494.548936605,1692818495.549172878,1692818496.560932875,1692818497.561219931,1692818498.573016167,1692818499.573195219,1692818500.585422039,1692818501.601438522,1692818502.629422188,1692818503.649424791,1692818504.665426254,1692818505.681433439,1692818506.692925453,1692818507.693103313,1692818508.704935551,1692818509.705128908,1692818510.716932058,1692818511.724765539,1692818512.741537094,1692818513.773407936,1692818514.784944773,1692818515.785116911,1692818516.796927691,1692818517.797097445,1692818518.821434021,1692818519.849433422,1692818520.865439653,1692818521.876891613,1692818522.904924154,1692818523.905110598,1692818524.917428732,1692818525.928927422,1692818526.956935883,1692818527.984880924,1692818529.012926102,1692818530.013114452,1692818531.025533199,1692818532.057423592,1692818533.068931341,1692818534.096888542,1692818535.097105980,1692818536.109423161,1692818537.120942593,1692818538.148926735,1692818539.176932573,1692818540.204888821,1692818541.205110312,1692818542.216924429,1692818543.217034578,1692818544.228927612,1692818545.272934675,1692818546.300936937,1692818547.328926802,1692818548.329108953,1692818549.341507912,1692818550.373417854,1692818551.384932041,1692818552.385187387,1692818553.396938801,1692818554.424933910,1692818555.448888779,1692818556.476932526,1692818557.477113485,1692818558.488933086,1692818559.489118099,1692818560.501398325,1692818561.512933254,1692818562.513227701,1692818563.536669493,1692818564.569392681,1692818565.580889702,1692818566.581105709,1692818567.648359776,1692818567.844161749],"size":[0,0,0,0,0,0,0,0,0,0,0,0,0,0,0,0,0,0,0,0,0,0,0,0,0,0,0,0,0,0,0,0,0,0,0,0,0,0,0,0,0,0,0,0,0,0,0,0,0,0,0,0,0,0,0,0,0,0,0,0,0,0,0,0,0,0,0,0,0,0,0,0,0,0,0,0,0,0,0,0,0,0,0,0,0,0,0,0,0,0,0,0,0,0,0,0,0,0,0,0,0,0],"total_size":[1,1,1,1,1,1,1,1,1,1,1,1,1,1,1,1,1,1,1,1,1,1,1,1,1,1,1,1,1,1,1,1,1,1,1,1,1,1,1,1,1,1,1,1,1,1,1,1,1,1,1,1,1,1,1,1,1,1,1,1,1,1,1,1,1,1,1,1,1,1,1,1,1,1,1,1,1,1,1,1,1,1,1,1,1,1,1,1,1,1,1,1,1,1,1,1,1,1,1,1,1,0]}}}