{"address":"ofi+verbs;ofi_rxm://10.201.1.219:42458","rpcs":{},"pools":{"__primary__":{"timestamps":[1692818465.954713345,1692818466.987408638,1692818468.005634785,1692818469.089246035,1692818470.089877129,1692818471.120928526,1692818472.133002043,1692818473.161582947,1692818474.172075748,1692818475.172232866,1692818476.213003874,1692818477.241007805,1692818478.249264002,1692818479.289369822,1692818480.313356400,1692818481.331652641,1692818482.373259544,1692818483.373425007,1692818484.385251522,1692818485.385427475,1692818486.413240910,1692818487.413411379,1692818488.437006950,1692818489.441282272,1692818490.441543102,1692818491.473005533,1692818492.508990765,1692818493.517248631,1692818494.537053823,1692818495.589003801,1692818496.605004549,1692818497.609348536,1692818498.609519005,1692818499.635476589,1692818500.645253181,1692818501.673243761,1692818502.673375845,1692818503.689018488,1692818504.705006838,1692818505.721015453,1692818506.736998081,1692818507.745251179,1692818508.762860537,1692818509.767148733,1692818510.793084621,1692818511.813085556,1692818512.825246096,1692818513.869253635,1692818514.893705845,1692818515.908996820,1692818516.928990841,1692818517.937203884,1692818518.965249777,1692818519.965423346,1692818520.989007711,1692818522.005009413,1692818523.021008015,1692818524.037014246,1692818525.044296026,1692818526.069205523,1692818527.097256899,1692818528.097422838,1692818529.109245539,1692818530.133252144,1692818531.161245346,1692818532.161535263,1692818533.173244238,1692818534.187430620,1692818535.213249683,1692818536.213424206,1692818537.225257397,1692818538.225421190,1692818539.237245798,1692818540.237419605,1692818541.249063015,1692818542.292995930,1692818543.313193321,1692818544.349083900,1692818545.445448875,1692818546.445620537,1692818547.469084501,1692818548.501105070,1692818549.509365559,1692818550.509652376,1692818551.521361828,1692818552.549362421,1692818553.549540043,1692818554.561364412,1692818555.589385033,1692818556.589534998,1692818557.601364374,1692818558.601533175,1692818559.613365412,1692818560.635296822,1692818561.635452986,1692818562.657084703,1692818563.685085297,1692818564.685361385,1692818565.713368177,1692818566.713546038,1692818567.844296217,1692818567.844324350],"size":[0,0,0,0,0,0,0,0,0,0,0,0,0,0,0,0,0,0,0,0,0,0,0,0,0,0,0,0,0,0,0,0,0,0,0,0,0,0,0,0,0,0,0,0,0,0,0,0,0,0,0,0,0,0,0,0,0,0,0,0,0,0,0,0,0,0,0,0,0,0,0,0,0,0,0,0,0,0,0,0,0,0,0,0,0,0,0,0,0,0,0,0,0,0,0,0,0,0,0,0,0,0],"total_size":[1,1,1,1,1,1,1,1,1,1,1,1,1,1,1,1,1,1,1,1,1,1,1,1,1,1,1,1,1,1,1,1,1,1,1,1,1,1,1,1,1,1,1,1,1,1,1,1,1,1,1,1,1,1,1,1,1,1,1,1,1,1,1,1,1,1,1,1,1,1,1,1,1,1,1,1,1,1,1,1,1,1,1,1,1,1,1,1,1,1,1,1,1,1,1,1,1,1,1,1,1,0]}}}