{"address":"ofi+verbs;ofi_rxm://10.201.1.238:38890","rpcs":{},"pools":{"__primary__":{"timestamps":[1692818465.953371763,1692818466.979234934,1692818467.997449160,1692818469.041527510,1692818470.062229872,1692818471.081178665,1692818472.081460476,1692818473.097634315,1692818474.113524675,1692818475.113861322,1692818476.114197493,1692818477.114440680,1692818478.129191399,1692818479.129468441,1692818480.145527124,1692818481.161642790,1692818482.177541256,1692818483.177770138,1692818484.201162815,1692818485.201412201,1692818486.201635122,1692818487.205981493,1692818488.225551367,1692818489.225793123,1692818490.241124392,1692818491.273151636,1692818492.289153099,1692818493.289449215,1692818494.309535265,1692818495.309774637,1692818496.310027838,1692818497.310261011,1692818498.314579487,1692818499.329530239,1692818500.357567072,1692818501.373545885,1692818502.390253782,1692818503.405535460,1692818504.433539391,1692818505.433774471,1692818506.449109793,1692818507.449429989,1692818508.449658394,1692818509.477156639,1692818510.493152618,1692818511.493386984,1692818512.517530680,1692818513.561518192,1692818514.561756372,1692818515.561984777,1692818516.577537060,1692818517.597533941,1692818518.621547461,1692818519.637537479,1692818520.657525778,1692818521.673481464,1692818522.701547623,1692818523.729533195,1692818524.753535509,1692818525.781536102,1692818526.781782389,1692818527.797168732,1692818528.813122272,1692818529.813424587,1692818530.829545259,1692818531.885532141,1692818532.901543379,1692818533.917507172,1692818534.937538862,1692818535.937900305,1692818536.953161001,1692818537.969275713,1692818538.969642401,1692818539.969887018,1692818540.970271111,1692818541.974603653,1692818543.070848703,1692818544.094305038,1692818545.094565630,1692818546.094797850,1692818547.109697104,1692818548.109939337,1692818549.110180616,1692818550.149681330,1692818551.149935961,1692818552.154278517,1692818553.189671993,1692818554.189921856,1692818555.190176010,1692818556.194533110,1692818557.295015097,1692818558.305833578,1692818559.330797911,1692818560.427209616,1692818561.437612534,1692818562.473638535,1692818563.489645481,1692818564.489889145,1692818565.505976439,1692818566.521965027,1692818567.842749596,1692818567.842770815],"size":[0,0,0,0,0,0,0,0,0,0,0,0,0,0,0,0,0,0,0,0,0,0,0,0,0,0,0,0,0,0,0,0,0,0,0,0,0,0,0,0,0,0,0,0,0,0,0,0,0,0,0,0,0,0,0,0,0,0,0,0,0,0,0,0,0,0,0,0,0,0,0,0,0,0,0,0,0,0,0,0,0,0,0,0,0,0,0,0,0,0,0,0,0,0,0,0,0,0,0,0,0,0],"total_size":[1,1,1,1,1,1,1,1,1,1,1,1,1,1,1,1,1,1,1,1,1,1,1,1,1,1,1,1,1,1,1,1,1,1,1,1,1,1,1,1,1,1,1,1,1,1,1,1,1,1,1,1,1,1,1,1,1,1,1,1,1,1,1,1,1,1,1,1,1,1,1,1,1,1,1,1,1,1,1,1,1,1,1,1,1,1,1,1,1,1,1,1,1,1,1,1,1,1,1,1,1,0]}}}