{"address":"ofi+verbs;ofi_rxm://10.201.1.238:38890","progress_loop":{"progress_with_timeout":{"num":1055,"min":0.000838995,"max":0.104265213,"avg":0.096069473,"var":0.386962013,"sum":101.353293657},"progress_timeout_value_msec":{"num":1055,"min":100.000000000,"max":100.000000000,"avg":100.000000000,"var":0.000000000,"sum":105500.000000000},"progress_without_timeout":{"num":0,"min":0.000000000,"max":0.000000000,"avg":0.000000000,"var":0.000000000,"sum":0.000000000},"trigger":{"num":100,"min":0.000004053,"max":0.000010967,"avg":0.000005753,"var":0.000000000,"sum":0.000575304}},"rpcs":{"65535:65535:1471021055:0":{"rpc_id":1471021055,"provider_id":0,"parent_rpc_id":65535,"parent_provider_id":65535,"name":"sum","origin":{"sent to ofi+verbs;ofi_rxm://10.201.1.212:43569":{"iforward":{"duration":{"num":21,"min":0.000018358,"max":0.001959562,"avg":0.000117654,"var":0.000003562,"sum":0.002470732},"relative_timestamp_from_create":{"num":21,"min":0.000001669,"max":0.000004292,"avg":0.000002838,"var":0.000000000,"sum":0.000059605}},"forward_cb":{"duration":{"num":21,"min":0.000001907,"max":0.000004768,"avg":0.000002452,"var":0.000000000,"sum":0.000051498},"relative_timestamp_from_iforward_start":{"num":21,"min":1.000191212,"max":1.035970688,"avg":1.008359444,"var":0.003137643,"sum":21.175548315}},"iforward_wait":{"duration":{"num":21,"min":1.000174284,"max":1.035954952,"avg":1.008251905,"var":0.003086967,"sum":21.173290014},"relative_timestamp_from_iforward_end":{"num":21,"min":0.000000954,"max":0.000001669,"avg":0.000001362,"var":0.000000000,"sum":0.000028610}},"set_input":{"duration":{"num":21,"min":0.000003815,"max":0.000007153,"avg":0.000006381,"var":0.000000000,"sum":0.000133991},"relative_timestamp_from_iforward_start":{"num":21,"min":0.000010729,"max":0.000018120,"avg":0.000013397,"var":0.000000000,"sum":0.000281334}},"get_output":{"duration":{"num":0,"min":0.000000000,"max":0.000000000,"avg":0.000000000,"var":0.000000000,"sum":0.000000000},"relative_timestamp_from_wait_end":{"num":0,"min":0.000000000,"max":0.000000000,"avg":0.000000000,"var":0.000000000,"sum":0.000000000}}}}},"65535:65535:1161428991:1":{"rpc_id":1161428991,"provider_id":1,"parent_rpc_id":65535,"parent_provider_id":65535,"name":"prod","origin":{"sent to ofi+verbs;ofi_rxm://10.201.1.219:47038":{"iforward":{"duration":{"num":33,"min":0.000016689,"max":0.001892805,"avg":0.000084241,"var":0.000003375,"sum":0.002779961},"relative_timestamp_from_create":{"num":33,"min":0.000001907,"max":0.000003576,"avg":0.000002875,"var":0.000000000,"sum":0.000094891}},"forward_cb":{"duration":{"num":33,"min":0.000001431,"max":0.000003338,"avg":0.000002449,"var":0.000000000,"sum":0.000080824},"relative_timestamp_from_iforward_start":{"num":33,"min":1.000178814,"max":1.039458513,"avg":1.014503060,"var":0.003715803,"sum":33.478600979}},"iforward_wait":{"duration":{"num":33,"min":1.000158787,"max":1.039444208,"avg":1.014428124,"var":0.003694529,"sum":33.476128101},"relative_timestamp_from_iforward_end":{"num":33,"min":0.000000954,"max":0.000001907,"avg":0.000001409,"var":0.000000000,"sum":0.000046492}},"set_input":{"duration":{"num":33,"min":0.000003815,"max":0.000007629,"avg":0.000006473,"var":0.000000000,"sum":0.000213623},"relative_timestamp_from_iforward_start":{"num":33,"min":0.000009060,"max":0.000028133,"avg":0.000014428,"var":0.000000000,"sum":0.000476122}},"get_output":{"duration":{"num":0,"min":0.000000000,"max":0.000000000,"avg":0.000000000,"var":0.000000000,"sum":0.000000000},"relative_timestamp_from_wait_end":{"num":0,"min":0.000000000,"max":0.000000000,"avg":0.000000000,"var":0.000000000,"sum":0.000000000}}}}},"65535:65535:1471021055:1":{"rpc_id":1471021055,"provider_id":1,"parent_rpc_id":65535,"parent_provider_id":65535,"name":"sum","origin":{"sent to ofi+verbs;ofi_rxm://10.201.1.219:47038":{"iforward":{"duration":{"num":29,"min":0.000017405,"max":0.000034809,"avg":0.000026177,"var":0.000000000,"sum":0.000759125},"relative_timestamp_from_create":{"num":29,"min":0.000001907,"max":0.000003815,"avg":0.000002845,"var":0.000000000,"sum":0.000082493}},"forward_cb":{"duration":{"num":29,"min":0.000001669,"max":0.000002861,"avg":0.000002343,"var":0.000000000,"sum":0.000067949},"relative_timestamp_from_iforward_start":{"num":29,"min":1.000195980,"max":1.055950642,"avg":1.015407036,"var":0.006811455,"sum":29.446804047}},"iforward_wait":{"duration":{"num":29,"min":1.000180960,"max":1.055935860,"avg":1.015390026,"var":0.006811316,"sum":29.446310759},"relative_timestamp_from_iforward_end":{"num":29,"min":0.000001192,"max":0.000001907,"avg":0.000001431,"var":0.000000000,"sum":0.000041485}},"set_input":{"duration":{"num":29,"min":0.000003338,"max":0.000007629,"avg":0.000006330,"var":0.000000000,"sum":0.000183582},"relative_timestamp_from_iforward_start":{"num":29,"min":0.000010252,"max":0.000020981,"avg":0.000013886,"var":0.000000000,"sum":0.000402689}},"get_output":{"duration":{"num":0,"min":0.000000000,"max":0.000000000,"avg":0.000000000,"var":0.000000000,"sum":0.000000000},"relative_timestamp_from_wait_end":{"num":0,"min":0.000000000,"max":0.000000000,"avg":0.000000000,"var":0.000000000,"sum":0.000000000}}}}},"65535:65535:1161428991:0":{"rpc_id":1161428991,"provider_id":0,"parent_rpc_id":65535,"parent_provider_id":65535,"name":"prod","origin":{"sent to ofi+verbs;ofi_rxm://10.201.1.212:43569":{"iforward":{"duration":{"num":17,"min":0.000024080,"max":0.000032902,"avg":0.000026549,"var":0.000000000,"sum":0.000451326},"relative_timestamp_from_create":{"num":17,"min":0.000002384,"max":0.000003576,"avg":0.000002819,"var":0.000000000,"sum":0.000047922}},"forward_cb":{"duration":{"num":17,"min":0.000001669,"max":0.000002623,"avg":0.000002272,"var":0.000000000,"sum":0.000038624},"relative_timestamp_from_iforward_start":{"num":17,"min":1.000189304,"max":1.023350954,"avg":1.009632938,"var":0.001116593,"sum":17.163759947}},"iforward_wait":{"duration":{"num":17,"min":1.000173569,"max":1.023334980,"avg":1.009615576,"var":0.001116553,"sum":17.163464785},"relative_timestamp_from_iforward_end":{"num":17,"min":0.000000954,"max":0.000001669,"avg":0.000001388,"var":0.000000000,"sum":0.000023603}},"set_input":{"duration":{"num":17,"min":0.000006199,"max":0.000007629,"avg":0.000006606,"var":0.000000000,"sum":0.000112295},"relative_timestamp_from_iforward_start":{"num":17,"min":0.000012398,"max":0.000020504,"avg":0.000013997,"var":0.000000000,"sum":0.000237942}},"get_output":{"duration":{"num":0,"min":0.000000000,"max":0.000000000,"avg":0.000000000,"var":0.000000000,"sum":0.000000000},"relative_timestamp_from_wait_end":{"num":0,"min":0.000000000,"max":0.000000000,"avg":0.000000000,"var":0.000000000,"sum":0.000000000}}}}}}}