{"address":"ofi+verbs;ofi_rxm://10.201.1.219:42458","progress_loop":{"progress_with_timeout":{"num":1058,"min":0.000008345,"max":0.111207247,"avg":0.096183488,"var":0.341945898,"sum":101.762130260},"progress_timeout_value_msec":{"num":1058,"min":100.000000000,"max":100.000000000,"avg":100.000000000,"var":0.000000000,"sum":105800.000000000},"progress_without_timeout":{"num":0,"min":0.000000000,"max":0.000000000,"avg":0.000000000,"var":0.000000000,"sum":0.000000000},"trigger":{"num":100,"min":0.000003099,"max":0.000006676,"avg":0.000004060,"var":0.000000000,"sum":0.000406027}},"rpcs":{"65535:65535:1471021055:0":{"rpc_id":1471021055,"provider_id":0,"parent_rpc_id":65535,"parent_provider_id":65535,"name":"sum","origin":{"sent to ofi+verbs;ofi_rxm://10.201.1.212:43569":{"iforward":{"duration":{"num":33,"min":0.000012159,"max":0.001894951,"avg":0.000071728,"var":0.000003428,"sum":0.002367020},"relative_timestamp_from_create":{"num":33,"min":0.000000954,"max":0.000003815,"avg":0.000001943,"var":0.000000000,"sum":0.000064135}},"forward_cb":{"duration":{"num":33,"min":0.000000954,"max":0.000002861,"avg":0.000001727,"var":0.000000000,"sum":0.000056982},"relative_timestamp_from_iforward_start":{"num":33,"min":1.000135899,"max":1.051940918,"avg":1.013859734,"var":0.007553269,"sum":33.457371235}},"iforward_wait":{"duration":{"num":33,"min":1.000128508,"max":1.051925182,"avg":1.013794328,"var":0.007480995,"sum":33.455212831},"relative_timestamp_from_iforward_end":{"num":33,"min":0.000000715,"max":0.000001431,"avg":0.000001156,"var":0.000000000,"sum":0.000038147}},"set_input":{"duration":{"num":33,"min":0.000003338,"max":0.000006437,"avg":0.000004183,"var":0.000000000,"sum":0.000138044},"relative_timestamp_from_iforward_start":{"num":33,"min":0.000005245,"max":0.000016928,"avg":0.000007442,"var":0.000000000,"sum":0.000245571}},"get_output":{"duration":{"num":0,"min":0.000000000,"max":0.000000000,"avg":0.000000000,"var":0.000000000,"sum":0.000000000},"relative_timestamp_from_wait_end":{"num":0,"min":0.000000000,"max":0.000000000,"avg":0.000000000,"var":0.000000000,"sum":0.000000000}}}}},"65535:65535:1161428991:0":{"rpc_id":1161428991,"provider_id":0,"parent_rpc_id":65535,"parent_provider_id":65535,"name":"prod","origin":{"sent to ofi+verbs;ofi_rxm://10.201.1.212:43569":{"iforward":{"duration":{"num":23,"min":0.000011683,"max":0.000022888,"avg":0.000014720,"var":0.000000000,"sum":0.000338554},"relative_timestamp_from_create":{"num":23,"min":0.000001431,"max":0.000002384,"avg":0.000001918,"var":0.000000000,"sum":0.000044107}},"forward_cb":{"duration":{"num":23,"min":0.000000954,"max":0.000002384,"avg":0.000001586,"var":0.000000000,"sum":0.000036478},"relative_timestamp_from_iforward_start":{"num":23,"min":1.000149488,"max":1.040747404,"avg":1.016363185,"var":0.003147237,"sum":23.376353264}},"iforward_wait":{"duration":{"num":23,"min":1.000142574,"max":1.040741444,"avg":1.016355038,"var":0.003146927,"sum":23.376165867},"relative_timestamp_from_iforward_end":{"num":23,"min":0.000000954,"max":0.000001907,"avg":0.000001130,"var":0.000000000,"sum":0.000025988}},"set_input":{"duration":{"num":23,"min":0.000002861,"max":0.000006437,"avg":0.000004105,"var":0.000000000,"sum":0.000094414},"relative_timestamp_from_iforward_start":{"num":23,"min":0.000005007,"max":0.000013351,"avg":0.000007184,"var":0.000000000,"sum":0.000165224}},"get_output":{"duration":{"num":0,"min":0.000000000,"max":0.000000000,"avg":0.000000000,"var":0.000000000,"sum":0.000000000},"relative_timestamp_from_wait_end":{"num":0,"min":0.000000000,"max":0.000000000,"avg":0.000000000,"var":0.000000000,"sum":0.000000000}}}}},"65535:65535:1471021055:1":{"rpc_id":1471021055,"provider_id":1,"parent_rpc_id":65535,"parent_provider_id":65535,"name":"sum","origin":{"sent to ofi+verbs;ofi_rxm://10.201.1.219:47038":{"iforward":{"duration":{"num":17,"min":0.000011683,"max":0.001409769,"avg":0.000095886,"var":0.000001834,"sum":0.001630068},"relative_timestamp_from_create":{"num":17,"min":0.000000954,"max":0.000002384,"avg":0.000001865,"var":0.000000000,"sum":0.000031710}},"forward_cb":{"duration":{"num":17,"min":0.000000954,"max":0.000001907,"avg":0.000001515,"var":0.000000000,"sum":0.000025749},"relative_timestamp_from_iforward_start":{"num":17,"min":1.000168562,"max":1.083630800,"avg":1.021890051,"var":0.006544395,"sum":17.372130871}},"iforward_wait":{"duration":{"num":17,"min":1.000160456,"max":1.082226515,"avg":1.021800350,"var":0.006373842,"sum":17.370605946},"relative_timestamp_from_iforward_end":{"num":17,"min":0.000000954,"max":0.000001907,"avg":0.000001178,"var":0.000000000,"sum":0.000020027}},"set_input":{"duration":{"num":17,"min":0.000003338,"max":0.000004530,"avg":0.000003829,"var":0.000000000,"sum":0.000065088},"relative_timestamp_from_iforward_start":{"num":17,"min":0.000005484,"max":0.000012398,"avg":0.000006900,"var":0.000000000,"sum":0.000117302}},"get_output":{"duration":{"num":0,"min":0.000000000,"max":0.000000000,"avg":0.000000000,"var":0.000000000,"sum":0.000000000},"relative_timestamp_from_wait_end":{"num":0,"min":0.000000000,"max":0.000000000,"avg":0.000000000,"var":0.000000000,"sum":0.000000000}}}}},"65535:65535:1161428991:1":{"rpc_id":1161428991,"provider_id":1,"parent_rpc_id":65535,"parent_provider_id":65535,"name":"prod","origin":{"sent to ofi+verbs;ofi_rxm://10.201.1.219:47038":{"iforward":{"duration":{"num":27,"min":0.000012875,"max":0.000018597,"avg":0.000014676,"var":0.000000000,"sum":0.000396252},"relative_timestamp_from_create":{"num":27,"min":0.000001192,"max":0.000002384,"avg":0.000001872,"var":0.000000000,"sum":0.000050545}},"forward_cb":{"duration":{"num":27,"min":0.000000954,"max":0.000002146,"avg":0.000001695,"var":0.000000000,"sum":0.000045776},"relative_timestamp_from_iforward_start":{"num":27,"min":1.000280857,"max":1.041572332,"avg":1.017163462,"var":0.002396223,"sum":27.463413477}},"iforward_wait":{"duration":{"num":27,"min":1.000271082,"max":1.041567087,"avg":1.017155011,"var":0.002396546,"sum":27.463185310},"relative_timestamp_from_iforward_end":{"num":27,"min":0.000000715,"max":0.000001907,"avg":0.000001113,"var":0.000000000,"sum":0.000030041}},"set_input":{"duration":{"num":27,"min":0.000003099,"max":0.000004768,"avg":0.000003938,"var":0.000000000,"sum":0.000106335},"relative_timestamp_from_iforward_start":{"num":27,"min":0.000005722,"max":0.000011444,"avg":0.000007241,"var":0.000000000,"sum":0.000195503}},"get_output":{"duration":{"num":0,"min":0.000000000,"max":0.000000000,"avg":0.000000000,"var":0.000000000,"sum":0.000000000},"relative_timestamp_from_wait_end":{"num":0,"min":0.000000000,"max":0.000000000,"avg":0.000000000,"var":0.000000000,"sum":0.000000000}}}}}}}