{"address":"ofi+verbs;ofi_rxm://10.201.1.212:43569","rpcs":{"sum:0":{"timestamps":[1692818465.976950169,1692818466.976953030,1692818467.976955652,1692818468.976956844,1692818469.980775118,1692818470.980779171,1692818471.980783224,1692818472.980787277,1692818473.980787516,1692818474.980789661,1692818475.980790854,1692818476.980791092,1692818477.980793238,1692818478.989457369,1692818479.989458084,1692818480.989461422,1692818481.989462614,1692818482.989462852,1692818483.989464998,1692818484.989465475,1692818485.989467621,1692818486.989471436,1692818487.989474297,1692818488.989476681,1692818489.989481211,1692818490.989483833,1692818491.989485264,1692818492.989489079,1692818493.989490509,1692818494.989492416,1692818495.989492655,1692818496.989495516,1692818497.989499569,1692818498.989500999,1692818499.989505053,1692818500.989505291,1692818501.989508629,1692818502.989511013,1692818503.989513636,1692818504.989515781,1692818505.989518881,1692818506.989523649,1692818507.989524841,1692818508.989528894,1692818509.989531755,1692818510.989536285,1692818512.049001217,1692818513.049899817,1692818514.049900055,1692818515.049900532,1692818516.049904823,1692818517.049906731,1692818518.049907684,1692818519.049909830,1692818520.049912930,1692818521.049916983,1692818522.049918175,1692818523.049921751,1692818524.068842649,1692818525.068844795,1692818526.068849564,1692818527.068853140,1692818528.068854809,1692818529.068855762,1692818530.068859339,1692818531.068862677,1692818532.076772451,1692818533.076777935,1692818534.076778173,1692818535.076783180,1692818536.076790094,1692818537.076795101,1692818538.076799870,1692818539.092773676,1692818540.092773914,1692818541.092776537,1692818542.092778921,1692818543.092781067,1692818544.092781305,1692818545.092782974,1692818546.092786074,1692818547.092789173,1692818548.092792511,1692818549.157451391,1692818550.157451868,1692818551.157455921,1692818552.217179775,1692818553.217184067,1692818554.217184305,1692818555.217185974,1692818556.217187166,1692818557.217191219,1692818558.217193365,1692818559.217194080,1692818560.217198133,1692818561.217200041,1692818562.217201233,1692818563.217201948,1692818564.217204094,1692818565.217206955,1692818566.217210054,1692818567.217214584,1692818567.632808447],"count":[3,0,1,0,0,3,1,1,0,3,0,2,0,0,0,1,0,4,0,2,0,2,0,1,0,4,0,2,0,3,0,2,0,2,0,1,0,2,0,2,0,1,0,3,0,1,0,0,0,1,0,1,0,2,0,2,0,2,0,2,0,4,0,1,0,1,0,2,0,1,1,3,1,1,2,2,2,0,2,0,2,1,1,0,1,1,0,1,1,2,2,1,2,1,0,2,1,1,0,1,1,0,0],"bulk_size":[0,0,0,0,0,0,0,0,0,0,0,0,0,0,0,0,0,0,0,0,0,0,0,0,0,0,0,0,0,0,0,0,0,0,0,0,0,0,0,0,0,0,0,0,0,0,0,0,0,0,0,0,0,0,0,0,0,0,0,0,0,0,0,0,0,0,0,0,0,0,0,0,0,0,0,0,0,0,0,0,0,0,0,0,0,0,0,0,0,0,0,0,0,0,0,0,0,0,0,0,0,0,0]},"prod:0":{"timestamps":[1692818466.976953030,1692818467.976955652,1692818468.976956844,1692818469.980775118,1692818470.980779171,1692818471.980783224,1692818472.980787277,1692818473.980787516,1692818474.980789661,1692818475.980790854,1692818476.980791092,1692818477.980793238,1692818478.989457369,1692818479.989458084,1692818480.989461422,1692818481.989462614,1692818482.989462852,1692818483.989464998,1692818484.989465475,1692818485.989467621,1692818486.989471436,1692818487.989474297,1692818488.989476681,1692818489.989481211,1692818490.989483833,1692818491.989485264,1692818492.989489079,1692818493.989490509,1692818494.989492416,1692818495.989492655,1692818496.989495516,1692818497.989499569,1692818498.989500999,1692818499.989505053,1692818500.989505291,1692818501.989508629,1692818502.989511013,1692818503.989513636,1692818504.989515781,1692818505.989518881,1692818506.989523649,1692818507.989524841,1692818508.989528894,1692818509.989531755,1692818510.989536285,1692818512.049001217,1692818513.049899817,1692818514.049900055,1692818515.049900532,1692818516.049904823,1692818517.049906731,1692818518.049907684,1692818519.049909830,1692818520.049912930,1692818521.049916983,1692818522.049918175,1692818523.049921751,1692818524.068842649,1692818525.068844795,1692818526.068849564,1692818527.068853140,1692818528.068854809,1692818529.068855762,1692818530.068859339,1692818531.068862677,1692818532.076772451,1692818533.076777935,1692818534.076778173,1692818535.076783180,1692818536.076790094,1692818537.076795101,1692818538.076799870,1692818539.092773676,1692818540.092773914,1692818541.092776537,1692818542.092778921,1692818543.092781067,1692818544.092781305,1692818545.092782974,1692818546.092786074,1692818547.092789173,1692818548.092792511,1692818549.157451391,1692818550.157451868,1692818551.157455921,1692818552.217179775,1692818553.217184067,1692818554.217184305,1692818555.217185974,1692818556.217187166,1692818557.217191219,1692818558.217193365,1692818559.217194080,1692818560.217198133,1692818561.217200041,1692818562.217201233,1692818563.217201948,1692818564.217204094,1692818565.217206955,1692818566.217210054,1692818567.217214584,1692818567.632808447],"count":[1,0,2,1,1,2,0,1,1,2,0,1,0,1,0,1,0,1,0,3,0,2,0,4,0,3,0,3,0,3,0,2,0,1,0,2,0,2,0,3,0,3,0,4,0,0,0,3,0,3,0,1,0,1,0,3,0,0,0,2,0,2,0,1,0,2,0,1,0,2,0,2,0,1,1,0,1,2,1,1,2,0,0,1,1,0,2,1,1,1,0,1,0,2,2,1,1,1,1,1,1,0],"bulk_size":[0,0,0,0,0,0,0,0,0,0,0,0,0,0,0,0,0,0,0,0,0,0,0,0,0,0,0,0,0,0,0,0,0,0,0,0,0,0,0,0,0,0,0,0,0,0,0,0,0,0,0,0,0,0,0,0,0,0,0,0,0,0,0,0,0,0,0,0,0,0,0,0,0,0,0,0,0,0,0,0,0,0,0,0,0,0,0,0,0,0,0,0,0,0,0,0,0,0,0,0,0,0]},"__shutdown__:65535":{"timestamps":[1692818567.632808447],"count":[1],"bulk_size":[0]}},"pools":{"__primary__":{"timestamps":[1692818455.946697235,1692818456.952364206,1692818457.953850031,1692818458.955307722,1692818459.956891060,1692818460.958441973,1692818461.968203306,1692818462.969770670,1692818463.971306562,1692818464.976949215,1692818465.976950169,1692818466.976953030,1692818467.976955652,1692818468.976956844,1692818469.980775118,1692818470.980779171,1692818471.980783224,1692818472.980787277,1692818473.980787516,1692818474.980789661,1692818475.980790854,1692818476.980791092,1692818477.980793238,1692818478.989457369,1692818479.989458084,1692818480.989461422,1692818481.989462614,1692818482.989462852,1692818483.989464998,1692818484.989465475,1692818485.989467621,1692818486.989471436,1692818487.989474297,1692818488.989476681,1692818489.989481211,1692818490.989483833,1692818491.989485264,1692818492.989489079,1692818493.989490509,1692818494.989492416,1692818495.989492655,1692818496.989495516,1692818497.989499569,1692818498.989500999,1692818499.989505053,1692818500.989505291,1692818501.989508629,1692818502.989511013,1692818503.989513636,1692818504.989515781,1692818505.989518881,1692818506.989523649,1692818507.989524841,1692818508.989528894,1692818509.989531755,1692818510.989536285,1692818512.049001217,1692818513.049899817,1692818514.049900055,1692818515.049900532,1692818516.049904823,1692818517.049906731,1692818518.049907684,1692818519.049909830,1692818520.049912930,1692818521.049916983,1692818522.049918175,1692818523.049921751,1692818524.068842649,1692818525.068844795,1692818526.068849564,1692818527.068853140,1692818528.068854809,1692818529.068855762,1692818530.068859339,1692818531.068862677,1692818532.076772451,1692818533.076777935,1692818534.076778173,1692818535.076783180,1692818536.076790094,1692818537.076795101,1692818538.076799870,1692818539.092773676,1692818540.092773914,1692818541.092776537,1692818542.092778921,1692818543.092781067,1692818544.092781305,1692818545.092782974,1692818546.092786074,1692818547.092789173,1692818548.092792511,1692818549.157451391,1692818550.157451868,1692818551.157455921,1692818552.217179775,1692818553.217184067,1692818554.217184305,1692818555.217185974,1692818556.217187166,1692818557.217191219,1692818558.217193365,1692818559.217194080,1692818560.217198133,1692818561.217200041,1692818562.217201233,1692818563.217201948,1692818564.217204094,1692818565.217206955,1692818566.217210054,1692818567.217214584,1692818567.632808447],