{"address":"ofi+verbs;ofi_rxm://10.201.1.219:47038","progress_loop":{"progress_with_timeout":{"num":186,"min":0.003469467,"max":0.104188681,"avg":0.094406691,"var":0.070478420,"sum":17.559644461},"progress_timeout_value_msec":{"num":186,"min":100.000000000,"max":100.000000000,"avg":100.000000000,"var":0.000000000,"sum":18600.000000000},"progress_without_timeout":{"num":18936810,"min":0.000000477,"max":0.003264427,"avg":0.000001947,"var":0.000024289,"sum":36.871833324},"trigger":{"num":398,"min":0.000003338,"max":0.043971300,"avg":0.009686142,"var":0.045023392,"sum":3.855084658}},"rpcs":{"65535:65535:1471021055:1":{"rpc_id":1471021055,"provider_id":1,"parent_rpc_id":65535,"parent_provider_id":65535,"name":"sum","target":{"received from ofi+verbs;ofi_rxm://10.201.1.241:42373":{"handler":{"duration":{"num":21,"min":0.000004292,"max":0.000105858,"avg":0.000026589,"var":0.000000008,"sum":0.000558376}},"ult":{"duration":{"num":21,"min":1.016148090,"max":1.060098648,"avg":1.032406035,"var":0.001388584,"sum":21.680526733},"relative_timestamp_from_handler_start":{"num":21,"min":0.000009537,"max":0.016000271,"avg":0.001938547,"var":0.000503876,"sum":0.040709496}},"irespond":{"duration":{"num":21,"min":0.000008583,"max":0.003240585,"avg":0.000164747,"var":0.000009934,"sum":0.003459692},"relative_timestamp_from_ult_start":{"num":21,"min":1.000046253,"max":1.000090837,"avg":1.000067189,"var":0.000000001,"sum":21.001410961}},"respond_cb":{"duration":{"num":21,"min":0.012011528,"max":0.027498484,"avg":0.015704904,"var":0.000225167,"sum":0.329802990},"relative_timestamp_from_irespond_start":{"num":21,"min":0.000018120,"max":0.003261328,"avg":0.000176089,"var":0.000009995,"sum":0.003697872}},"irespond_wait":{"duration":{"num":21,"min":0.012801647,"max":0.060016155,"avg":0.032169399,"var":0.001504678,"sum":0.675557375},"relative_timestamp_from_irespond_end":{"num":21,"min":0.000000954,"max":0.000001669,"avg":0.000001226,"var":0.000000000,"sum":0.000025749}},"set_output":{"duration":{"num":21,"min":0.000003338,"max":0.000010014,"avg":0.000004496,"var":0.000000000,"sum":0.000094414},"relative_timestamp_from_irespond_start":{"num":21,"min":0.000001192,"max":0.000003338,"avg":0.000001692,"var":0.000000000,"sum":0.000035524}},"get_input":{"duration":{"num":21,"min":0.000002384,"max":0.000008106,"avg":0.000003701,"var":0.000000000,"sum":0.000077724},"relative_timestamp_from_ult_start":{"num":21,"min":0.000001907,"max":0.000017881,"avg":0.000004076,"var":0.000000000,"sum":0.000085592}}},"received from ofi+verbs;ofi_rxm://10.201.1.238:38890":{"handler":{"duration":{"num":29,"min":0.000004292,"max":0.000116110,"avg":0.000027862,"var":0.000000018,"sum":0.000808001}},"ult":{"duration":{"num":29,"min":1.022179365,"max":1.060003281,"avg":1.036999111,"var":0.001953080,"sum":30.072974205},"relative_timestamp_from_handler_start":{"num":29,"min":0.000007629,"max":0.027995825,"avg":0.002084864,"var":0.001169540,"sum":0.060461044}},"irespond":{"duration":{"num":29,"min":0.000005960,"max":0.000015259,"avg":0.000009315,"var":0.000000000,"sum":0.000270128},"relative_timestamp_from_ult_start":{"num":29,"min":1.000038385,"max":1.000070810,"avg":1.000064521,"var":0.000000001,"sum":29.001871109}},"respond_cb":{"duration":{"num":29,"min":0.014788628,"max":0.027899265,"avg":0.019572118,"var":0.000582796,"sum":0.567591429},"relative_timestamp_from_irespond_start":{"num":29,"min":0.000015497,"max":0.000031471,"avg":0.000020167,"var":0.000000000,"sum":0.000584841}},"irespond_wait":{"duration":{"num":29,"min":0.022098780,"max":0.059923410,"avg":0.036921772,"var":0.001952774,"sum":1.070731401},"relative_timestamp_from_irespond_end":{"num":29,"min":0.000000715,"max":0.000001907,"avg":0.000001093,"var":0.000000000,"sum":0.000031710}},"set_output":{"duration":{"num":29,"min":0.000001907,"max":0.000004768,"avg":0.000003453,"var":0.000000000,"sum":0.000100136},"relative_timestamp_from_irespond_start":{"num":29,"min":0.000000954,"max":0.000002146,"avg":0.000001537,"var":0.000000000,"sum":0.000044584}},"get_input":{"duration":{"num":29,"min":0.000001907,"max":0.000005245,"avg":0.000003017,"var":0.000000000,"sum":0.000087500},"relative_timestamp_from_ult_start":{"num":29,"min":0.000001907,"max":0.000005245,"avg":0.000003108,"var":0.000000000,"sum":0.000090122}}},"received from ofi+verbs;ofi_rxm://10.201.1.212:36453":{"handler":{"duration":{"num":31,"min":0.000004768,"max":0.000640631,"avg":0.000043354,"var":0.000000375,"sum":0.001343966}},"ult":{"duration":{"num":31,"min":1.016521454,"max":1.063979864,"avg":1.036871449,"var":0.004421495,"sum":32.143014908},"relative_timestamp_from_handler_start":{"num":31,"min":0.000008583,"max":0.015997171,"avg":0.001626676,"var":0.000688004,"sum":0.050426960}},"irespond":{"duration":{"num":31,"min":0.000005722,"max":0.000012875,"avg":0.000008691,"var":0.000000000,"sum":0.000269413},"relative_timestamp_from_ult_start":{"num":31,"min":1.000039816,"max":1.000075579,"avg":1.000065619,"var":0.000000001,"sum":31.002034187}},"respond_cb":{"duration":{"num":31,"min":0.011364937,"max":0.027893305,"avg":0.017774974,"var":0.001110096,"sum":0.551024199},"relative_timestamp_from_irespond_start":{"num":31,"min":0.000015020,"max":0.004470825,"avg":0.000162786,"var":0.000019178,"sum":0.005046368}},"irespond_wait":{"duration":{"num":31,"min":0.016444683,"max":0.063898087,"avg":0.036793686,"var":0.004421967,"sum":1.140604258},"relative_timestamp_from_irespond_end":{"num":31,"min":0.000000477,"max":0.000001669,"avg":0.000001023,"var":0.000000000,"sum":0.000031710}},"set_output":{"duration":{"num":31,"min":0.000002384,"max":0.000005245,"avg":0.000003353,"var":0.000000000,"sum":0.000103951},"relative_timestamp_from_irespond_start":{"num":31,"min":0.000001431,"max":0.000002146,"avg":0.000001523,"var":0.000000000,"sum":0.000047207}},"get_input":{"duration":{"num":31,"min":0.000002146,"max":0.000006676,"avg":0.000003161,"var":0.000000000,"sum":0.000097990},"relative_timestamp_from_ult_start":{"num":31,"min":0.000001907,"max":0.000007391,"avg":0.000003092,"var":0.000000000,"sum":0.000095844}}},"received from ofi+verbs;ofi_rxm://10.201.1.219:42458":{"handler":{"duration":{"num":17,"min":0.000002384,"max":0.000029325,"avg":0.000017320,"var":0.000000001,"sum":0.000294447}},"ult":{"duration":{"num":17,"min":1.023476601,"max":1.044012547,"avg":1.036511870,"var":0.000877948,"sum":17.620701790},"relative_timestamp_from_handler_start":{"num":17,"min":0.000008583,"max":0.023970604,"avg":0.003666162,"var":0.000895670,"sum":0.062324762}},"irespond":{"duration":{"num":17,"min":0.000004530,"max":0.000014305,"avg":0.000007405,"var":0.000000000,"sum":0.000125885},"relative_timestamp_from_ult_start":{"num":17,"min":1.000063181,"max":1.004166603,"avg":1.000306789,"var":0.000015829,"sum":17.005215406}},"respond_cb":{"duration":{"num":17,"min":0.004011631,"max":0.027990103,"avg":0.019942999,"var":0.001004903,"sum":0.339030981},"relative_timestamp_from_irespond_start":{"num":17,"min":0.000013590,"max":0.012060642,"avg":0.001714342,"var":0.000228295,"sum":0.029143810}},"irespond_wait":{"duration":{"num":17,"min":0.023401976,"max":0.043926954,"avg":0.036194282,"var":0.000896110,"sum":0.615302801},"relative_timestamp_from_irespond_end":{"num":17,"min":0.000000715,"max":0.000001431,"avg":0.000000996,"var":0.000000000,"sum":0.000016928}},"set_output":{"duration":{"num":17,"min":0.000001907,"max":0.000003576,"avg":0.000002482,"var":0.000000000,"sum":0.000042200},"relative_timestamp_from_irespond_start":{"num":17,"min":0.000000715,"max":0.000001431,"avg":0.000001206,"var":0.000000000,"sum":0.000020504}},"get_input":{"duration":{"num":17,"min":0.000001907,"max":0.000003815,"avg":0.000002973,"var":0.000000000,"sum":0.000050545},"relative_timestamp_from_ult_start":{"num":17,"min":0.000001431,"max":0.000009537,"avg":0.000002861,"var":0.000000000,"sum":0.000048637}}}}},"65535:65535:1161428991:1":{"rpc_id":1161428991,"provider_id":1,"parent_rpc_id":65535,"parent_provider_id":65535,"name":"prod",