{"address":"ofi+verbs;ofi_rxm://10.201.1.212:36453","progress_loop":{"progress_with_timeout":{"num":1057,"min":0.003979445,"max":0.111784458,"avg":0.096301105,"var":0.323866222,"sum":101.790267706},"progress_timeout_value_msec":{"num":1057,"min":100.000000000,"max":100.000000000,"avg":100.000000000,"var":0.000000000,"sum":105700.000000000},"progress_without_timeout":{"num":0,"min":0.000000000,"max":0.000000000,"avg":0.000000000,"var":0.000000000,"sum":0.000000000},"trigger":{"num":104,"min":0.000002861,"max":0.000006199,"avg":0.000004101,"var":0.000000000,"sum":0.000426531}},"rpcs":{"65535:65535:1471021055:0":{"rpc_id":1471021055,"provider_id":0,"parent_rpc_id":65535,"parent_provider_id":65535,"name":"sum","origin":{"sent to ofi+verbs;ofi_rxm://10.201.1.212:43569":{"iforward":{"duration":{"num":19,"min":0.000011683,"max":0.001989126,"avg":0.000117565,"var":0.000003697,"sum":0.002233744},"relative_timestamp_from_create":{"num":19,"min":0.000000954,"max":0.000004292,"avg":0.000001932,"var":0.000000000,"sum":0.000036716}},"forward_cb":{"duration":{"num":19,"min":0.000000954,"max":0.000002384,"avg":0.000001506,"var":0.000000000,"sum":0.000028610},"relative_timestamp_from_iforward_start":{"num":19,"min":1.008981943,"max":1.033843279,"avg":1.022537934,"var":0.001195066,"sum":19.428220749}},"iforward_wait":{"duration":{"num":19,"min":1.008976936,"max":1.031865835,"avg":1.022426831,"var":0.001154312,"sum":19.426109791},"relative_timestamp_from_iforward_end":{"num":19,"min":0.000000954,"max":0.000001431,"avg":0.000001117,"var":0.000000000,"sum":0.000021219}},"set_input":{"duration":{"num":19,"min":0.000003338,"max":0.000006199,"avg":0.000003928,"var":0.000000000,"sum":0.000074625},"relative_timestamp_from_iforward_start":{"num":19,"min":0.000005245,"max":0.000016928,"avg":0.000007140,"var":0.000000000,"sum":0.000135660}},"get_output":{"duration":{"num":0,"min":0.000000000,"max":0.000000000,"avg":0.000000000,"var":0.000000000,"sum":0.000000000},"relative_timestamp_from_wait_end":{"num":0,"min":0.000000000,"max":0.000000000,"avg":0.000000000,"var":0.000000000,"sum":0.000000000}}}}},"65535:65535:1161428991:1":{"rpc_id":1161428991,"provider_id":1,"parent_rpc_id":65535,"parent_provider_id":65535,"name":"prod","origin":{"sent to ofi+verbs;ofi_rxm://10.201.1.219:47038":{"iforward":{"duration":{"num":21,"min":0.000012159,"max":0.001527548,"avg":0.000086398,"var":0.000002181,"sum":0.001814365},"relative_timestamp_from_create":{"num":21,"min":0.000001431,"max":0.000002384,"avg":0.000001828,"var":0.000000000,"sum":0.000038385}},"forward_cb":{"duration":{"num":21,"min":0.000000954,"max":0.000002384,"avg":0.000001544,"var":0.000000000,"sum":0.000032425},"relative_timestamp_from_iforward_start":{"num":21,"min":1.000147343,"max":1.030834436,"avg":1.013735533,"var":0.002513268,"sum":21.288446188}},"iforward_wait":{"duration":{"num":21,"min":1.000141144,"max":1.029313087,"avg":1.013656060,"var":0.002463513,"sum":21.286777258},"relative_timestamp_from_iforward_end":{"num":21,"min":0.000000715,"max":0.000001907,"avg":0.000001056,"var":0.000000000,"sum":0.000022173}},"set_input":{"duration":{"num":21,"min":0.000003338,"max":0.000004768,"avg":0.000004133,"var":0.000000000,"sum":0.000086784},"relative_timestamp_from_iforward_start":{"num":21,"min":0.000005245,"max":0.000014305,"avg":0.000006925,"var":0.000000000,"sum":0.000145435}},"get_output":{"duration":{"num":0,"min":0.000000000,"max":0.000000000,"avg":0.000000000,"var":0.000000000,"sum":0.000000000},"relative_timestamp_from_wait_end":{"num":0,"min":0.000000000,"max":0.000000000,"avg":0.000000000,"var":0.000000000,"sum":0.000000000}}}}},"65535:65535:1471021055:1":{"rpc_id":1471021055,"provider_id":1,"parent_rpc_id":65535,"parent_provider_id":65535,"name":"sum","origin":{"sent to ofi+verbs;ofi_rxm://10.201.1.219:47038":{"iforward":{"duration":{"num":31,"min":0.000011683,"max":0.000026941,"avg":0.000015259,"var":0.000000001,"sum":0.000473022},"relative_timestamp_from_create":{"num":31,"min":0.000001192,"max":0.000003338,"avg":0.000001938,"var":0.000000000,"sum":0.000060081}},"forward_cb":{"duration":{"num":31,"min":0.000000715,"max":0.000002384,"avg":0.000001600,"var":0.000000000,"sum":0.000049591},"relative_timestamp_from_iforward_start":{"num":31,"min":1.000146627,"max":1.035169601,"avg":1.011857587,"var":0.005333124,"sum":31.367585182}},"iforward_wait":{"duration":{"num":31,"min":1.000139713,"max":1.035157204,"avg":1.011848827,"var":0.005330903,"sum":31.367313623},"relative_timestamp_from_iforward_end":{"num":31,"min":0.000000715,"max":0.000001431,"avg":0.000001146,"var":0.000000000,"sum":0.000035524}},"set_input":{"duration":{"num":31,"min":0.000003099,"max":0.000006676,"avg":0.000004168,"var":0.000000000,"sum":0.000129223},"relative_timestamp_from_iforward_start":{"num":31,"min":0.000005484,"max":0.000015497,"avg":0.000007583,"var":0.000000000,"sum":0.000235081}},"get_output":{"duration":{"num":0,"min":0.000000000,"max":0.000000000,"avg":0.000000000,"var":0.000000000,"sum":0.000000000},"relative_timestamp_from_wait_end":{"num":0,"min":0.000000000,"max":0.000000000,"avg":0.000000000,"var":0.000000000,"sum":0.000000000}}}}},"65535:65535:1161428991:0":{"rpc_id":1161428991,"provider_id":0,"parent_rpc_id":65535,"parent_provider_id":65535,"name":"prod","origin":{"sent to ofi+verbs;ofi_rxm://10.201.1.212:43569":{"iforward":{"duration":{"num":29,"min":0.000012159,"max":0.000025749,"avg":0.000014692,"var":0.000000000,"sum":0.000426054},"relative_timestamp_from_create":{"num":29,"min":0.000001431,"max":0.000002861,"avg":0.000001990,"var":0.000000000,"sum":0.000057697}},"forward_cb":{"duration":{"num":29,"min":0.000000477,"max":0.000002146,"avg":0.000001406,"var":0.000000000,"sum":0.000040770},"relative_timestamp_from_iforward_start":{"num":29,"min":1.011177540,"max":1.043982744,"avg":1.019063300,"var":0.003114282,"sum":29.552835703}},"iforward_wait":{"duration":{"num":29,"min":1.011171103,"max":1.043976545,"avg":1.019055112,"var":0.003114682,"sum":29.552598238},"relative_timestamp_from_iforward_end":{"num":29,"min":0.000000954,"max":0.000001669,"avg":0.000001151,"var":0.000000000,"sum":0.000033379}},"set_input":{"duration":{"num":29,"min":0.000003099,"max":0.000007153,"avg":0.000004127,"var":0.000000000,"sum":0.000119686},"relative_timestamp_from_iforward_start":{"num":29,"min":0.000004768,"max":0.000013351,"avg":0.000006947,"var":0.000000000,"sum":0.000201464}},"get_output":{"duration":{"num":0,"min":0.000000000,"max":0.000000000,"avg":0.000000000,"var":0.000000000,"sum":0.000000000},"relative_timestamp_from_wait_end":{"num":0,"min":0.000000000,"max":0.000000000,"avg":0.000000000,"var":0.000000000,"sum":0.000000000}}}}},"65535:65535:3542155263:65535":{"rpc_id":3542155263,"provider_id":65535,"parent_rpc_id":65535,"parent_provider_id":65535,"name":"__shutdown__","origin":{"sent to ofi+verbs;ofi_rxm://10.201.1.212:43569":{"iforward":{"duration":{"num":1,"min":0.000009537,"max":0.000009537,"avg":0.000009537,"var":0.000000000,"sum":0.000009537},"relative_timestamp_from_create":{"num":1,"min":0.000002146,"max":0.000002146,"avg":0.000002146,"var":0.000000000,"sum":0.000002146}},"forward_cb":{"duration":{"num":1,"min":0.000001192,"max":0.000001192,"avg":0.000001192,"var":0.000000000,"sum":0.000001192},"relative_timestamp_from_iforward_start":{"num":1,"min":0.010068417,"max":0.010068417,"avg":0.010068417,"var":0.000000000,"sum":0.010068417}},"iforward_wait":{"duration":{"num":1,"min":0.010063887,"max":0.010063887,"avg":0.010063887,"var":0.000000000,"sum":0.010063887},"relative_timestamp_from_iforward_end":{"num":1,"min":0.000001431,"max":0.000001431,"avg":0.000001431,"var":0.000000000,"sum":0.000001431}},"set_input":{"duration":{"num":0,"min":0.000000000,"max":0.000000000,"avg":0.000000000,"var":0.000000000,"sum":0.000000000},"relative_timestamp_from_iforward_start":{"num":0,"min":0.000000000,"max":0.000000000,"avg":0.000000000,"var":0.000000000,"sum":0.000000000}},"get_output":{"duration":{"num":1,"min":0.000007868,"max":0.000007868,