{"address":"ofi+verbs;ofi_rxm://10.201.1.241:44070","rpcs":{"__shutdown__:65535":{"timestamps":[1692818567.738745213],"count":[1],"bulk_size":[0]}},"pools":{"__primary__":{"timestamps":[1692818455.947829723,1692818456.949360132,1692818457.950836658,1692818458.951905012,1692818459.952660084,1692818460.953455210,1692818461.954232454,1692818462.955270052,1692818463.956596136,1692818464.957914591,1692818465.959172964,1692818466.960586071,1692818467.962122679,1692818468.963620186,1692818469.965160847,1692818470.966769457,1692818471.968334675,1692818472.978100777,1692818473.983765364,1692818474.985308170,1692818475.995051146,1692818476.996586084,1692818478.006342649,1692818479.007914066,1692818480.009451389,1692818481.011009216,1692818482.012595177,1692818483.014136553,1692818484.015685558,1692818485.017238617,1692818486.026968002,1692818487.028542280,1692818488.030115843,1692818489.035771132,1692818490.037333965,1692818491.042994022,1692818492.044599056,1692818493.046169043,1692818494.051841259,1692818495.057531834,1692818496.071381569,1692818497.072946787,1692818498.082693100,1692818499.084245205,1692818500.089903593,1692818501.091434479,1692818502.092931271,1692818503.102677584,1692818504.104243279,1692818505.109894276,1692818506.115553141,1692818507.117130518,1692818508.122774839,1692818509.124361515,1692818510.130019426,1692818511.131618738,1692818512.133160591,1692818513.142882824,1692818514.144463778,1692818515.150119066,1692818516.155775547,1692818517.157342672,1692818518.163010120,1692818519.164585590,1692818520.174339771,1692818521.175916195,1692818522.177499056,1692818523.183162689,1692818524.184701443,1692818525.186258078,1692818526.191915512,1692818527.193464756,1692818528.199040413,1692818529.200623274,1692818530.210373640,1692818531.211822748,1692818532.213389397,1692818533.218693256,1692818534.220104456,1692818535.221538782,1692818536.223168612,1692818537.224706411,1692818538.226275682,1692818539.231944084,1692818540.233516455,1692818541.243269920,1692818542.244848728,1692818543.246399879,1692818544.248030663,1692818545.249592066,1692818546.255250454,1692818547.256837845,1692818548.266578197,1692818549.268153191,1692818550.269716740,1692818551.275374413,1692818552.276919365,1692818553.278476954,1692818554.284158945,1692818555.285728693,1692818556.291375637,1692818557.292967558,1692818558.294538736,1692818559.296102285,1692818560.297661066,1692818561.303331614,1692818562.304889679,1692818563.314629316,1692818564.316109657,1692818565.317689657,1692818566.323334932,1692818567.324713945,1692818567.738745213],"size":[0,0,0,0,0,0,0,0,0,0,0,0,0,0,0,0,0,0,0,0,0,0,0,0,0,0,0,0,0,0,0,0,0,0,0,0,0,0,0,0,0,0,0,0,0,0,0,0,0,0,0,0,0,0,0,0,0,0,0,0,0,0,0,0,0,0,0,0,0,0,0,0,0,0,0,0,0,0,0,0,0,0,0,0,0,0,0,0,0,0,0,0,0,0,0,0,0,0,0,0,0,0,0,0,0,0,0,0,0,0,0,0,0],"total_size":[1,1,1,1,1,1,1,1,1,1,1,1,1,1,1,1,1,1,1,1,1,1,1,1,1,1,1,1,1,1,1,1,1,1,1,1,1,1,1,1,1,1,1,1,1,1,1,1,1,1,1,1,1,1,1,1,1,1,1,1,1,1,1,1,1,1,1,1,1,1,1,1,1,1,1,1,1,1,1,1,1,1,1,1,1,1,1,1,1,1,1,1,1,1,1,1,1,1,1,1,1,1,1,1,1,1,1,1,1,1,1,1,1]},"__pool_1__":{"timestamps":[1692818455.947829723,1692818456.949360132,1692818457.950836658,1692818458.951905012,1692818459.952660084,1692818460.953455210,1692818461.954232454,1692818462.955270052,1692818463.956596136,1692818464.957914591,1692818465.959172964,1692818466.960586071,1692818467.962122679,1692818468.963620186,1692818469.965160847,1692818470.966769457,1692818471.968334675,1692818472.978100777,1692818473.983765364,1692818474.985308170,1692818475.995051146,1692818476.996586084,1692818478.006342649,1692818479.007914066,1692818480.009451389,1692818481.011009216,1692818482.012595177,1692818483.014136553,1692818484.015685558,1692818485.017238617,1692818486.026968002,1692818487.028542280,1692818488.030115843,1692818489.035771132,1692818490.037333965,1692818491.042994022,1692818492.044599056,1692818493.046169043,1692818494.051841259,1692818495.057531834,1692818496.071381569,1692818497.072946787,1692818498.082693100,1692818499.084245205,1692818500.089903593,1692818501.091434479,1692818502.092931271,1692818503.102677584,1692818504.104243279,1692818505.109894276,1692818506.115553141,1692818507.117130518,1692818508.122774839,1692818509.124361515,1692818510.130019426,1692818511.131618738,1692818512.133160591,1692818513.142882824,1692818514.144463778,1692818515.150119066,1692818516.155775547,1692818517.157342672,1692818518.163010120,1692818519.164585590,1692818520.174339771,1692818521.175916195,1692818522.177499056,1692818523.183162689,1692818524.184701443,1692818525.186258078,1692818526.191915512,1692818527.193464756,1692818528.199040413,1692818529.200623274,1692818530.210373640,1692818531.211822748,1692818532.213389397,1692818533.218693256,1692818534.220104456,1692818535.221538782,1692818536.223168612,1692818537.224706411,1692818538.226275682,1692818539.231944084,1692818540.233516455,1692818541.243269920,1692818542.244848728,1692818543.246399879,1692818544.248030663,1692818545.249592066,1692818546.255250454,1692818547.256837845,1692818548.266578197,1692818549.268153191,1692818550.269716740,1692818551.275374413,1692818552.276919365,1692818553.278476954,1692818554.284158945,1692818555.285728693,1692818556.291375637,1692818557.292967558,1692818558.294538736,1692818559.296102285,1692818560.297661066,1692818561.303331614,1692818562.304889679,1692818563.314629316,1692818564.316109657,1692818565.317689657,1692818566.323334932,1692818567.324713945,1692818567.738745213],"size":[0,0,0,0,0,0,0,0,0,0,0,0,0,0,0,0,0,0,0,0,0,0,0,0,0,0,0,0,0,0,0,0,0,0,0,0,0,0,0,0,0,0,0,0,0,0,0,0,0,0,0,0,0,0,0,0,0,0,0,0,0,0,0,0,0,0,0,0,0,0,0,0,0,0,0,0,0,0,0,0,0,0,0,0,0,0,0,0,0,0,0,0,0,0,0,0,0,0,0,0,0,0,0,0,0,0,0,0,0,0,0,0,0],"total_size":[0,0,0,0,0,0,0,0,0,0,0,0,0,0,0,0,0,0,0,0,0,0,0,0,0,0,0,0,0,0,0,0,0,0,0,0,0,0,0,0,0,0,0,0,0,0,0,0,0,0,0,0,0,0,0,0,0,0,0,0,0,0,0,0,0,0,0,0,0,0,0,0,0,0,0,0,0,0,0,0,0,0,0,0,0,0,0,0,0,0,0,0,0,0,0,0,0,0,0,0,0,0,0,0,0,0,0,0,0,0,0,0,0]},