{"address":"ofi+verbs;ofi_rxm://10.201.1.219:47038","rpcs":{"sum:1":{"timestamps":[1692818465.956091881,1692818466.956093311,1692818467.956094027,1692818468.957345009,1692818469.957345247,1692818470.981026649,1692818471.981026888,1692818472.981028318,1692818473.981030941,1692818474.981033325,1692818475.981033564,1692818476.981036663,1692818477.989091635,1692818478.989093304,1692818479.989096642,1692818480.989096880,1692818481.989097357,1692818483.037086248,1692818484.037091494,1692818485.037096262,1692818486.037096977,1692818487.037101746,1692818488.037102461,1692818489.037106752,1692818490.073695660,1692818491.074624538,1692818492.074628353,1692818493.074633598,1692818494.074635029,1692818495.074637651,1692818496.074641228,1692818497.074644804,1692818498.074649334,1692818499.074654102,1692818500.074657917,1692818501.074658394,1692818502.074661732,1692818503.074662447,1692818504.074665070,1692818505.074669838,1692818506.074673414,1692818507.074674129,1692818508.074677229,1692818509.074680328,1692818510.133509398,1692818511.133511782,1692818512.133513927,1692818513.133515596,1692818514.133518219,1692818515.133520126,1692818516.133523703,1692818517.133523941,1692818518.133525133,1692818519.133525610,1692818520.133528709,1692818521.133531570,1692818522.133534193,1692818523.133537292,1692818524.133538485,1692818525.133542538,1692818526.133545876,1692818527.233227015,1692818528.233227730,1692818529.233232260,1692818530.233235836,1692818531.233239889,1692818532.233240128,1692818533.233245134,1692818534.233248472,1692818535.233249187,1692818536.233252764,1692818537.257162571,1692818538.257166624,1692818539.257168531,1692818540.257169247,1692818541.337223053,1692818542.337225914,1692818543.337226152,1692818544.337228060,1692818545.337228775,1692818546.337231398,1692818547.337234497,1692818548.337235212,1692818549.337237358,1692818550.337240219,1692818551.337244034,1692818552.365089893,1692818553.365108252,1692818554.377091408,1692818555.377095938,1692818556.377099514,1692818557.389089108,1692818558.389094353,1692818559.401089907,1692818560.401093483,1692818561.412889242,1692818562.412893295,1692818563.412893772,1692818564.412897825,1692818565.412901402,1692818566.412903070,1692818567.412906647,1692818567.713246584],"count":[1,0,2,1,1,0,0,2,1,0,1,1,0,4,0,3,0,0,0,2,0,2,0,3,0,0,0,2,0,1,0,2,0,2,0,3,0,2,0,2,0,3,0,1,0,3,0,4,0,3,0,3,0,2,0,2,0,2,0,2,0,0,0,3,0,3,0,2,0,2,0,0,0,1,0,0,0,2,0,2,0,2,0,3,0,3,0,2,0,0,0,1,0,1,2,0,1,1,2,1,1,0,0],"bulk_size":[0,0,0,0,0,0,0,0,0,0,0,0,0,0,0,0,0,0,0,0,0,0,0,0,0,0,0,0,0,0,0,0,0,0,0,0,0,0,0,0,0,0,0,0,0,0,0,0,0,0,0,0,0,0,0,0,0,0,0,0,0,0,0,0,0,0,0,0,0,0,0,0,0,0,0,0,0,0,0,0,0,0,0,0,0,0,0,0,0,0,0,0,0,0,0,0,0,0,0,0,0,0,0]},"prod:1":{"timestamps":[1692818466.956093311,1692818467.956094027,1692818468.957345009,1692818469.957345247,1692818470.981026649,1692818471.981026888,1692818472.981028318,1692818473.981030941,1692818474.981033325,1692818475.981033564,1692818476.981036663,1692818477.989091635,1692818478.989093304,1692818479.989096642,1692818480.989096880,1692818481.989097357,1692818483.037086248,1692818484.037091494,1692818485.037096262,1692818486.037096977,1692818487.037101746,1692818488.037102461,1692818489.037106752,1692818490.073695660,1692818491.074624538,1692818492.074628353,1692818493.074633598,1692818494.074635029,1692818495.074637651,1692818496.074641228,1692818497.074644804,1692818498.074649334,1692818499.074654102,1692818500.074657917,1692818501.074658394,1692818502.074661732,1692818503.074662447,1692818504.074665070,1692818505.074669838,1692818506.074673414,1692818507.074674129,1692818508.074677229,1692818509.074680328,1692818510.133509398,1692818511.133511782,1692818512.133513927,1692818513.133515596,1692818514.133518219,1692818515.133520126,1692818516.133523703,1692818517.133523941,1692818518.133525133,1692818519.133525610,1692818520.133528709,1692818521.133531570,1692818522.133534193,1692818523.133537292,1692818524.133538485,1692818525.133542538,1692818526.133545876,1692818527.233227015,1692818528.233227730,1692818529.233232260,1692818530.233235836,1692818531.233239889,1692818532.233240128,1692818533.233245134,1692818534.233248472,1692818535.233249187,1692818536.233252764,1692818537.257162571,1692818538.257166624,1692818539.257168531,1692818540.257169247,1692818541.337223053,1692818542.337225914,1692818543.337226152,1692818544.337228060,1692818545.337228775,1692818546.337231398,1692818547.337234497,1692818548.337235212,1692818549.337237358,1692818550.337240219,1692818551.337244034,1692818552.365089893,1692818553.365108252,1692818554.377091408,1692818555.377095938,1692818556.377099514,1692818557.389089108,1692818558.389094353,1692818559.401089907,1692818560.401093483,1692818561.412889242,1692818562.412893295,1692818563.412893772,1692818564.412897825,1692818565.412901402,1692818566.412903070,1692818567.412906647,1692818567.713246584],"count":[3,0,0,1,0,1,1,2,0,1,1,2,0,3,0,3,0,3,0,1,0,2,0,0,0,1,0,1,0,1,0,2,0,3,0,2,0,2,0,1,0,1,0,0,0,4,0,1,0,1,0,3,0,3,0,1,0,4,0,2,0,2,0,3,0,2,0,3,0,2,0,2,0,2,0,3,0,1,0,1,0,4,0,2,0,2,0,1,1,2,1,2,1,0,0,1,1,1,1,1,1,0],"bulk_size":[0,0,0,0,0,0,0,0,0,0,0,0,0,0,0,0,0,0,0,0,0,0,0,0,0,0,0,0,0,0,0,0,0,0,0,0,0,0,0,0,0,0,0,0,0,0,0,0,0,0,0,0,0,0,0,0,0,0,0,0,0,0,0,0,0,0,0,0,0,0,0,0,0,0,0,0,0,0,0,0,0,0,0,0,0,0,0,0,0,0,0,0,0,0,0,0,0,0,0,0,0,0]},"__shutdown__:65535":{"timestamps":[1692818567.713246584],"count":[1],"bulk_size":[0]}},"pools":{"__primary__":{"timestamps":[1692818455.945855618,1692818456.947413445,1692818457.948822498,1692818458.950126886,1692818459.950867414,1692818460.951623917,1692818461.952428341,1692818462.953352213,1692818463.954754114,1692818464.956090927,1692818465.956091881,1692818466.956093311,1692818467.956094027,1692818468.957345009,1692818469.957345247,1692818470.981026649,1692818471.981026888,1692818472.981028318,1692818473.981030941,1692818474.981033325,1692818475.981033564,1692818476.981036663,1692818477.989091635,1692818478.989093304,1692818479.989096642,1692818480.989096880,1692818481.989097357,1692818483.037086248,1692818484.037091494,1692818485.037096262,1692818486.037096977,1692818487.037101746,1692818488.037102461,1692818489.037106752,1692818490.073695660,1692818491.074624538,1692818492.074628353,1692818493.074633598,1692818494.074635029,1692818495.074637651,1692818496.074641228,1692818497.074644804,1692818498.074649334,1692818499.074654102,1692818500.074657917,1692818501.074658394,1692818502.074661732,1692818503.074662447,1692818504.074665070,1692818505.074669838,1692818506.074673414,1692818507.074674129,1692818508.074677229,1692818509.074680328,1692818510.133509398,1692818511.133511782,1692818512.133513927,1692818513.133515596,1692818514.133518219,1692818515.133520126,1692818516.133523703,1692818517.133523941,1692818518.133525133,1692818519.133525610,1692818520.133528709,1692818521.133531570,1692818522.133534193,1692818523.133537292,1692818524.133538485,1692818525.133542538,1692818526.133545876,1692818527.233227015,1692818528.233227730,1692818529.233232260,1692818530.233235836,1692818531.233239889,1692818532.233240128,1692818533.233245134,1692818534.233248472,1692818535.233249187,1692818536.233252764,1692818537.257162571,1692818538.257166624,1692818539.257168531,1692818540.257169247,1692818541.337223053,1692818542.337225914,1692818543.337226152,1692818544.337228060,1692818545.337228775,1692818546.337231398,1692818547.337234497,1692818548.337235212,1692818549.337237358,1692818550.337240219,1692818551.337244034,1692818552.365089893,1692818553.365108252,1692818554.377091408,1692818555.377095938,1692818556.377099514,1692818557.389089108,1692818558.389094353,1692818559.401089907,1692818560.401093483,1692818561.412889242,1692818562.412893295,1692818563.412893772,1692818564.412897825,1692818565.412901402,1692818566.412903070,1692818567.412906647,1692818567.713246584],