{"address":"ofi+verbs;ofi_rxm://10.201.1.212:43569","progress_loop":{"progress_with_timeout":{"num":164,"min":0.009972811,"max":0.104254007,"avg":0.096819159,"var":0.032545389,"sum":15.878342152},"progress_timeout_value_msec":{"num":164,"min":100.000000000,"max":100.000000000,"avg":100.000000000,"var":0.000000000,"sum":16400.000000000},"progress_without_timeout":{"num":19271588,"min":0.000000715,"max":0.002891779,"avg":0.000001943,"var":0.000012095,"sum":37.447026968},"trigger":{"num":406,"min":0.000003338,"max":0.046385765,"avg":0.009963125,"var":0.049671627,"sum":4.045028687}},"rpcs":{"65535:65535:1471021055:0":{"rpc_id":1471021055,"provider_id":0,"parent_rpc_id":65535,"parent_provider_id":65535,"name":"sum","target":{"received from ofi+verbs;ofi_rxm://10.201.1.238:38890":{"handler":{"duration":{"num":21,"min":0.000004530,"max":0.000118017,"avg":0.000024546,"var":0.000000011,"sum":0.000515461}},"ult":{"duration":{"num":21,"min":1.019974232,"max":1.067979813,"avg":1.033698616,"var":0.001902728,"sum":21.707670927},"relative_timestamp_from_handler_start":{"num":21,"min":0.000005722,"max":0.019998550,"avg":0.002275490,"var":0.000679542,"sum":0.047785282}},"irespond":{"duration":{"num":21,"min":0.000004768,"max":0.002869129,"avg":0.000143880,"var":0.000007798,"sum":0.003021479},"relative_timestamp_from_ult_start":{"num":21,"min":1.000062466,"max":1.000093699,"avg":1.000066871,"var":0.000000001,"sum":21.001404285}},"respond_cb":{"duration":{"num":21,"min":0.010808945,"max":0.029016495,"avg":0.016733794,"var":0.000484350,"sum":0.351409674},"relative_timestamp_from_irespond_start":{"num":21,"min":0.000012398,"max":0.002888441,"avg":0.000154563,"var":0.000007848,"sum":0.003245831}},"irespond_wait":{"duration":{"num":21,"min":0.019897938,"max":0.067902327,"avg":0.033484130,"var":0.001850680,"sum":0.703166723},"relative_timestamp_from_irespond_end":{"num":21,"min":0.000000477,"max":0.000001431,"avg":0.000001067,"var":0.000000000,"sum":0.000022411}},"set_output":{"duration":{"num":21,"min":0.000001907,"max":0.000005245,"avg":0.000003111,"var":0.000000000,"sum":0.000065327},"relative_timestamp_from_irespond_start":{"num":21,"min":0.000000954,"max":0.000002861,"avg":0.000001431,"var":0.000000000,"sum":0.000030041}},"get_input":{"duration":{"num":21,"min":0.000001192,"max":0.000008106,"avg":0.000003224,"var":0.000000000,"sum":0.000067711},"relative_timestamp_from_ult_start":{"num":21,"min":0.000001192,"max":0.000020027,"avg":0.000003395,"var":0.000000000,"sum":0.000071287}}},"received from ofi+verbs;ofi_rxm://10.201.1.219:42458":{"handler":{"duration":{"num":33,"min":0.000001907,"max":0.000588894,"avg":0.000050097,"var":0.000000556,"sum":0.001653194}},"ult":{"duration":{"num":33,"min":1.018210173,"max":1.056002378,"avg":1.034055067,"var":0.002380221,"sum":34.123817205},"relative_timestamp_from_handler_start":{"num":33,"min":0.000006199,"max":0.023988962,"avg":0.003479018,"var":0.001344245,"sum":0.114807606}},"irespond":{"duration":{"num":33,"min":0.000005007,"max":0.000010729,"avg":0.000007629,"var":0.000000000,"sum":0.000251770},"relative_timestamp_from_ult_start":{"num":33,"min":1.000061750,"max":1.007994890,"avg":1.000305631,"var":0.000060973,"sum":33.010085821}},"respond_cb":{"duration":{"num":33,"min":0.000000954,"max":0.027919769,"avg":0.016568531,"var":0.001477128,"sum":0.546761513},"relative_timestamp_from_irespond_start":{"num":33,"min":0.000015259,"max":0.017585754,"avg":0.001770735,"var":0.000760818,"sum":0.058434248}},"irespond_wait":{"duration":{"num":33,"min":0.011998653,"max":0.055927515,"avg":0.033738375,"var":0.002664432,"sum":1.113366365},"relative_timestamp_from_irespond_end":{"num":33,"min":0.000000715,"max":0.000001431,"avg":0.000000990,"var":0.000000000,"sum":0.000032663}},"set_output":{"duration":{"num":33,"min":0.000001431,"max":0.000004768,"avg":0.000003063,"var":0.000000000,"sum":0.000101089},"relative_timestamp_from_irespond_start":{"num":33,"min":0.000000954,"max":0.000001907,"avg":0.000001402,"var":0.000000000,"sum":0.000046253}},"get_input":{"duration":{"num":33,"min":0.000001431,"max":0.000007391,"avg":0.000002897,"var":0.000000000,"sum":0.000095606},"relative_timestamp_from_ult_start":{"num":33,"min":0.000000954,"max":0.000010014,"avg":0.000002868,"var":0.000000000,"sum":0.000094652}}},"received from ofi+verbs;ofi_rxm://10.201.1.212:36453":{"handler":{"duration":{"num":19,"min":0.000014305,"max":0.000029564,"avg":0.000021734,"var":0.000000000,"sum":0.000412941}},"ult":{"duration":{"num":19,"min":1.018172979,"max":1.067989111,"avg":1.050752627,"var":0.003230969,"sum":19.964299917},"relative_timestamp_from_handler_start":{"num":19,"min":0.000005722,"max":0.000013828,"avg":0.000009888,"var":0.000000000,"sum":0.000187874}},"irespond":{"duration":{"num":19,"min":0.000004768,"max":0.000010967,"avg":0.000007592,"var":0.000000000,"sum":0.000144243},"relative_timestamp_from_ult_start":{"num":19,"min":1.000039816,"max":1.000067949,"avg":1.000064172,"var":0.000000001,"sum":19.001219273}},"respond_cb":{"duration":{"num":19,"min":0.000007629,"max":0.027903557,"avg":0.024812974,"var":0.000891341,"sum":0.471446514},"relative_timestamp_from_irespond_start":{"num":19,"min":0.000012159,"max":0.027899981,"avg":0.002409822,"var":0.000977093,"sum":0.045786619}},"irespond_wait":{"duration":{"num":19,"min":0.018125534,"max":0.067915440,"avg":0.050677726,"var":0.003229429,"sum":0.962876797},"relative_timestamp_from_irespond_end":{"num":19,"min":0.000000715,"max":0.000001431,"avg":0.000000991,"var":0.000000000,"sum":0.000018835}},"set_output":{"duration":{"num":19,"min":0.000001431,"max":0.000004292,"avg":0.000002861,"var":0.000000000,"sum":0.000054359},"relative_timestamp_from_irespond_start":{"num":19,"min":0.000000954,"max":0.000001907,"avg":0.000001355,"var":0.000000000,"sum":0.000025749}},"get_input":{"duration":{"num":19,"min":0.000001907,"max":0.000004292,"avg":0.000003099,"var":0.000000000,"sum":0.000058889},"relative_timestamp_from_ult_start":{"num":19,"min":0.000001907,"max":0.000008583,"avg":0.000003062,"var":0.000000000,"sum":0.000058174}}},"received from ofi+verbs;ofi_rxm://10.201.1.241:42373":{"handler":{"duration":{"num":29,"min":0.000005245,"max":0.000059843,"avg":0.000022288,"var":0.000000002,"sum":0.000646353}},"ult":{"duration":{"num":29,"min":1.030215502,"max":1.063995123,"avg":1.037492029,"var":0.002076815,"sum":30.087268829},"relative_timestamp_from_handler_start":{"num":29,"min":0.000008583,"max":0.015999317,"avg":0.001113809,"var":0.000475854,"sum":0.032300472}},"irespond":{"duration":{"num":29,"min":0.000006676,"max":0.000011921,"avg":0.000008895,"var":0.000000000,"sum":0.000257969},"relative_timestamp_from_ult_start":{"num":29,"min":1.000063419,"max":1.000077963,"avg":1.000066313,"var":0.000000000,"sum":29.001923084}},"respond_cb":{"duration":{"num":29,"min":0.014126301,"max":0.027907610,"avg":0.019619037,"var":0.000945977,"sum":0.568952084},"relative_timestamp_from_irespond_start":{"num":29,"min":0.000014305,"max":0.000024080,"avg":0.000019353,"var":0.000000000,"sum":0.000561237}},"irespond_wait":{"duration":{"num":29,"min":0.030138016,"max":0.063917875,"avg":0.037413359,"var":0.002077014,"sum":1.084987402},"relative_timestamp_from_irespond_end":{"num":29,"min":0.000000715,"max":0.000001431,"avg":0.000001102,"var":0.000000000,"sum":0.000031948}},"set_output":{"duration":{"num":29,"min":0.000002384,"max":0.000005722,"avg":0.000003823,"var":0.000000000,"sum":0.000110865},"relative_timestamp_from_irespond_start":{"num":29,"min":0.000000954,"max":0.000002146,"avg":0.000001422,"var":0.000000000,"sum":0.000041246}},"get_input":{"duration":{"num":29,"min":0.000002384,"max":0.000007153,"avg":0.000003198,"var":0.000000000,"sum":0.000092745},"relative_timestamp_from_ult_start":{"num":29,"min":0.000001431,"max":0.000008106,"avg":0.000003058,"var":0.000000000,"sum":0.000088692}}}}},"65535:65535:1161428991:0":{"rpc_id":1161428991,"provider_id":0,"parent_rpc_id":65535,"parent_provider_id":65535,"name":"prod",