{"address":"ofi+verbs;ofi_rxm://10.201.0.104:47097","progress_loop":{"progress_with_timeout":{"num":105,"min":0.000003815,"max":0.103953838,"avg":0.001494242,"var":0.011168167,"sum":0.156895399},"progress_timeout_value_msec":{"num":105,"min":100.000000000,"max":100.000000000,"avg":100.000000000,"var":0.000000000,"sum":10500.000000000},"progress_without_timeout":{"num":0,"min":0.000000000,"max":0.000000000,"avg":0.000000000,"var":0.000000000,"sum":0.000000000},"trigger":{"num":104,"min":0.000000238,"max":0.000025511,"avg":0.000000779,"var":0.000000001,"sum":0.000081062}},"rpcs":{"65535:65535:1471021055:1":{"rpc_id":1471021055,"provider_id":1,"parent_rpc_id":65535,"parent_provider_id":65535,"name":"sum","origin":{"sent to ofi+verbs;ofi_rxm://10.201.0.106:50086":{"iforward":{"duration":{"num":27,"min":0.000002623,"max":0.002198458,"avg":0.000086608,"var":0.000004632,"sum":0.002338409},"relative_timestamp_from_create":{"num":27,"min":0.000000238,"max":0.000002861,"avg":0.000000494,"var":0.000000000,"sum":0.000013351}},"forward_cb":{"duration":{"num":27,"min":0.000000000,"max":0.000025272,"avg":0.000001210,"var":0.000000001,"sum":0.000032663},"relative_timestamp_from_iforward_start":{"num":27,"min":0.000018835,"max":0.011383295,"avg":0.000463141,"var":0.000123843,"sum":0.012504816}},"iforward_wait":{"duration":{"num":27,"min":0.000016212,"max":0.009192467,"avg":0.000378529,"var":0.000080680,"sum":0.010220289},"relative_timestamp_from_iforward_end":{"num":27,"min":0.000000000,"max":0.000000477,"avg":0.000000088,"var":0.000000000,"sum":0.000002384}},"set_input":{"duration":{"num":27,"min":0.000000715,"max":0.000021935,"avg":0.000002358,"var":0.000000000,"sum":0.000063658},"relative_timestamp_from_iforward_start":{"num":27,"min":0.000001192,"max":0.000011921,"avg":0.000002552,"var":0.000000000,"sum":0.000068903}},"get_output":{"duration":{"num":0,"min":0.000000000,"max":0.000000000,"avg":0.000000000,"var":0.000000000,"sum":0.000000000},"relative_timestamp_from_wait_end":{"num":0,"min":0.000000000,"max":0.000000000,"avg":0.000000000,"var":0.000000000,"sum":0.000000000}}}}},"65535:65535:1161428991:1":{"rpc_id":1161428991,"provider_id":1,"parent_rpc_id":65535,"parent_provider_id":65535,"name":"prod","origin":{"sent to ofi+verbs;ofi_rxm://10.201.0.106:50086":{"iforward":{"duration":{"num":28,"min":0.000002623,"max":0.000061750,"avg":0.000008966,"var":0.000000004,"sum":0.000251055},"relative_timestamp_from_create":{"num":28,"min":0.000000238,"max":0.000000954,"avg":0.000000477,"var":0.000000000,"sum":0.000013351}},"forward_cb":{"duration":{"num":28,"min":0.000000000,"max":0.000000238,"avg":0.000000187,"var":0.000000000,"sum":0.000005245},"relative_timestamp_from_iforward_start":{"num":28,"min":0.000023127,"max":0.000669241,"avg":0.000072036,"var":0.000000382,"sum":0.002017021}},"iforward_wait":{"duration":{"num":28,"min":0.000005484,"max":0.000664949,"avg":0.000063845,"var":0.000000384,"sum":0.001787663},"relative_timestamp_from_iforward_end":{"num":28,"min":0.000000000,"max":0.000000238,"avg":0.000000119,"var":0.000000000,"sum":0.000003338}},"set_input":{"duration":{"num":28,"min":0.000000954,"max":0.000029325,"avg":0.000002623,"var":0.000000001,"sum":0.000073433},"relative_timestamp_from_iforward_start":{"num":28,"min":0.000001192,"max":0.000030994,"avg":0.000004266,"var":0.000000001,"sum":0.000119448}},"get_output":{"duration":{"num":0,"min":0.000000000,"max":0.000000000,"avg":0.000000000,"var":0.000000000,"sum":0.000000000},"relative_timestamp_from_wait_end":{"num":0,"min":0.000000000,"max":0.000000000,"avg":0.000000000,"var":0.000000000,"sum":0.000000000}}}}},"65535:65535:1471021055:0":{"rpc_id":1471021055,"provider_id":0,"parent_rpc_id":65535,"parent_provider_id":65535,"name":"sum","origin":{"sent to ofi+verbs;ofi_rxm://10.201.0.104:40205":{"iforward":{"duration":{"num":23,"min":0.000003099,"max":0.001261473,"avg":0.000063834,"var":0.000001503,"sum":0.001468182},"relative_timestamp_from_create":{"num":23,"min":0.000000238,"max":0.000021458,"avg":0.000001337,"var":0.000000000,"sum":0.000030756}},"forward_cb":{"duration":{"num":23,"min":0.000000000,"max":0.000000477,"avg":0.000000259,"var":0.000000000,"sum":0.000005960},"relative_timestamp_from_iforward_start":{"num":23,"min":0.000030756,"max":0.013653994,"avg":0.000639667,"var":0.000177075,"sum":0.014712334}},"iforward_wait":{"duration":{"num":23,"min":0.000025034,"max":0.012393713,"avg":0.000578756,"var":0.000145943,"sum":0.013311386},"relative_timestamp_from_iforward_end":{"num":23,"min":0.000000000,"max":0.000000477,"avg":0.000000052,"var":0.000000000,"sum":0.000001192}},"set_input":{"duration":{"num":23,"min":0.000000954,"max":0.000048399,"avg":0.000005805,"var":0.000000003,"sum":0.000133514},"relative_timestamp_from_iforward_start":{"num":23,"min":0.000001192,"max":0.000005007,"avg":0.000002436,"var":0.000000000,"sum":0.000056028}},"get_output":{"duration":{"num":0,"min":0.000000000,"max":0.000000000,"avg":0.000000000,"var":0.000000000,"sum":0.000000000},"relative_timestamp_from_wait_end":{"num":0,"min":0.000000000,"max":0.000000000,"avg":0.000000000,"var":0.000000000,"sum":0.000000000}}}}},"65535:65535:1161428991:0":{"rpc_id":1161428991,"provider_id":0,"parent_rpc_id":65535,"parent_provider_id":65535,"name":"prod","origin":{"sent to ofi+verbs;ofi_rxm://10.201.0.104:40205":{"iforward":{"duration":{"num":22,"min":0.000002384,"max":0.000032663,"avg":0.000007196,"var":0.000000001,"sum":0.000158310},"relative_timestamp_from_create":{"num":22,"min":0.000000238,"max":0.000028849,"avg":0.000001712,"var":0.000000001,"sum":0.000037670}},"forward_cb":{"duration":{"num":22,"min":0.000000000,"max":0.000000477,"avg":0.000000217,"var":0.000000000,"sum":0.000004768},"relative_timestamp_from_iforward_start":{"num":22,"min":0.000030756,"max":0.000067234,"avg":0.000046427,"var":0.000000002,"sum":0.001021385}},"iforward_wait":{"duration":{"num":22,"min":0.000026226,"max":0.000064850,"avg":0.000041550,"var":0.000000002,"sum":0.000914097},"relative_timestamp_from_iforward_end":{"num":22,"min":0.000000000,"max":0.000000238,"avg":0.000000119,"var":0.000000000,"sum":0.000002623}},"set_input":{"duration":{"num":22,"min":0.000000715,"max":0.000028610,"avg":0.000002753,"var":0.000000001,"sum":0.000060558},"relative_timestamp_from_iforward_start":{"num":22,"min":0.000001192,"max":0.000006676,"avg":0.000002417,"var":0.000000000,"sum":0.000053167}},"get_output":{"duration":{"num":0,"min":0.000000000,"max":0.000000000,"avg":0.000000000,"var":0.000000000,"sum":0.000000000},"relative_timestamp_from_wait_end":{"num":0,"min":0.000000000,"max":0.000000000,"avg":0.000000000,"var":0.000000000,"sum":0.000000000}}}}},"65535:65535:3542155263:65535":{"rpc_id":3542155263,"provider_id":65535,"parent_rpc_id":65535,"parent_provider_id":65535,"name":"__shutdown__","origin":{"sent to ofi+verbs;ofi_rxm://10.201.0.104:40205":{"iforward":{"duration":{"num":1,"min":0.000007391,"max":0.000007391,"avg":0.000007391,"var":0.000000000,"sum":0.000007391},"relative_timestamp_from_create":{"num":1,"min":0.000000954,"max":0.000000954,"avg":0.000000954,"var":0.000000000,"sum":0.000000954}},"forward_cb":{"duration":{"num":1,"min":0.000000477,"max":0.000000477,"avg":0.000000477,"var":0.000000000,"sum":0.000000477},"relative_timestamp_from_iforward_start":{"num":1,"min":0.000255585,"max":0.000255585,"avg":0.000255585,"var":0.000000000,"sum":0.000255585}},"iforward_wait":{"duration":{"num":1,"min":0.000249624,"max":0.000249624,"avg":0.000249624,"var":0.000000000,"sum":0.000249624},"relative_timestamp_from_iforward_end":{"num":1,"min":0.000000238,"max":0.000000238,"avg":0.000000238,"var":0.000000000,"sum":0.000000238}},"set_input":{"duration":{"num":0,"min":0.000000000,"max":0.000000000,"avg":0.000000000,"var":0.000000000,"sum":0.000000000},"relative_timestamp_from_iforward_start":{"num":0,"min":0.000000000,"max":0.000000000,"avg":0.000000000,"var":0.000000000,"sum":0.000000000}},"get_output":{"duration":{"num":1,"min":0.000002146,"max":0.000002146,"avg":0.000002146,