{"address":"ofi+verbs;ofi_rxm://10.201.0.109:57306","progress_loop":{"progress_with_timeout":{"num":99,"min":0.091089487,"max":0.104250431,"avg":0.100388761,"var":0.000210344,"sum":9.938487291},"progress_timeout_value_msec":{"num":99,"min":100.000000000,"max":100.000000000,"avg":100.000000000,"var":0.000000000,"sum":9900.000000000},"progress_without_timeout":{"num":2,"min":0.000003338,"max":0.000004768,"avg":0.000004053,"var":0.000000000,"sum":0.000008106},"trigger":{"num":2,"min":0.000005722,"max":0.000027180,"avg":0.000016451,"var":0.000000000,"sum":0.000032902}},"rpcs":{"65535:65535:3542155263:65535":{"rpc_id":3542155263,"provider_id":65535,"parent_rpc_id":65535,"parent_provider_id":65535,"name":"__shutdown__","target":{"received from ofi+verbs;ofi_rxm://10.201.0.104:47097":{"handler":{"duration":{"num":1,"min":0.000013351,"max":0.000013351,"avg":0.000013351,"var":0.000000000,"sum":0.000013351}},"ult":{"duration":{"num":1,"min":0.012025833,"max":0.012025833,"avg":0.012025833,"var":0.000000000,"sum":0.012025833},"relative_timestamp_from_handler_start":{"num":1,"min":0.000024319,"max":0.000024319,"avg":0.000024319,"var":0.000000000,"sum":0.000024319}},"irespond":{"duration":{"num":1,"min":0.011995792,"max":0.011995792,"avg":0.011995792,"var":0.000000000,"sum":0.011995792},"relative_timestamp_from_ult_start":{"num":1,"min":0.000001907,"max":0.000001907,"avg":0.000001907,"var":0.000000000,"sum":0.000001907}},"respond_cb":{"duration":{"num":1,"min":0.000001907,"max":0.000001907,"avg":0.000001907,"var":0.000000000,"sum":0.000001907},"relative_timestamp_from_irespond_start":{"num":1,"min":0.012012482,"max":0.012012482,"avg":0.012012482,"var":0.000000000,"sum":0.012012482}},"irespond_wait":{"duration":{"num":1,"min":0.000021935,"max":0.000021935,"avg":0.000021935,"var":0.000000000,"sum":0.000021935},"relative_timestamp_from_irespond_end":{"num":1,"min":0.000001907,"max":0.000001907,"avg":0.000001907,"var":0.000000000,"sum":0.000001907}},"set_output":{"duration":{"num":1,"min":0.000001431,"max":0.000001431,"avg":0.000001431,"var":0.000000000,"sum":0.000001431},"relative_timestamp_from_irespond_start":{"num":1,"min":0.000002861,"max":0.000002861,"avg":0.000002861,"var":0.000000000,"sum":0.000002861}},"get_input":{"duration":{"num":0,"min":0.000000000,"max":0.000000000,"avg":0.000000000,"var":0.000000000,"sum":0.000000000},"relative_timestamp_from_ult_start":{"num":0,"min":0.000000000,"max":0.000000000,"avg":0.000000000,"var":0.000000000,"sum":0.000000000}}}}}}}