{"address":"ofi+verbs;ofi_rxm://10.201.0.104:47097","rpcs":{},"pools":{"__primary__":{"timestamps":[1692650852.890017271,1692650853.065995216],"size":[0,0],"total_size":[1,0]}}}