{"address":"ofi+verbs;ofi_rxm://10.201.0.109:57306","rpcs":{"__shutdown__:65535":{"timestamps":[1692650852.935207605],"count":[1],"bulk_size":[0]}},"pools":{"__primary__":{"timestamps":[1692650843.084084272,1692650844.089747190,1692650845.091334343,1692650846.101095915,1692650847.106740475,1692650848.112353802,1692650849.122080326,1692650850.123666048,1692650851.125252008,1692650852.130914688,1692650852.935207605],"size":[0,0,0,0,0,0,0,0,0,0,0],"total_size":[1,1,1,1,1,1,1,1,1,1,0]}}}