{"address":"ofi+verbs;ofi_rxm://10.201.0.106:56077","progress_loop":{"progress_with_timeout":{"num":101,"min":0.000010490,"max":0.103766203,"avg":0.001289290,"var":0.010848966,"sum":0.130218267},"progress_timeout_value_msec":{"num":101,"min":100.000000000,"max":100.000000000,"avg":100.000000000,"var":0.000000000,"sum":10100.000000000},"progress_without_timeout":{"num":0,"min":0.000000000,"max":0.000000000,"avg":0.000000000,"var":0.000000000,"sum":0.000000000},"trigger":{"num":100,"min":0.000000238,"max":0.000003338,"avg":0.000000515,"var":0.000000000,"sum":0.000051498}},"rpcs":{"65535:65535:1471021055:1":{"rpc_id":1471021055,"provider_id":1,"parent_rpc_id":65535,"parent_provider_id":65535,"name":"sum","origin":{"sent to ofi+verbs;ofi_rxm://10.201.0.106:50086":{"iforward":{"duration":{"num":20,"min":0.000002861,"max":0.002188921,"avg":0.000114024,"var":0.000004532,"sum":0.002280474},"relative_timestamp_from_create":{"num":20,"min":0.000000238,"max":0.000002861,"avg":0.000000560,"var":0.000000000,"sum":0.000011206}},"forward_cb":{"duration":{"num":20,"min":0.000000000,"max":0.000001192,"avg":0.000000274,"var":0.000000000,"sum":0.000005484},"relative_timestamp_from_iforward_start":{"num":20,"min":0.000037432,"max":0.011067867,"avg":0.000602818,"var":0.000115283,"sum":0.012056351}},"iforward_wait":{"duration":{"num":20,"min":0.000033379,"max":0.008886576,"avg":0.000490069,"var":0.000074214,"sum":0.009801388},"relative_timestamp_from_iforward_end":{"num":20,"min":0.000000000,"max":0.000000477,"avg":0.000000167,"var":0.000000000,"sum":0.000003338}},"set_input":{"duration":{"num":20,"min":0.000000954,"max":0.000005245,"avg":0.000001788,"var":0.000000000,"sum":0.000035763},"relative_timestamp_from_iforward_start":{"num":20,"min":0.000001431,"max":0.000011444,"avg":0.000002778,"var":0.000000000,"sum":0.000055552}},"get_output":{"duration":{"num":0,"min":0.000000000,"max":0.000000000,"avg":0.000000000,"var":0.000000000,"sum":0.000000000},"relative_timestamp_from_wait_end":{"num":0,"min":0.000000000,"max":0.000000000,"avg":0.000000000,"var":0.000000000,"sum":0.000000000}}}}},"65535:65535:1161428991:1":{"rpc_id":1161428991,"provider_id":1,"parent_rpc_id":65535,"parent_provider_id":65535,"name":"prod","origin":{"sent to ofi+verbs;ofi_rxm://10.201.0.106:50086":{"iforward":{"duration":{"num":21,"min":0.000002861,"max":0.000018358,"avg":0.000006029,"var":0.000000000,"sum":0.000126600},"relative_timestamp_from_create":{"num":21,"min":0.000000238,"max":0.000001192,"avg":0.000000556,"var":0.000000000,"sum":0.000011683}},"forward_cb":{"duration":{"num":21,"min":0.000000000,"max":0.000000238,"avg":0.000000227,"var":0.000000000,"sum":0.000004768},"relative_timestamp_from_iforward_start":{"num":21,"min":0.000035286,"max":0.000101328,"avg":0.000050193,"var":0.000000007,"sum":0.001054049}},"iforward_wait":{"duration":{"num":21,"min":0.000031471,"max":0.000087738,"avg":0.000045118,"var":0.000000005,"sum":0.000947475},"relative_timestamp_from_iforward_end":{"num":21,"min":0.000000000,"max":0.000000238,"avg":0.000000114,"var":0.000000000,"sum":0.000002384}},"set_input":{"duration":{"num":21,"min":0.000000954,"max":0.000004530,"avg":0.000001873,"var":0.000000000,"sum":0.000039339},"relative_timestamp_from_iforward_start":{"num":21,"min":0.000001431,"max":0.000012636,"avg":0.000003145,"var":0.000000000,"sum":0.000066042}},"get_output":{"duration":{"num":0,"min":0.000000000,"max":0.000000000,"avg":0.000000000,"var":0.000000000,"sum":0.000000000},"relative_timestamp_from_wait_end":{"num":0,"min":0.000000000,"max":0.000000000,"avg":0.000000000,"var":0.000000000,"sum":0.000000000}}}}},"65535:65535:1471021055:0":{"rpc_id":1471021055,"provider_id":0,"parent_rpc_id":65535,"parent_provider_id":65535,"name":"sum","origin":{"sent to ofi+verbs;ofi_rxm://10.201.0.104:40205":{"iforward":{"duration":{"num":30,"min":0.000002861,"max":0.001012325,"avg":0.000038854,"var":0.000000980,"sum":0.001165628},"relative_timestamp_from_create":{"num":30,"min":0.000000238,"max":0.000000954,"avg":0.000000477,"var":0.000000000,"sum":0.000014305}},"forward_cb":{"duration":{"num":30,"min":0.000000000,"max":0.000000715,"avg":0.000000246,"var":0.000000000,"sum":0.000007391},"relative_timestamp_from_iforward_start":{"num":30,"min":0.000016212,"max":0.014064550,"avg":0.000530656,"var":0.000189879,"sum":0.015919685}},"iforward_wait":{"duration":{"num":30,"min":0.000011921,"max":0.013055325,"avg":0.000492692,"var":0.000163654,"sum":0.014780760},"relative_timestamp_from_iforward_end":{"num":30,"min":0.000000000,"max":0.000000238,"avg":0.000000095,"var":0.000000000,"sum":0.000002861}},"set_input":{"duration":{"num":30,"min":0.000000715,"max":0.000003338,"avg":0.000001796,"var":0.000000000,"sum":0.000053883},"relative_timestamp_from_iforward_start":{"num":30,"min":0.000001431,"max":0.000004530,"avg":0.000002638,"var":0.000000000,"sum":0.000079155}},"get_output":{"duration":{"num":0,"min":0.000000000,"max":0.000000000,"avg":0.000000000,"var":0.000000000,"sum":0.000000000},"relative_timestamp_from_wait_end":{"num":0,"min":0.000000000,"max":0.000000000,"avg":0.000000000,"var":0.000000000,"sum":0.000000000}}}}},"65535:65535:1161428991:0":{"rpc_id":1161428991,"provider_id":0,"parent_rpc_id":65535,"parent_provider_id":65535,"name":"prod","origin":{"sent to ofi+verbs;ofi_rxm://10.201.0.104:40205":{"iforward":{"duration":{"num":29,"min":0.000002623,"max":0.000011206,"avg":0.000005311,"var":0.000000000,"sum":0.000154018},"relative_timestamp_from_create":{"num":29,"min":0.000000238,"max":0.000000954,"avg":0.000000510,"var":0.000000000,"sum":0.000014782}},"forward_cb":{"duration":{"num":29,"min":0.000000000,"max":0.000001192,"avg":0.000000238,"var":0.000000000,"sum":0.000006914},"relative_timestamp_from_iforward_start":{"num":29,"min":0.000013828,"max":0.000088215,"avg":0.000043022,"var":0.000000009,"sum":0.001247644}},"iforward_wait":{"duration":{"num":29,"min":0.000011444,"max":0.000081778,"avg":0.000038599,"var":0.000000008,"sum":0.001119375},"relative_timestamp_from_iforward_end":{"num":29,"min":0.000000000,"max":0.000001192,"avg":0.000000140,"var":0.000000000,"sum":0.000004053}},"set_input":{"duration":{"num":29,"min":0.000000715,"max":0.000005007,"avg":0.000001825,"var":0.000000000,"sum":0.000052929},"relative_timestamp_from_iforward_start":{"num":29,"min":0.000001192,"max":0.000006914,"avg":0.000002581,"var":0.000000000,"sum":0.000074863}},"get_output":{"duration":{"num":0,"min":0.000000000,"max":0.000000000,"avg":0.000000000,"var":0.000000000,"sum":0.000000000},"relative_timestamp_from_wait_end":{"num":0,"min":0.000000000,"max":0.000000000,"avg":0.000000000,"var":0.000000000,"sum":0.000000000}}}}}}}