{"address":"ofi+verbs;ofi_rxm://10.201.0.111:45572","rpcs":{},"pools":{"__primary__":{"timestamps":[1692650852.889743805,1692650853.063811779],"size":[0,0],"total_size":[1,0]}}}