{"address":"ofi+verbs;ofi_rxm://10.201.0.111:60276","rpcs":{"__shutdown__:65535":{"timestamps":[1692650852.949340820],"count":[1],"bulk_size":[0]}},"pools":{"__primary__":{"timestamps":[1692650843.083680630,1692650844.089253902,1692650845.090775728,1692650846.100471973,1692650847.102018118,1692650848.103540182,1692650849.105094433,1692650850.106571436,1692650851.116298914,1692650852.117838621,1692650852.949340820],"size":[0,0,0,0,0,0,0,0,0,0,0],"total_size":[1,1,1,1,1,1,1,1,1,1,0]}}}