{"address":"ofi+verbs;ofi_rxm://10.201.0.111:45572","progress_loop":{"progress_with_timeout":{"num":101,"min":0.000011444,"max":0.101613045,"avg":0.001251530,"var":0.010361909,"sum":0.126404524},"progress_timeout_value_msec":{"num":101,"min":100.000000000,"max":100.000000000,"avg":100.000000000,"var":0.000000000,"sum":10100.000000000},"progress_without_timeout":{"num":0,"min":0.000000000,"max":0.000000000,"avg":0.000000000,"var":0.000000000,"sum":0.000000000},"trigger":{"num":100,"min":0.000002384,"max":0.000006437,"avg":0.000003142,"var":0.000000000,"sum":0.000314236}},"rpcs":{"65535:65535:1471021055:0":{"rpc_id":1471021055,"provider_id":0,"parent_rpc_id":65535,"parent_provider_id":65535,"name":"sum","origin":{"sent to ofi+verbs;ofi_rxm://10.201.0.104:40205":{"iforward":{"duration":{"num":30,"min":0.000005484,"max":0.002200127,"avg":0.000079695,"var":0.000004651,"sum":0.002390862},"relative_timestamp_from_create":{"num":30,"min":0.000000954,"max":0.000003576,"avg":0.000001335,"var":0.000000000,"sum":0.000040054}},"forward_cb":{"duration":{"num":30,"min":0.000000715,"max":0.000002861,"avg":0.000001192,"var":0.000000000,"sum":0.000035763},"relative_timestamp_from_iforward_start":{"num":30,"min":0.000020981,"max":0.011105776,"avg":0.000760341,"var":0.000218896,"sum":0.022810221}},"iforward_wait":{"duration":{"num":30,"min":0.000019073,"max":0.010618210,"avg":0.000685136,"var":0.000178204,"sum":0.020554066},"relative_timestamp_from_iforward_end":{"num":30,"min":0.000000715,"max":0.000001431,"avg":0.000001033,"var":0.000000000,"sum":0.000030994}},"set_input":{"duration":{"num":30,"min":0.000001431,"max":0.000006199,"avg":0.000002154,"var":0.000000000,"sum":0.000064611},"relative_timestamp_from_iforward_start":{"num":30,"min":0.000001669,"max":0.000015497,"avg":0.000002996,"var":0.000000000,"sum":0.000089884}},"get_output":{"duration":{"num":0,"min":0.000000000,"max":0.000000000,"avg":0.000000000,"var":0.000000000,"sum":0.000000000},"relative_timestamp_from_wait_end":{"num":0,"min":0.000000000,"max":0.000000000,"avg":0.000000000,"var":0.000000000,"sum":0.000000000}}}}},"65535:65535:1161428991:1":{"rpc_id":1161428991,"provider_id":1,"parent_rpc_id":65535,"parent_provider_id":65535,"name":"prod","origin":{"sent to ofi+verbs;ofi_rxm://10.201.0.106:50086":{"iforward":{"duration":{"num":24,"min":0.000005245,"max":0.001362562,"avg":0.000063131,"var":0.000001762,"sum":0.001515150},"relative_timestamp_from_create":{"num":24,"min":0.000000715,"max":0.000001907,"avg":0.000001272,"var":0.000000000,"sum":0.000030518}},"forward_cb":{"duration":{"num":24,"min":0.000000954,"max":0.000001907,"avg":0.000001132,"var":0.000000000,"sum":0.000027180},"relative_timestamp_from_iforward_start":{"num":24,"min":0.000030518,"max":0.003095388,"avg":0.000174046,"var":0.000008911,"sum":0.004177094}},"iforward_wait":{"duration":{"num":24,"min":0.000028610,"max":0.001738548,"avg":0.000115295,"var":0.000002754,"sum":0.002767086},"relative_timestamp_from_iforward_end":{"num":24,"min":0.000000477,"max":0.000001431,"avg":0.000001023,"var":0.000000000,"sum":0.000024557}},"set_input":{"duration":{"num":24,"min":0.000001431,"max":0.000003338,"avg":0.000002136,"var":0.000000000,"sum":0.000051260},"relative_timestamp_from_iforward_start":{"num":24,"min":0.000001907,"max":0.000010967,"avg":0.000002990,"var":0.000000000,"sum":0.000071764}},"get_output":{"duration":{"num":0,"min":0.000000000,"max":0.000000000,"avg":0.000000000,"var":0.000000000,"sum":0.000000000},"relative_timestamp_from_wait_end":{"num":0,"min":0.000000000,"max":0.000000000,"avg":0.000000000,"var":0.000000000,"sum":0.000000000}}}}},"65535:65535:1471021055:1":{"rpc_id":1471021055,"provider_id":1,"parent_rpc_id":65535,"parent_provider_id":65535,"name":"sum","origin":{"sent to ofi+verbs;ofi_rxm://10.201.0.106:50086":{"iforward":{"duration":{"num":20,"min":0.000005484,"max":0.000012875,"avg":0.000006628,"var":0.000000000,"sum":0.000132561},"relative_timestamp_from_create":{"num":20,"min":0.000000715,"max":0.000001907,"avg":0.000001287,"var":0.000000000,"sum":0.000025749}},"forward_cb":{"duration":{"num":20,"min":0.000000715,"max":0.000001431,"avg":0.000001085,"var":0.000000000,"sum":0.000021696},"relative_timestamp_from_iforward_start":{"num":20,"min":0.000030041,"max":0.000653505,"avg":0.000076175,"var":0.000000354,"sum":0.001523495}},"iforward_wait":{"duration":{"num":20,"min":0.000028133,"max":0.000651121,"avg":0.000073862,"var":0.000000353,"sum":0.001477242},"relative_timestamp_from_iforward_end":{"num":20,"min":0.000000715,"max":0.000001192,"avg":0.000000954,"var":0.000000000,"sum":0.000019073}},"set_input":{"duration":{"num":20,"min":0.000001669,"max":0.000002861,"avg":0.000002086,"var":0.000000000,"sum":0.000041723},"relative_timestamp_from_iforward_start":{"num":20,"min":0.000001907,"max":0.000008106,"avg":0.000002849,"var":0.000000000,"sum":0.000056982}},"get_output":{"duration":{"num":0,"min":0.000000000,"max":0.000000000,"avg":0.000000000,"var":0.000000000,"sum":0.000000000},"relative_timestamp_from_wait_end":{"num":0,"min":0.000000000,"max":0.000000000,"avg":0.000000000,"var":0.000000000,"sum":0.000000000}}}}},"65535:65535:1161428991:0":{"rpc_id":1161428991,"provider_id":0,"parent_rpc_id":65535,"parent_provider_id":65535,"name":"prod","origin":{"sent to ofi+verbs;ofi_rxm://10.201.0.104:40205":{"iforward":{"duration":{"num":26,"min":0.000005245,"max":0.000011444,"avg":0.000006089,"var":0.000000000,"sum":0.000158310},"relative_timestamp_from_create":{"num":26,"min":0.000000954,"max":0.000001669,"avg":0.000001311,"var":0.000000000,"sum":0.000034094}},"forward_cb":{"duration":{"num":26,"min":0.000000715,"max":0.000001431,"avg":0.000001018,"var":0.000000000,"sum":0.000026464},"relative_timestamp_from_iforward_start":{"num":26,"min":0.000024796,"max":0.000042439,"avg":0.000035726,"var":0.000000001,"sum":0.000928879}},"iforward_wait":{"duration":{"num":26,"min":0.000022888,"max":0.000039816,"avg":0.000033782,"var":0.000000001,"sum":0.000878334},"relative_timestamp_from_iforward_end":{"num":26,"min":0.000000954,"max":0.000001431,"avg":0.000001082,"var":0.000000000,"sum":0.000028133}},"set_input":{"duration":{"num":26,"min":0.000001431,"max":0.000002861,"avg":0.000001926,"var":0.000000000,"sum":0.000050068},"relative_timestamp_from_iforward_start":{"num":26,"min":0.000001907,"max":0.000006676,"avg":0.000002577,"var":0.000000000,"sum":0.000066996}},"get_output":{"duration":{"num":0,"min":0.000000000,"max":0.000000000,"avg":0.000000000,"var":0.000000000,"sum":0.000000000},"relative_timestamp_from_wait_end":{"num":0,"min":0.000000000,"max":0.000000000,"avg":0.000000000,"var":0.000000000,"sum":0.000000000}}}}}}}