{"address":"ofi+verbs;ofi_rxm://10.201.0.104:40205","rpcs":{"sum:0":{"timestamps":[1692650852.919839382],"count":[114],"bulk_size":[0]},"prod:0":{"timestamps":[1692650852.919839382],"count":[102],"bulk_size":[0]},"__shutdown__:65535":{"timestamps":[1692650852.919839382],"count":[1],"bulk_size":[0]}},"pools":{"__primary__":{"timestamps":[1692650843.086831093,1692650844.126778364,1692650845.166783810,1692650846.206552744,1692650847.246572256,1692650848.286589861,1692650849.326560497,1692650850.366574287,1692650851.406633615,1692650852.446592569,1692650852.919839382],"size":[0,0,0,0,0,0,0,0,0,0,0],"total_size":[1,1,1,1,1,1,1,1,1,1,0]}}}