{"address":"ofi+verbs;ofi_rxm://10.201.0.109:33656","progress_loop":{"progress_with_timeout":{"num":101,"min":0.000010252,"max":0.101588488,"avg":0.001254221,"var":0.010357100,"sum":0.126676321},"progress_timeout_value_msec":{"num":101,"min":100.000000000,"max":100.000000000,"avg":100.000000000,"var":0.000000000,"sum":10100.000000000},"progress_without_timeout":{"num":0,"min":0.000000000,"max":0.000000000,"avg":0.000000000,"var":0.000000000,"sum":0.000000000},"trigger":{"num":100,"min":0.000002623,"max":0.000007153,"avg":0.000003076,"var":0.000000000,"sum":0.000307560}},"rpcs":{"65535:65535:1471021055:0":{"rpc_id":1471021055,"provider_id":0,"parent_rpc_id":65535,"parent_provider_id":65535,"name":"sum","origin":{"sent to ofi+verbs;ofi_rxm://10.201.0.104:40205":{"iforward":{"duration":{"num":31,"min":0.000005245,"max":0.002008200,"avg":0.000070910,"var":0.000003878,"sum":0.002198219},"relative_timestamp_from_create":{"num":31,"min":0.000000715,"max":0.000004292,"avg":0.000001354,"var":0.000000000,"sum":0.000041962}},"forward_cb":{"duration":{"num":31,"min":0.000000954,"max":0.000002861,"avg":0.000001115,"var":0.000000000,"sum":0.000034571},"relative_timestamp_from_iforward_start":{"num":31,"min":0.000026703,"max":0.011442900,"avg":0.000407319,"var":0.000125846,"sum":0.012626886}},"iforward_wait":{"duration":{"num":31,"min":0.000025272,"max":0.009448290,"avg":0.000340985,"var":0.000085710,"sum":0.010570526},"relative_timestamp_from_iforward_end":{"num":31,"min":0.000000715,"max":0.000001431,"avg":0.000001077,"var":0.000000000,"sum":0.000033379}},"set_input":{"duration":{"num":31,"min":0.000001431,"max":0.000005722,"avg":0.000002200,"var":0.000000000,"sum":0.000068188},"relative_timestamp_from_iforward_start":{"num":31,"min":0.000001907,"max":0.000015497,"avg":0.000002915,"var":0.000000000,"sum":0.000090361}},"get_output":{"duration":{"num":0,"min":0.000000000,"max":0.000000000,"avg":0.000000000,"var":0.000000000,"sum":0.000000000},"relative_timestamp_from_wait_end":{"num":0,"min":0.000000000,"max":0.000000000,"avg":0.000000000,"var":0.000000000,"sum":0.000000000}}}}},"65535:65535:1161428991:0":{"rpc_id":1161428991,"provider_id":0,"parent_rpc_id":65535,"parent_provider_id":65535,"name":"prod","origin":{"sent to ofi+verbs;ofi_rxm://10.201.0.104:40205":{"iforward":{"duration":{"num":25,"min":0.000005245,"max":0.000021219,"avg":0.000006828,"var":0.000000000,"sum":0.000170708},"relative_timestamp_from_create":{"num":25,"min":0.000000715,"max":0.000002384,"avg":0.000001259,"var":0.000000000,"sum":0.000031471}},"forward_cb":{"duration":{"num":25,"min":0.000000715,"max":0.000001431,"avg":0.000001001,"var":0.000000000,"sum":0.000025034},"relative_timestamp_from_iforward_start":{"num":25,"min":0.000019789,"max":0.010199785,"avg":0.000458059,"var":0.000098997,"sum":0.011451483}},"iforward_wait":{"duration":{"num":25,"min":0.000017643,"max":0.010198593,"avg":0.000455618,"var":0.000099012,"sum":0.011390448},"relative_timestamp_from_iforward_end":{"num":25,"min":0.000000477,"max":0.000001431,"avg":0.000000963,"var":0.000000000,"sum":0.000024080}},"set_input":{"duration":{"num":25,"min":0.000001192,"max":0.000004530,"avg":0.000002060,"var":0.000000000,"sum":0.000051498},"relative_timestamp_from_iforward_start":{"num":25,"min":0.000001907,"max":0.000013351,"avg":0.000002890,"var":0.000000000,"sum":0.000072241}},"get_output":{"duration":{"num":0,"min":0.000000000,"max":0.000000000,"avg":0.000000000,"var":0.000000000,"sum":0.000000000},"relative_timestamp_from_wait_end":{"num":0,"min":0.000000000,"max":0.000000000,"avg":0.000000000,"var":0.000000000,"sum":0.000000000}}}}},"65535:65535:1161428991:1":{"rpc_id":1161428991,"provider_id":1,"parent_rpc_id":65535,"parent_provider_id":65535,"name":"prod","origin":{"sent to ofi+verbs;ofi_rxm://10.201.0.106:50086":{"iforward":{"duration":{"num":25,"min":0.000005007,"max":0.001175404,"avg":0.000052595,"var":0.000001313,"sum":0.001314878},"relative_timestamp_from_create":{"num":25,"min":0.000000715,"max":0.000001669,"avg":0.000001202,"var":0.000000000,"sum":0.000030041}},"forward_cb":{"duration":{"num":25,"min":0.000000715,"max":0.000001431,"avg":0.000001097,"var":0.000000000,"sum":0.000027418},"relative_timestamp_from_iforward_start":{"num":25,"min":0.000033855,"max":0.002811193,"avg":0.000177488,"var":0.000007607,"sum":0.004437208}},"iforward_wait":{"duration":{"num":25,"min":0.000030994,"max":0.001641035,"avg":0.000129395,"var":0.000002759,"sum":0.003234863},"relative_timestamp_from_iforward_end":{"num":25,"min":0.000000954,"max":0.000001431,"avg":0.000001001,"var":0.000000000,"sum":0.000025034}},"set_input":{"duration":{"num":25,"min":0.000001431,"max":0.000002384,"avg":0.000001907,"var":0.000000000,"sum":0.000047684},"relative_timestamp_from_iforward_start":{"num":25,"min":0.000001669,"max":0.000007391,"avg":0.000002441,"var":0.000000000,"sum":0.000061035}},"get_output":{"duration":{"num":0,"min":0.000000000,"max":0.000000000,"avg":0.000000000,"var":0.000000000,"sum":0.000000000},"relative_timestamp_from_wait_end":{"num":0,"min":0.000000000,"max":0.000000000,"avg":0.000000000,"var":0.000000000,"sum":0.000000000}}}}},"65535:65535:1471021055:1":{"rpc_id":1471021055,"provider_id":1,"parent_rpc_id":65535,"parent_provider_id":65535,"name":"sum","origin":{"sent to ofi+verbs;ofi_rxm://10.201.0.106:50086":{"iforward":{"duration":{"num":19,"min":0.000005245,"max":0.000012636,"avg":0.000005923,"var":0.000000000,"sum":0.000112534},"relative_timestamp_from_create":{"num":19,"min":0.000000954,"max":0.000001907,"avg":0.000001217,"var":0.000000000,"sum":0.000023127}},"forward_cb":{"duration":{"num":19,"min":0.000000715,"max":0.000001192,"avg":0.000000941,"var":0.000000000,"sum":0.000017881},"relative_timestamp_from_iforward_start":{"num":19,"min":0.000030518,"max":0.000059843,"avg":0.000042589,"var":0.000000001,"sum":0.000809193}},"iforward_wait":{"duration":{"num":19,"min":0.000028372,"max":0.000057936,"avg":0.000040820,"var":0.000000001,"sum":0.000775576},"relative_timestamp_from_iforward_end":{"num":19,"min":0.000000477,"max":0.000001192,"avg":0.000000929,"var":0.000000000,"sum":0.000017643}},"set_input":{"duration":{"num":19,"min":0.000001431,"max":0.000002861,"avg":0.000001820,"var":0.000000000,"sum":0.000034571},"relative_timestamp_from_iforward_start":{"num":19,"min":0.000001907,"max":0.000007153,"avg":0.000002409,"var":0.000000000,"sum":0.000045776}},"get_output":{"duration":{"num":0,"min":0.000000000,"max":0.000000000,"avg":0.000000000,"var":0.000000000,"sum":0.000000000},"relative_timestamp_from_wait_end":{"num":0,"min":0.000000000,"max":0.000000000,"avg":0.000000000,"var":0.000000000,"sum":0.000000000}}}}}}}