{"address":"ofi+verbs;ofi_rxm://10.201.0.111:60276","progress_loop":{"progress_with_timeout":{"num":100,"min":0.018651962,"max":0.104242325,"avg":0.099534881,"var":0.006687345,"sum":9.953488111},"progress_timeout_value_msec":{"num":100,"min":100.000000000,"max":100.000000000,"avg":100.000000000,"var":0.000000000,"sum":10000.000000000},"progress_without_timeout":{"num":2,"min":0.000003815,"max":0.000004768,"avg":0.000004292,"var":0.000000000,"sum":0.000008583},"trigger":{"num":2,"min":0.000005722,"max":0.000025272,"avg":0.000015497,"var":0.000000000,"sum":0.000030994}},"rpcs":{"65535:65535:3542155263:65535":{"rpc_id":3542155263,"provider_id":65535,"parent_rpc_id":65535,"parent_provider_id":65535,"name":"__shutdown__","target":{"received from ofi+verbs;ofi_rxm://10.201.0.104:47097":{"handler":{"duration":{"num":1,"min":0.000013351,"max":0.000013351,"avg":0.000013351,"var":0.000000000,"sum":0.000013351}},"ult":{"duration":{"num":1,"min":0.011554003,"max":0.011554003,"avg":0.011554003,"var":0.000000000,"sum":0.011554003},"relative_timestamp_from_handler_start":{"num":1,"min":0.000022888,"max":0.000022888,"avg":0.000022888,"var":0.000000000,"sum":0.000022888}},"irespond":{"duration":{"num":1,"min":0.011525154,"max":0.011525154,"avg":0.011525154,"var":0.000000000,"sum":0.011525154},"relative_timestamp_from_ult_start":{"num":1,"min":0.000002146,"max":0.000002146,"avg":0.000002146,"var":0.000000000,"sum":0.000002146}},"respond_cb":{"duration":{"num":1,"min":0.000002384,"max":0.000002384,"avg":0.000002384,"var":0.000000000,"sum":0.000002384},"relative_timestamp_from_irespond_start":{"num":1,"min":0.011540890,"max":0.011540890,"avg":0.011540890,"var":0.000000000,"sum":0.011540890}},"irespond_wait":{"duration":{"num":1,"min":0.000020981,"max":0.000020981,"avg":0.000020981,"var":0.000000000,"sum":0.000020981},"relative_timestamp_from_irespond_end":{"num":1,"min":0.000001907,"max":0.000001907,"avg":0.000001907,"var":0.000000000,"sum":0.000001907}},"set_output":{"duration":{"num":1,"min":0.000001431,"max":0.000001431,"avg":0.000001431,"var":0.000000000,"sum":0.000001431},"relative_timestamp_from_irespond_start":{"num":1,"min":0.000002623,"max":0.000002623,"avg":0.000002623,"var":0.000000000,"sum":0.000002623}},"get_input":{"duration":{"num":0,"min":0.000000000,"max":0.000000000,"avg":0.000000000,"var":0.000000000,"sum":0.000000000},"relative_timestamp_from_ult_start":{"num":0,"min":0.000000000,"max":0.000000000,"avg":0.000000000,"var":0.000000000,"sum":0.000000000}}}}}}}