{"address":"ofi+verbs;ofi_rxm://10.201.0.104:40205","progress_loop":{"progress_with_timeout":{"num":217,"min":0.000002146,"max":0.106144905,"avg":0.045759878,"var":0.573769741,"sum":9.929893494},"progress_timeout_value_msec":{"num":217,"min":100.000000000,"max":100.000000000,"avg":100.000000000,"var":0.000000000,"sum":21700.000000000},"progress_without_timeout":{"num":585,"min":0.000000000,"max":0.000008583,"avg":0.000000464,"var":0.000000000,"sum":0.000271559},"trigger":{"num":434,"min":0.000000000,"max":0.000545740,"avg":0.000002640,"var":0.000000297,"sum":0.001145601}},"rpcs":{"65535:65535:1471021055:0":{"rpc_id":1471021055,"provider_id":0,"parent_rpc_id":65535,"parent_provider_id":65535,"name":"sum","target":{"received from ofi+verbs;ofi_rxm://10.201.0.109:33656":{"handler":{"duration":{"num":31,"min":0.000000954,"max":0.000014305,"avg":0.000002030,"var":0.000000000,"sum":0.000062943}},"ult":{"duration":{"num":31,"min":0.000006199,"max":0.003399134,"avg":0.000119102,"var":0.000011118,"sum":0.003692150},"relative_timestamp_from_handler_start":{"num":31,"min":0.000001192,"max":0.000020981,"avg":0.000003799,"var":0.000000001,"sum":0.000117779}},"irespond":{"duration":{"num":31,"min":0.000001192,"max":0.003344059,"avg":0.000109511,"var":0.000010811,"sum":0.003394842},"relative_timestamp_from_ult_start":{"num":31,"min":0.000001192,"max":0.000013828,"avg":0.000002423,"var":0.000000000,"sum":0.000075102}},"respond_cb":{"duration":{"num":31,"min":0.000000000,"max":0.000000954,"avg":0.000000115,"var":0.000000000,"sum":0.000003576},"relative_timestamp_from_irespond_start":{"num":31,"min":0.000004053,"max":0.003371477,"avg":0.000115341,"var":0.000010956,"sum":0.003575563}},"irespond_wait":{"duration":{"num":31,"min":0.000003099,"max":0.000035763,"avg":0.000006422,"var":0.000000001,"sum":0.000199080},"relative_timestamp_from_irespond_end":{"num":31,"min":0.000000000,"max":0.000000954,"avg":0.000000092,"var":0.000000000,"sum":0.000002861}},"set_output":{"duration":{"num":31,"min":0.000000477,"max":0.000002623,"avg":0.000000884,"var":0.000000000,"sum":0.000027418},"relative_timestamp_from_irespond_start":{"num":31,"min":0.000000000,"max":0.000001431,"avg":0.000000123,"var":0.000000000,"sum":0.000003815}},"get_input":{"duration":{"num":31,"min":0.000000477,"max":0.000005960,"avg":0.000001031,"var":0.000000000,"sum":0.000031948},"relative_timestamp_from_ult_start":{"num":31,"min":0.000000238,"max":0.000005484,"avg":0.000000754,"var":0.000000000,"sum":0.000023365}}},"received from ofi+verbs;ofi_rxm://10.201.0.111:45572":{"handler":{"duration":{"num":30,"min":0.000000715,"max":0.000005960,"avg":0.000001566,"var":0.000000000,"sum":0.000046968}},"ult":{"duration":{"num":30,"min":0.000005960,"max":0.000017166,"avg":0.000009616,"var":0.000000000,"sum":0.000288486},"relative_timestamp_from_handler_start":{"num":30,"min":0.000001192,"max":0.000558138,"avg":0.000021617,"var":0.000000298,"sum":0.000648499}},"irespond":{"duration":{"num":30,"min":0.000001192,"max":0.000002623,"avg":0.000001685,"var":0.000000000,"sum":0.000050545},"relative_timestamp_from_ult_start":{"num":30,"min":0.000001192,"max":0.000004292,"avg":0.000002273,"var":0.000000000,"sum":0.000068188}},"respond_cb":{"duration":{"num":30,"min":0.000000000,"max":0.000000238,"avg":0.000000103,"var":0.000000000,"sum":0.000003099},"relative_timestamp_from_irespond_start":{"num":30,"min":0.000003815,"max":0.000012159,"avg":0.000006223,"var":0.000000000,"sum":0.000186682}},"irespond_wait":{"duration":{"num":30,"min":0.000002623,"max":0.000011206,"avg":0.000005110,"var":0.000000000,"sum":0.000153303},"relative_timestamp_from_irespond_end":{"num":30,"min":0.000000000,"max":0.000000238,"avg":0.000000056,"var":0.000000000,"sum":0.000001669}},"set_output":{"duration":{"num":30,"min":0.000000477,"max":0.000001431,"avg":0.000000842,"var":0.000000000,"sum":0.000025272},"relative_timestamp_from_irespond_start":{"num":30,"min":0.000000000,"max":0.000000238,"avg":0.000000119,"var":0.000000000,"sum":0.000003576}},"get_input":{"duration":{"num":30,"min":0.000000477,"max":0.000002146,"avg":0.000000938,"var":0.000000000,"sum":0.000028133},"relative_timestamp_from_ult_start":{"num":30,"min":0.000000238,"max":0.000002146,"avg":0.000000691,"var":0.000000000,"sum":0.000020742}}},"received from ofi+verbs;ofi_rxm://10.201.0.106:56077":{"handler":{"duration":{"num":30,"min":0.000000715,"max":0.000005007,"avg":0.000001812,"var":0.000000000,"sum":0.000054359}},"ult":{"duration":{"num":30,"min":0.000006676,"max":0.000021458,"avg":0.000012350,"var":0.000000001,"sum":0.000370502},"relative_timestamp_from_handler_start":{"num":30,"min":0.000001192,"max":0.000554323,"avg":0.000021450,"var":0.000000294,"sum":0.000643492}},"irespond":{"duration":{"num":30,"min":0.000001192,"max":0.000003815,"avg":0.000001828,"var":0.000000000,"sum":0.000054836},"relative_timestamp_from_ult_start":{"num":30,"min":0.000001431,"max":0.000005245,"avg":0.000002464,"var":0.000000000,"sum":0.000073910}},"respond_cb":{"duration":{"num":30,"min":0.000000000,"max":0.000000238,"avg":0.000000119,"var":0.000000000,"sum":0.000003576},"relative_timestamp_from_irespond_start":{"num":30,"min":0.000004292,"max":0.000014305,"avg":0.000008170,"var":0.000000000,"sum":0.000245094}},"irespond_wait":{"duration":{"num":30,"min":0.000003099,"max":0.000014782,"avg":0.000007407,"var":0.000000000,"sum":0.000222206},"relative_timestamp_from_irespond_end":{"num":30,"min":0.000000000,"max":0.000000238,"avg":0.000000079,"var":0.000000000,"sum":0.000002384}},"set_output":{"duration":{"num":30,"min":0.000000477,"max":0.000001669,"avg":0.000000954,"var":0.000000000,"sum":0.000028610},"relative_timestamp_from_irespond_start":{"num":30,"min":0.000000000,"max":0.000000238,"avg":0.000000119,"var":0.000000000,"sum":0.000003576}},"get_input":{"duration":{"num":30,"min":0.000000477,"max":0.000002384,"avg":0.000001073,"var":0.000000000,"sum":0.000032187},"relative_timestamp_from_ult_start":{"num":30,"min":0.000000238,"max":0.000001669,"avg":0.000000723,"var":0.000000000,"sum":0.000021696}}},"received from ofi+verbs;ofi_rxm://10.201.0.104:47097":{"handler":{"duration":{"num":23,"min":0.000000715,"max":0.000002384,"avg":0.000001959,"var":0.000000000,"sum":0.000045061}},"ult":{"duration":{"num":23,"min":0.000006199,"max":0.000022173,"avg":0.000012678,"var":0.000000000,"sum":0.000291586},"relative_timestamp_from_handler_start":{"num":23,"min":0.000001907,"max":0.000013828,"avg":0.000003504,"var":0.000000000,"sum":0.000080585}},"irespond":{"duration":{"num":23,"min":0.000001192,"max":0.000002861,"avg":0.000002021,"var":0.000000000,"sum":0.000046492},"relative_timestamp_from_ult_start":{"num":23,"min":0.000001431,"max":0.000010490,"avg":0.000003110,"var":0.000000000,"sum":0.000071526}},"respond_cb":{"duration":{"num":23,"min":0.000000000,"max":0.000000238,"avg":0.000000114,"var":0.000000000,"sum":0.000002623},"relative_timestamp_from_irespond_start":{"num":23,"min":0.000003099,"max":0.000015974,"avg":0.000007650,"var":0.000000000,"sum":0.000175953}},"irespond_wait":{"duration":{"num":23,"min":0.000001669,"max":0.000015974,"avg":0.000006821,"var":0.000000000,"sum":0.000156879},"relative_timestamp_from_irespond_end":{"num":23,"min":0.000000000,"max":0.000000238,"avg":0.000000062,"var":0.000000000,"sum":0.000001431}},"set_output":{"duration":{"num":23,"min":0.000000477,"max":0.000001431,"avg":0.000001047,"var":0.000000000,"sum":0.000024080},"relative_timestamp_from_irespond_start":{"num":23,"min":0.000000000,"max":0.000000238,"avg":0.000000176,"var":0.000000000,"sum":0.000004053}},"get_input":{"duration":{"num":23,"min":0.000000477,"max":0.000001907,"avg":0.000001192,"var":0.000000000,"sum":0.000027418},"relative_timestamp_from_ult_start":{"num":23,"min":0.000000477,"max":0.000007391,"avg":0.000001151,"var":0.000000000,"sum":0.000026464}}}}},"65535:65535:1161428991:0":{"rpc_id":1161428991,"provider_id":0,"parent_rpc_id":65535,"parent_provider_id":65535,"name":"prod",