{"address":"ofi+verbs;ofi_rxm://10.201.0.109:33656","rpcs":{},"pools":{"__primary__":{"timestamps":[1692650852.889696836,1692650853.063708305],"size":[0,0],"total_size":[1,0]}}}