{"address":"ofi+verbs;ofi_rxm://10.201.0.106:50086","progress_loop":{"progress_with_timeout":{"num":197,"min":0.000003338,"max":0.105036974,"avg":0.050408383,"var":0.527402428,"sum":9.930451393},"progress_timeout_value_msec":{"num":197,"min":100.000000000,"max":100.000000000,"avg":100.000000000,"var":0.000000000,"sum":19700.000000000},"progress_without_timeout":{"num":447,"min":0.000000000,"max":0.000003815,"avg":0.000000440,"var":0.000000000,"sum":0.000196457},"trigger":{"num":370,"min":0.000000000,"max":0.000587225,"avg":0.000003167,"var":0.000000344,"sum":0.001171827}},"rpcs":{"65535:65535:1471021055:1":{"rpc_id":1471021055,"provider_id":1,"parent_rpc_id":65535,"parent_provider_id":65535,"name":"sum","target":{"received from ofi+verbs;ofi_rxm://10.201.0.106:56077":{"handler":{"duration":{"num":20,"min":0.000000715,"max":0.000013113,"avg":0.000002408,"var":0.000000000,"sum":0.000048161}},"ult":{"duration":{"num":20,"min":0.000007868,"max":0.003200054,"avg":0.000174427,"var":0.000009637,"sum":0.003488541},"relative_timestamp_from_handler_start":{"num":20,"min":0.000002623,"max":0.000019073,"avg":0.000006187,"var":0.000000000,"sum":0.000123739}},"irespond":{"duration":{"num":20,"min":0.000001192,"max":0.003165007,"avg":0.000160217,"var":0.000009504,"sum":0.003204346},"relative_timestamp_from_ult_start":{"num":20,"min":0.000001192,"max":0.000014305,"avg":0.000003099,"var":0.000000000,"sum":0.000061989}},"respond_cb":{"duration":{"num":20,"min":0.000000000,"max":0.000000954,"avg":0.000000167,"var":0.000000000,"sum":0.000003338},"relative_timestamp_from_irespond_start":{"num":20,"min":0.000004292,"max":0.003178596,"avg":0.000169373,"var":0.000009532,"sum":0.003387451}},"irespond_wait":{"duration":{"num":20,"min":0.000002384,"max":0.000020981,"avg":0.000009966,"var":0.000000000,"sum":0.000199318},"relative_timestamp_from_irespond_end":{"num":20,"min":0.000000000,"max":0.000000477,"avg":0.000000131,"var":0.000000000,"sum":0.000002623}},"set_output":{"duration":{"num":20,"min":0.000000477,"max":0.000002146,"avg":0.000001013,"var":0.000000000,"sum":0.000020266},"relative_timestamp_from_irespond_start":{"num":20,"min":0.000000000,"max":0.000001431,"avg":0.000000238,"var":0.000000000,"sum":0.000004768}},"get_input":{"duration":{"num":20,"min":0.000000477,"max":0.000005722,"avg":0.000001383,"var":0.000000000,"sum":0.000027657},"relative_timestamp_from_ult_start":{"num":20,"min":0.000000238,"max":0.000005722,"avg":0.000000906,"var":0.000000000,"sum":0.000018120}}},"received from ofi+verbs;ofi_rxm://10.201.0.104:47097":{"handler":{"duration":{"num":27,"min":0.000000954,"max":0.000006199,"avg":0.000002013,"var":0.000000000,"sum":0.000054359}},"ult":{"duration":{"num":27,"min":0.000006437,"max":0.000020027,"avg":0.000012433,"var":0.000000000,"sum":0.000335693},"relative_timestamp_from_handler_start":{"num":27,"min":0.000001192,"max":0.000012159,"avg":0.000003841,"var":0.000000000,"sum":0.000103712}},"irespond":{"duration":{"num":27,"min":0.000001192,"max":0.000004292,"avg":0.000002049,"var":0.000000000,"sum":0.000055313},"relative_timestamp_from_ult_start":{"num":27,"min":0.000001192,"max":0.000005484,"avg":0.000002499,"var":0.000000000,"sum":0.000067472}},"respond_cb":{"duration":{"num":27,"min":0.000000000,"max":0.000001192,"avg":0.000000185,"var":0.000000000,"sum":0.000005007},"relative_timestamp_from_irespond_start":{"num":27,"min":0.000004292,"max":0.000015974,"avg":0.000008159,"var":0.000000000,"sum":0.000220299}},"irespond_wait":{"duration":{"num":27,"min":0.000003099,"max":0.000014305,"avg":0.000007117,"var":0.000000000,"sum":0.000192165},"relative_timestamp_from_irespond_end":{"num":27,"min":0.000000000,"max":0.000000238,"avg":0.000000079,"var":0.000000000,"sum":0.000002146}},"set_output":{"duration":{"num":27,"min":0.000000477,"max":0.000003099,"avg":0.000001051,"var":0.000000000,"sum":0.000028372},"relative_timestamp_from_irespond_start":{"num":27,"min":0.000000000,"max":0.000000238,"avg":0.000000159,"var":0.000000000,"sum":0.000004292}},"get_input":{"duration":{"num":27,"min":0.000000477,"max":0.000002384,"avg":0.000001068,"var":0.000000000,"sum":0.000028849},"relative_timestamp_from_ult_start":{"num":27,"min":0.000000238,"max":0.000001669,"avg":0.000000742,"var":0.000000000,"sum":0.000020027}}},"received from ofi+verbs;ofi_rxm://10.201.0.109:33656":{"handler":{"duration":{"num":19,"min":0.000000715,"max":0.000003815,"avg":0.000001870,"var":0.000000000,"sum":0.000035524}},"ult":{"duration":{"num":19,"min":0.000005722,"max":0.000018120,"avg":0.000009035,"var":0.000000000,"sum":0.000171661},"relative_timestamp_from_handler_start":{"num":19,"min":0.000001907,"max":0.000010252,"avg":0.000004605,"var":0.000000000,"sum":0.000087500}},"irespond":{"duration":{"num":19,"min":0.000001192,"max":0.000003576,"avg":0.000001619,"var":0.000000000,"sum":0.000030756},"relative_timestamp_from_ult_start":{"num":19,"min":0.000001431,"max":0.000004768,"avg":0.000002121,"var":0.000000000,"sum":0.000040293}},"respond_cb":{"duration":{"num":19,"min":0.000000000,"max":0.000000238,"avg":0.000000100,"var":0.000000000,"sum":0.000001907},"relative_timestamp_from_irespond_start":{"num":19,"min":0.000003576,"max":0.000010490,"avg":0.000005597,"var":0.000000000,"sum":0.000106335}},"irespond_wait":{"duration":{"num":19,"min":0.000002623,"max":0.000011683,"avg":0.000004655,"var":0.000000000,"sum":0.000088453},"relative_timestamp_from_irespond_end":{"num":19,"min":0.000000000,"max":0.000000238,"avg":0.000000050,"var":0.000000000,"sum":0.000000954}},"set_output":{"duration":{"num":19,"min":0.000000477,"max":0.000001669,"avg":0.000000816,"var":0.000000000,"sum":0.000015497},"relative_timestamp_from_irespond_start":{"num":19,"min":0.000000000,"max":0.000000477,"avg":0.000000100,"var":0.000000000,"sum":0.000001907}},"get_input":{"duration":{"num":19,"min":0.000000477,"max":0.000002146,"avg":0.000000954,"var":0.000000000,"sum":0.000018120},"relative_timestamp_from_ult_start":{"num":19,"min":0.000000238,"max":0.000001431,"avg":0.000000565,"var":0.000000000,"sum":0.000010729}}},"received from ofi+verbs;ofi_rxm://10.201.0.111:45572":{"handler":{"duration":{"num":20,"min":0.000000715,"max":0.000586271,"avg":0.000030982,"var":0.000000325,"sum":0.000619650}},"ult":{"duration":{"num":20,"min":0.000006437,"max":0.000015259,"avg":0.000009227,"var":0.000000000,"sum":0.000184536},"relative_timestamp_from_handler_start":{"num":20,"min":0.000001192,"max":0.000602484,"avg":0.000034249,"var":0.000000340,"sum":0.000684977}},"irespond":{"duration":{"num":20,"min":0.000000954,"max":0.000003576,"avg":0.000001776,"var":0.000000000,"sum":0.000035524},"relative_timestamp_from_ult_start":{"num":20,"min":0.000001192,"max":0.000006437,"avg":0.000002384,"var":0.000000000,"sum":0.000047684}},"respond_cb":{"duration":{"num":20,"min":0.000000000,"max":0.000000238,"avg":0.000000143,"var":0.000000000,"sum":0.000002861},"relative_timestamp_from_irespond_start":{"num":20,"min":0.000004292,"max":0.000007868,"avg":0.000005770,"var":0.000000000,"sum":0.000115395}},"irespond_wait":{"duration":{"num":20,"min":0.000003338,"max":0.000006437,"avg":0.000004387,"var":0.000000000,"sum":0.000087738},"relative_timestamp_from_irespond_end":{"num":20,"min":0.000000000,"max":0.000000238,"avg":0.000000095,"var":0.000000000,"sum":0.000001907}},"set_output":{"duration":{"num":20,"min":0.000000477,"max":0.000001907,"avg":0.000000870,"var":0.000000000,"sum":0.000017405},"relative_timestamp_from_irespond_start":{"num":20,"min":0.000000000,"max":0.000000238,"avg":0.000000143,"var":0.000000000,"sum":0.000002861}},"get_input":{"duration":{"num":20,"min":0.000000477,"max":0.000002384,"avg":0.000001013,"var":0.000000000,"sum":0.000020266},"relative_timestamp_from_ult_start":{"num":20,"min":0.000000238,"max":0.000003099,"avg":0.000000775,"var":0.000000000,"sum":0.000015497}}}}},"65535:65535:1161428991:1":{"rpc_id":1161428991,"provider_id":1,"parent_rpc_id":65535,"parent_provider_id":65535,"name":"prod",