{"address":"ofi+verbs;ofi_rxm://10.201.0.106:50086","rpcs":{"sum:1":{"timestamps":[1692650852.920222282],"count":[86],"bulk_size":[0]},"prod:1":{"timestamps":[1692650852.920222282],"count":[98],"bulk_size":[0]},"__shutdown__:65535":{"timestamps":[1692650852.920222282],"count":[1],"bulk_size":[0]}},"pools":{"__primary__":{"timestamps":[1692650843.085935831,1692650844.125967741,1692650845.165953636,1692650846.206011772,1692650847.245993614,1692650848.286017179,1692650849.326001406,1692650850.366005898,1692650851.406035900,1692650852.446003437,1692650852.920222282],"size":[0,0,0,0,0,0,0,0,0,0,0],"total_size":[1,1,1,1,1,1,1,1,1,1,0]}}}