{"address":"ofi+verbs;ofi_rxm://10.201.0.106:56077","rpcs":{},"pools":{"__primary__":{"timestamps":[1692650852.889387846,1692650853.065892458],"size":[0,0],"total_size":[1,0]}}}