{"address":"ofi+verbs;ofi_rxm://10.201.1.43:34765","progress_loop":{"progress_with_timeout":{"num":1500,"min":0.100648403,"max":0.104777813,"avg":0.103996172,"var":0.000404150,"sum":155.994257689},"progress_timeout_value_msec":{"num":1500,"min":100.000000000,"max":100.000000000,"avg":100.000000000,"var":0.000000000,"sum":150000.000000000},"progress_without_timeout":{"num":2,"min":0.000000477,"max":0.000002623,"avg":0.000001550,"var":0.000000000,"sum":0.000003099},"trigger":{"num":2,"min":0.000003099,"max":0.000024557,"avg":0.000013828,"var":0.000000000,"sum":0.000027657}},"rpcs":{"65535:65535:3542155263:65535":{"rpc_id":3542155263,"provider_id":65535,"parent_rpc_id":65535,"parent_provider_id":65535,"name":"__shutdown__","target":{"received from ofi+verbs;ofi_rxm://10.201.1.42:58634":{"handler":{"duration":{"num":1,"min":0.000012875,"max":0.000012875,"avg":0.000012875,"var":0.000000000,"sum":0.000012875}},"ult":{"duration":{"num":1,"min":0.003240108,"max":0.003240108,"avg":0.003240108,"var":0.000000000,"sum":0.003240108},"relative_timestamp_from_handler_start":{"num":1,"min":0.000021219,"max":0.000021219,"avg":0.000021219,"var":0.000000000,"sum":0.000021219}},"irespond":{"duration":{"num":1,"min":0.003223658,"max":0.003223658,"avg":0.003223658,"var":0.000000000,"sum":0.003223658},"relative_timestamp_from_ult_start":{"num":1,"min":0.000000954,"max":0.000000954,"avg":0.000000954,"var":0.000000000,"sum":0.000000954}},"respond_cb":{"duration":{"num":1,"min":0.000000954,"max":0.000000954,"avg":0.000000954,"var":0.000000000,"sum":0.000000954},"relative_timestamp_from_irespond_start":{"num":1,"min":0.003233433,"max":0.003233433,"avg":0.003233433,"var":0.000000000,"sum":0.003233433}},"irespond_wait":{"duration":{"num":1,"min":0.000011444,"max":0.000011444,"avg":0.000011444,"var":0.000000000,"sum":0.000011444},"relative_timestamp_from_irespond_end":{"num":1,"min":0.000000477,"max":0.000000477,"avg":0.000000477,"var":0.000000000,"sum":0.000000477}},"set_output":{"duration":{"num":1,"min":0.000000477,"max":0.000000477,"avg":0.000000477,"var":0.000000000,"sum":0.000000477},"relative_timestamp_from_irespond_start":{"num":1,"min":0.000002623,"max":0.000002623,"avg":0.000002623,"var":0.000000000,"sum":0.000002623}},"get_input":{"duration":{"num":0,"min":0.000000000,"max":0.000000000,"avg":0.000000000,"var":0.000000000,"sum":0.000000000},"relative_timestamp_from_ult_start":{"num":0,"min":0.000000000,"max":0.000000000,"avg":0.000000000,"var":0.000000000,"sum":0.000000000}}}}}}}