{"address":"ofi+verbs;ofi_rxm://10.201.1.56:41098","progress_loop":{"progress_with_timeout":{"num":1406,"min":0.002062798,"max":0.104235172,"avg":0.095969559,"var":0.412752160,"sum":134.933199644},"progress_timeout_value_msec":{"num":1406,"min":100.000000000,"max":100.000000000,"avg":100.000000000,"var":0.000000000,"sum":140600.000000000},"progress_without_timeout":{"num":0,"min":0.000000000,"max":0.000000000,"avg":0.000000000,"var":0.000000000,"sum":0.000000000},"trigger":{"num":100,"min":0.000000954,"max":0.000012875,"avg":0.000002439,"var":0.000000000,"sum":0.000243902}},"rpcs":{"65535:65535:1471021055:0":{"rpc_id":1471021055,"provider_id":0,"parent_rpc_id":65535,"parent_provider_id":65535,"name":"sum","origin":{"sent to ofi+verbs;ofi_rxm://10.201.1.42:57234":{"iforward":{"duration":{"num":24,"min":0.000011206,"max":0.001808882,"avg":0.000095795,"var":0.000003063,"sum":0.002299070},"relative_timestamp_from_create":{"num":24,"min":0.000000715,"max":0.000002861,"avg":0.000001619,"var":0.000000000,"sum":0.000038862}},"forward_cb":{"duration":{"num":24,"min":0.000000477,"max":0.000002146,"avg":0.000001252,"var":0.000000000,"sum":0.000030041},"relative_timestamp_from_iforward_start":{"num":24,"min":0.514952660,"max":3.096346617,"avg":1.532579412,"var":17.710817595,"sum":36.781905890}},"iforward_wait":{"duration":{"num":24,"min":0.514945984,"max":3.096327066,"avg":1.532488555,"var":17.706980235,"sum":36.779725313},"relative_timestamp_from_iforward_end":{"num":24,"min":0.000000000,"max":0.000000477,"avg":0.000000228,"var":0.000000000,"sum":0.000005484}},"set_input":{"duration":{"num":24,"min":0.000002384,"max":0.000006437,"avg":0.000004838,"var":0.000000000,"sum":0.000116110},"relative_timestamp_from_iforward_start":{"num":24,"min":0.000006199,"max":0.000016689,"avg":0.000012060,"var":0.000000000,"sum":0.000289440}},"get_output":{"duration":{"num":0,"min":0.000000000,"max":0.000000000,"avg":0.000000000,"var":0.000000000,"sum":0.000000000},"relative_timestamp_from_wait_end":{"num":0,"min":0.000000000,"max":0.000000000,"avg":0.000000000,"var":0.000000000,"sum":0.000000000}}}}},"65535:65535:1161428991:1":{"rpc_id":1161428991,"provider_id":1,"parent_rpc_id":65535,"parent_provider_id":65535,"name":"prod","origin":{"sent to ofi+verbs;ofi_rxm://10.201.1.44:33402":{"iforward":{"duration":{"num":21,"min":0.000010729,"max":0.001418591,"avg":0.000088294,"var":0.000001859,"sum":0.001854181},"relative_timestamp_from_create":{"num":21,"min":0.000000715,"max":0.000002146,"avg":0.000001555,"var":0.000000000,"sum":0.000032663}},"forward_cb":{"duration":{"num":21,"min":0.000000477,"max":0.000001669,"avg":0.000001294,"var":0.000000000,"sum":0.000027180},"relative_timestamp_from_iforward_start":{"num":21,"min":0.507373333,"max":3.046801567,"avg":1.349639143,"var":12.084094096,"sum":28.342422009}},"iforward_wait":{"duration":{"num":21,"min":0.507354259,"max":3.046781301,"avg":1.349556537,"var":12.086408809,"sum":28.340687275},"relative_timestamp_from_iforward_end":{"num":21,"min":0.000000000,"max":0.000000477,"avg":0.000000250,"var":0.000000000,"sum":0.000005245}},"set_input":{"duration":{"num":21,"min":0.000002384,"max":0.000006437,"avg":0.000004848,"var":0.000000000,"sum":0.000101805},"relative_timestamp_from_iforward_start":{"num":21,"min":0.000006199,"max":0.000017405,"avg":0.000012205,"var":0.000000000,"sum":0.000256300}},"get_output":{"duration":{"num":0,"min":0.000000000,"max":0.000000000,"avg":0.000000000,"var":0.000000000,"sum":0.000000000},"relative_timestamp_from_wait_end":{"num":0,"min":0.000000000,"max":0.000000000,"avg":0.000000000,"var":0.000000000,"sum":0.000000000}}}}},"65535:65535:1161428991:0":{"rpc_id":1161428991,"provider_id":0,"parent_rpc_id":65535,"parent_provider_id":65535,"name":"prod","origin":{"sent to ofi+verbs;ofi_rxm://10.201.1.42:57234":{"iforward":{"duration":{"num":29,"min":0.000010490,"max":0.000040054,"avg":0.000020093,"var":0.000000001,"sum":0.000582695},"relative_timestamp_from_create":{"num":29,"min":0.000000715,"max":0.000002146,"avg":0.000001455,"var":0.000000000,"sum":0.000042200}},"forward_cb":{"duration":{"num":29,"min":0.000000715,"max":0.000002146,"avg":0.000001307,"var":0.000000000,"sum":0.000037909},"relative_timestamp_from_iforward_start":{"num":29,"min":0.515466452,"max":3.104653597,"avg":1.366463793,"var":20.255886941,"sum":39.627449989}},"iforward_wait":{"duration":{"num":29,"min":0.515460253,"max":3.104641914,"avg":1.366448764,"var":20.255937548,"sum":39.627014160},"relative_timestamp_from_iforward_end":{"num":29,"min":0.000000000,"max":0.000000477,"avg":0.000000197,"var":0.000000000,"sum":0.000005722}},"set_input":{"duration":{"num":29,"min":0.000002384,"max":0.000006437,"avg":0.000004357,"var":0.000000000,"sum":0.000126362},"relative_timestamp_from_iforward_start":{"num":29,"min":0.000006199,"max":0.000028372,"avg":0.000011674,"var":0.000000001,"sum":0.000338554}},"get_output":{"duration":{"num":0,"min":0.000000000,"max":0.000000000,"avg":0.000000000,"var":0.000000000,"sum":0.000000000},"relative_timestamp_from_wait_end":{"num":0,"min":0.000000000,"max":0.000000000,"avg":0.000000000,"var":0.000000000,"sum":0.000000000}}}}},"65535:65535:1471021055:1":{"rpc_id":1471021055,"provider_id":1,"parent_rpc_id":65535,"parent_provider_id":65535,"name":"sum","origin":{"sent to ofi+verbs;ofi_rxm://10.201.1.44:33402":{"iforward":{"duration":{"num":26,"min":0.000012398,"max":0.000031471,"avg":0.000022604,"var":0.000000000,"sum":0.000587702},"relative_timestamp_from_create":{"num":26,"min":0.000001192,"max":0.000002384,"avg":0.000001733,"var":0.000000000,"sum":0.000045061}},"forward_cb":{"duration":{"num":26,"min":0.000000477,"max":0.000001907,"avg":0.000001339,"var":0.000000000,"sum":0.000034809},"relative_timestamp_from_iforward_start":{"num":26,"min":0.507444143,"max":2.487071991,"avg":1.157246874,"var":7.774043547,"sum":30.088418722}},"iforward_wait":{"duration":{"num":26,"min":0.507429600,"max":2.487058640,"avg":1.157229772,"var":7.774130314,"sum":30.087974072},"relative_timestamp_from_iforward_end":{"num":26,"min":0.000000238,"max":0.000000477,"avg":0.000000266,"var":0.000000000,"sum":0.000006914}},"set_input":{"duration":{"num":26,"min":0.000002861,"max":0.000006676,"avg":0.000005346,"var":0.000000000,"sum":0.000138998},"relative_timestamp_from_iforward_start":{"num":26,"min":0.000006199,"max":0.000018597,"avg":0.000012655,"var":0.000000000,"sum":0.000329018}},"get_output":{"duration":{"num":0,"min":0.000000000,"max":0.000000000,"avg":0.000000000,"var":0.000000000,"sum":0.000000000},"relative_timestamp_from_wait_end":{"num":0,"min":0.000000000,"max":0.000000000,"avg":0.000000000,"var":0.000000000,"sum":0.000000000}}}}}}}