{"address":"ofi+verbs;ofi_rxm://10.201.1.42:57234","progress_loop":{"progress_with_timeout":{"num":369,"min":0.000004292,"max":0.108724833,"avg":0.094626858,"var":0.290451828,"sum":34.917310715},"progress_timeout_value_msec":{"num":369,"min":100.000000000,"max":100.000000000,"avg":100.000000000,"var":0.000000000,"sum":36900.000000000},"progress_without_timeout":{"num":150,"min":0.000000238,"max":0.000153065,"avg":0.000006215,"var":0.000000028,"sum":0.000932217},"trigger":{"num":388,"min":0.000000238,"max":0.000529289,"avg":0.000005626,"var":0.000000295,"sum":0.002182722}},"rpcs":{"65535:65535:1471021055:0":{"rpc_id":1471021055,"provider_id":0,"parent_rpc_id":65535,"parent_provider_id":65535,"name":"sum","target":{"received from ofi+verbs;ofi_rxm://10.201.1.43:55535":{"handler":{"duration":{"num":19,"min":0.000000715,"max":0.000042915,"avg":0.000007316,"var":0.000000002,"sum":0.000138998}},"ult":{"duration":{"num":19,"min":0.517092466,"max":3.161210775,"avg":2.044661422,"var":11.028780548,"sum":38.848567009},"relative_timestamp_from_handler_start":{"num":19,"min":0.000005245,"max":1.030877352,"avg":0.271700583,"var":2.853989629,"sum":5.162311077}},"irespond":{"duration":{"num":19,"min":0.000004292,"max":0.003110409,"avg":0.000169378,"var":0.000009130,"sum":0.003218174},"relative_timestamp_from_ult_start":{"num":19,"min":0.515063763,"max":1.065976858,"avg":0.681646184,"var":1.098896336,"sum":12.951277494}},"respond_cb":{"duration":{"num":19,"min":0.000000000,"max":0.000002146,"avg":0.000000326,"var":0.000000000,"sum":0.000006199},"relative_timestamp_from_irespond_start":{"num":19,"min":0.000014544,"max":1.055798292,"avg":0.411151484,"var":4.117233961,"sum":7.811878204}},"irespond_wait":{"duration":{"num":19,"min":0.000007629,"max":2.095224142,"avg":1.362843752,"var":6.596440363,"sum":25.894031286},"relative_timestamp_from_irespond_end":{"num":19,"min":0.000000000,"max":0.000000954,"avg":0.000000188,"var":0.000000000,"sum":0.000003576}},"set_output":{"duration":{"num":19,"min":0.000001907,"max":0.000003338,"avg":0.000002560,"var":0.000000000,"sum":0.000048637},"relative_timestamp_from_irespond_start":{"num":19,"min":0.000000477,"max":0.000001669,"avg":0.000000891,"var":0.000000000,"sum":0.000016928}},"get_input":{"duration":{"num":19,"min":0.000001192,"max":0.000045300,"avg":0.000006400,"var":0.000000003,"sum":0.000121593},"relative_timestamp_from_ult_start":{"num":19,"min":0.000000954,"max":0.000006437,"avg":0.000001857,"var":0.000000000,"sum":0.000035286}}},"received from ofi+verbs;ofi_rxm://10.201.1.44:38844":{"handler":{"duration":{"num":24,"min":0.000001192,"max":0.000049353,"avg":0.000006586,"var":0.000000002,"sum":0.000158072}},"ult":{"duration":{"num":24,"min":0.515623331,"max":3.111026764,"avg":1.767853667,"var":19.208780189,"sum":42.428488016},"relative_timestamp_from_handler_start":{"num":24,"min":0.000005245,"max":1.058012486,"avg":0.238895873,"var":3.257807745,"sum":5.733500957}},"irespond":{"duration":{"num":24,"min":0.000004530,"max":0.000007868,"avg":0.000006348,"var":0.000000000,"sum":0.000152349},"relative_timestamp_from_ult_start":{"num":24,"min":0.515063047,"max":1.047776222,"avg":0.667180816,"var":1.310297670,"sum":16.012339592}},"respond_cb":{"duration":{"num":24,"min":0.000000000,"max":0.000000715,"avg":0.000000199,"var":0.000000000,"sum":0.000004768},"relative_timestamp_from_irespond_start":{"num":24,"min":0.000011444,"max":1.031926870,"avg":0.214182685,"var":3.651550119,"sum":5.140384436}},"irespond_wait":{"duration":{"num":24,"min":0.000006199,"max":2.088800669,"avg":1.100664616,"var":11.982606979,"sum":26.415950775},"relative_timestamp_from_irespond_end":{"num":24,"min":0.000000000,"max":0.000000238,"avg":0.000000159,"var":0.000000000,"sum":0.000003815}},"set_output":{"duration":{"num":24,"min":0.000001907,"max":0.000003338,"avg":0.000002702,"var":0.000000000,"sum":0.000064850},"relative_timestamp_from_irespond_start":{"num":24,"min":0.000000477,"max":0.000001431,"avg":0.000000884,"var":0.000000000,"sum":0.000021219}},"get_input":{"duration":{"num":24,"min":0.000001192,"max":0.000006676,"avg":0.000001957,"var":0.000000000,"sum":0.000046968},"relative_timestamp_from_ult_start":{"num":24,"min":0.000000954,"max":0.000008583,"avg":0.000002027,"var":0.000000000,"sum":0.000048637}}},"received from ofi+verbs;ofi_rxm://10.201.1.56:41098":{"handler":{"duration":{"num":24,"min":0.000001192,"max":0.000528574,"avg":0.000026455,"var":0.000000263,"sum":0.000634909}},"ult":{"duration":{"num":24,"min":0.515007019,"max":3.104107857,"avg":1.552347670,"var":18.749777507,"sum":37.256344080},"relative_timestamp_from_handler_start":{"num":24,"min":0.000005245,"max":1.048323870,"avg":0.258336176,"var":4.273744078,"sum":6.200068235}},"irespond":{"duration":{"num":24,"min":0.000004768,"max":0.000008106,"avg":0.000006219,"var":0.000000000,"sum":0.000149250},"relative_timestamp_from_ult_start":{"num":24,"min":0.514838219,"max":1.058216095,"avg":0.667178512,"var":1.328692639,"sum":16.012284279}},"respond_cb":{"duration":{"num":24,"min":0.000000000,"max":0.000000477,"avg":0.000000228,"var":0.000000000,"sum":0.000005484},"relative_timestamp_from_irespond_start":{"num":24,"min":0.000011206,"max":1.066011429,"avg":0.280938605,"var":3.238556643,"sum":6.742526531}},"irespond_wait":{"duration":{"num":24,"min":0.000004768,"max":2.071880579,"avg":0.885161440,"var":12.026046892,"sum":21.243874550},"relative_timestamp_from_irespond_end":{"num":24,"min":0.000000000,"max":0.000000238,"avg":0.000000139,"var":0.000000000,"sum":0.000003338}},"set_output":{"duration":{"num":24,"min":0.000002146,"max":0.000003576,"avg":0.000002752,"var":0.000000000,"sum":0.000066042},"relative_timestamp_from_irespond_start":{"num":24,"min":0.000000477,"max":0.000001431,"avg":0.000000844,"var":0.000000000,"sum":0.000020266}},"get_input":{"duration":{"num":24,"min":0.000001431,"max":0.000038385,"avg":0.000003417,"var":0.000000001,"sum":0.000082016},"relative_timestamp_from_ult_start":{"num":24,"min":0.000001192,"max":0.000008583,"avg":0.000001778,"var":0.000000000,"sum":0.000042677}}},"received from ofi+verbs;ofi_rxm://10.201.1.42:58634":{"handler":{"duration":{"num":26,"min":0.000000954,"max":0.000010967,"avg":0.000005630,"var":0.000000000,"sum":0.000146389}},"ult":{"duration":{"num":26,"min":0.514857292,"max":2.064702511,"avg":0.934566645,"var":5.893690385,"sum":24.298732758},"relative_timestamp_from_handler_start":{"num":26,"min":0.000004530,"max":1.033403873,"avg":0.079402933,"var":1.966722434,"sum":2.064476252}},"irespond":{"duration":{"num":26,"min":0.000004292,"max":0.000007868,"avg":0.000005814,"var":0.000000000,"sum":0.000151157},"relative_timestamp_from_ult_start":{"num":26,"min":0.514845610,"max":0.527983665,"avg":0.516787492,"var":0.000329170,"sum":13.436474800}},"respond_cb":{"duration":{"num":26,"min":0.000000000,"max":0.000032902,"avg":0.000001522,"var":0.000000001,"sum":0.000039577},"relative_timestamp_from_irespond_start":{"num":26,"min":0.000009537,"max":1.033070326,"avg":0.079787025,"var":1.443459957,"sum":2.074462652}},"irespond_wait":{"duration":{"num":26,"min":0.000004530,"max":1.548568964,"avg":0.417770377,"var":5.888371041,"sum":10.862029791},"relative_timestamp_from_irespond_end":{"num":26,"min":0.000000000,"max":0.000000238,"avg":0.000000110,"var":0.000000000,"sum":0.000002861}},"set_output":{"duration":{"num":26,"min":0.000001669,"max":0.000003576,"avg":0.000002439,"var":0.000000000,"sum":0.000063419},"relative_timestamp_from_irespond_start":{"num":26,"min":0.000000477,"max":0.000001192,"avg":0.000000734,"var":0.000000000,"sum":0.000019073}},"get_input":{"duration":{"num":26,"min":0.000001431,"max":0.000008821,"avg":0.000003008,"var":0.000000000,"sum":0.000078201},"relative_timestamp_from_ult_start":{"num":26,"min":0.000000954,"max":0.000005484,"avg":0.000002329,"var":0.000000000,"sum":0.000060558}}}}},"65535:65535:1161428991:0":{"rpc_id":1161428991,"provider_id":0,"parent_rpc_id":65535,"parent_provider_id":65535,"name":"prod",