{"address":"ofi+verbs;ofi_rxm://10.201.1.42:57234","rpcs":{"sum:0":{"timestamps":[1698812075.020831108,1698812077.081710100,1698812079.177729845,1698812081.272955656,1698812083.340394258,1698812085.392727137,1698812087.456132650,1698812089.523712158,1698812091.583949566,1698812093.644149065,1698812095.716027021,1698812097.782888412,1698812099.831758261,1698812100.893944979,1698812101.952186108,1698812102.994913816,1698812105.071473122,1698812107.139223814,1698812109.199719429,1698812111.275864840,1698812112.311854601,1698812113.324177980,1698812115.412976742,1698812116.445768356,1698812118.011343002,1698812119.588486910,1698812121.148174047,1698812122.179174662,1698812123.210206509,1698812124.242033482,1698812125.272600651,1698812126.321047306,1698812127.360819340,1698812128.758013010,1698812129.778829098,1698812130.816913128,1698812131.851411819,1698812132.868449211,1698812133.904467583,1698812135.414563656,1698812136.446680307,1698812137.477127314,1698812139.026328325,1698812140.576806307,1698812142.125606298,1698812143.672231674,1698812144.703517437,1698812145.734239340,1698812147.279437542,1698812148.825381279,1698812149.867849827,1698812150.905006647,1698812152.370014668,1698812153.404447317,1698812154.453317165,1698812155.949652195,1698812156.958159208,1698812157.989164591,1698812159.019980192,1698812160.580429554,1698812161.616874218,1698812162.656761408,1698812164.092849731,1698812165.126034975,1698812166.136541605,1698812167.167129755,1698812168.712211609,1698812169.742763042,1698812170.773758650,1698812171.804977655,1698812172.835949898,1698812173.868219137,1698812174.899371147,1698812175.930950880,1698812177.482911587,1698812178.531020641,1698812179.584377050,1698812180.628442287,1698812181.658961773,1698812183.204965353,1698812184.237066746,1698812185.269010544,1698812186.299466848,1698812187.329893589,1698812188.360610247,1698812189.906273365,1698812190.954707623,1698812192.504824638,1698812193.536165953,1698812194.567221403,1698812195.598007202,1698812197.067167759,1698812198.101245880,1698812199.141226530,1698812200.633968115,1698812201.666611433,1698812202.769162893,1698812203.809261084,1698812204.897379875,1698812205.937247515,1698812207.270080090,1698812208.302294016,1698812209.332467556,1698812210.365243673,1698812211.878013611,1698812212.912400484,1698812213.953429937,1698812214.963004351,1698812215.996801853,1698812217.036671638,1698812218.076573849,1698812218.531403542],"count":[3,1,2,1,1,0,1,1,1,1,0,1,2,0,1,0,1,1,1,0,0,1,1,1,2,1,1,0,1,1,1,1,0,1,1,0,0,0,0,1,0,2,1,1,1,1,2,1,2,3,1,1,1,1,0,1,0,1,1,0,0,0,1,1,1,0,1,0,1,1,1,1,1,1,1,2,0,2,1,0,1,1,2,0,1,2,0,1,2,1,1,1,0,0,0,2,1,0,1,0,1,1,0,1,1,1,0,0,1,0,0,0],"bulk_size":[0,0,0,0,0,0,0,0,0,0,0,0,0,0,0,0,0,0,0,0,0,0,0,0,0,0,0,0,0,0,0,0,0,0,0,0,0,0,0,0,0,0,0,0,0,0,0,0,0,0,0,0,0,0,0,0,0,0,0,0,0,0,0,0,0,0,0,0,0,0,0,0,0,0,0,0,0,0,0,0,0,0,0,0,0,0,0,0,0,0,0,0,0,0,0,0,0,0,0,0,0,0,0,0,0,0,0,0,0,0,0,0]},"prod:0":{"timestamps":[1698812077.081710100,1698812079.177729845,1698812081.272955656,1698812083.340394258,1698812085.392727137,1698812087.456132650,1698812089.523712158,1698812091.583949566,1698812093.644149065,1698812095.716027021,1698812097.782888412,1698812099.831758261,1698812100.893944979,1698812101.952186108,1698812102.994913816,1698812105.071473122,1698812107.139223814,1698812109.199719429,1698812111.275864840,1698812112.311854601,1698812113.324177980,1698812115.412976742,1698812116.445768356,1698812118.011343002,1698812119.588486910,1698812121.148174047,1698812122.179174662,1698812123.210206509,1698812124.242033482,1698812125.272600651,1698812126.321047306,1698812127.360819340,1698812128.758013010,1698812129.778829098,1698812130.816913128,1698812131.851411819,1698812132.868449211,1698812133.904467583,1698812135.414563656,1698812136.446680307,1698812137.477127314,1698812139.026328325,1698812140.576806307,1698812142.125606298,1698812143.672231674,1698812144.703517437,1698812145.734239340,1698812147.279437542,1698812148.825381279,1698812149.867849827,1698812150.905006647,1698812152.370014668,1698812153.404447317,1698812154.453317165,1698812155.949652195,1698812156.958159208,1698812157.989164591,1698812159.019980192,1698812160.580429554,1698812161.616874218,1698812162.656761408,1698812164.092849731,1698812165.126034975,1698812166.136541605,1698812167.167129755,1698812168.712211609,1698812169.742763042,1698812170.773758650,1698812171.804977655,1698812172.835949898,1698812173.868219137,1698812174.899371147,1698812175.930950880,1698812177.482911587,1698812178.531020641,1698812179.584377050,1698812180.628442287,1698812181.658961773,1698812183.204965353,1698812184.237066746,1698812185.269010544,1698812186.299466848,1698812187.329893589,1698812188.360610247,1698812189.906273365,1698812190.954707623,1698812192.504824638,1698812193.536165953,1698812194.567221403,1698812195.598007202,1698812197.067167759,1698812198.101245880,1698812199.141226530,1698812200.633968115,1698812201.666611433,1698812202.769162893,1698812203.809261084,1698812204.897379875,1698812205.937247515,1698812207.270080090,1698812208.302294016,1698812209.332467556,1698812210.365243673,1698812211.878013611,1698812212.912400484,1698812213.953429937,1698812214.963004351,1698812215.996801853,1698812217.036671638,1698812218.076573849,1698812218.531403542],"count":[1,0,1,1,2,1,1,1,1,2,1,0,1,0,1,1,1,1,2,1,0,1,1,1,2,2,2,1,1,1,0,0,0,0,0,1,0,1,0,2,0,2,2,2,2,0,1,1,0,1,1,1,1,1,1,1,1,1,3,1,0,0,1,0,2,2,2,1,1,1,1,1,1,2,0,2,0,1,3,1,1,0,2,1,1,2,2,0,1,1,0,1,0,1,0,0,0,0,0,1,1,2,0,1,0,0,1,0,0,0,0],"bulk_size":[0,0,0,0,0,0,0,0,0,0,0,0,0,0,0,0,0,0,0,0,0,0,0,0,0,0,0,0,0,0,0,0,0,0,0,0,0,0,0,0,0,0,0,0,0,0,0,0,0,0,0,0,0,0,0,0,0,0,0,0,0,0,0,0,0,0,0,0,0,0,0,0,0,0,0,0,0,0,0,0,0,0,0,0,0,0,0,0,0,0,0,0,0,0,0,0,0,0,0,0,0,0,0,0,0,0,0,0,0,0,0]},"__shutdown__:65535":{"timestamps":[1698812218.531403542],"count":[1],"bulk_size":[0]}},