{"address":"ofi+verbs;ofi_rxm://10.201.1.44:33402","progress_loop":{"progress_with_timeout":{"num":473,"min":0.000034809,"max":0.104227543,"avg":0.088704261,"var":0.415771954,"sum":41.957115650},"progress_timeout_value_msec":{"num":473,"min":100.000000000,"max":100.000000000,"avg":100.000000000,"var":0.000000000,"sum":47300.000000000},"progress_without_timeout":{"num":191,"min":0.000000238,"max":0.000063419,"avg":0.000004265,"var":0.000000006,"sum":0.000814676},"trigger":{"num":416,"min":0.000000238,"max":0.000481367,"avg":0.000005864,"var":0.000000254,"sum":0.002439260}},"rpcs":{"65535:65535:1471021055:1":{"rpc_id":1471021055,"provider_id":1,"parent_rpc_id":65535,"parent_provider_id":65535,"name":"sum","target":{"received from ofi+verbs;ofi_rxm://10.201.1.42:58634":{"handler":{"duration":{"num":24,"min":0.000001192,"max":0.000053883,"avg":0.000007023,"var":0.000000003,"sum":0.000168562}},"ult":{"duration":{"num":24,"min":0.507593632,"max":3.094542980,"avg":1.251226902,"var":13.063587250,"sum":30.029445648},"relative_timestamp_from_handler_start":{"num":24,"min":0.000004530,"max":1.035384417,"avg":0.254380216,"var":3.627007784,"sum":6.105125189}},"irespond":{"duration":{"num":24,"min":0.000005007,"max":0.003278255,"avg":0.000142882,"var":0.000010258,"sum":0.003429174},"relative_timestamp_from_ult_start":{"num":24,"min":0.507165432,"max":1.032008886,"avg":0.593884617,"var":0.871121983,"sum":14.253230810}},"respond_cb":{"duration":{"num":24,"min":0.000000000,"max":0.000001192,"avg":0.000000278,"var":0.000000000,"sum":0.000006676},"relative_timestamp_from_irespond_start":{"num":24,"min":0.000012636,"max":0.508338451,"avg":0.105933766,"var":1.019673347,"sum":2.542410374}},"irespond_wait":{"duration":{"num":24,"min":0.000007153,"max":2.062520027,"avg":0.657197515,"var":10.651176044,"sum":15.772740364},"relative_timestamp_from_irespond_end":{"num":24,"min":0.000000000,"max":0.000000715,"avg":0.000000169,"var":0.000000000,"sum":0.000004053}},"set_output":{"duration":{"num":24,"min":0.000002146,"max":0.000003576,"avg":0.000002692,"var":0.000000000,"sum":0.000064611},"relative_timestamp_from_irespond_start":{"num":24,"min":0.000000477,"max":0.000001907,"avg":0.000000874,"var":0.000000000,"sum":0.000020981}},"get_input":{"duration":{"num":24,"min":0.000001431,"max":0.000007629,"avg":0.000002176,"var":0.000000000,"sum":0.000052214},"relative_timestamp_from_ult_start":{"num":24,"min":0.000000715,"max":0.000007391,"avg":0.000001967,"var":0.000000000,"sum":0.000047207}}},"received from ofi+verbs;ofi_rxm://10.201.1.44:38844":{"handler":{"duration":{"num":26,"min":0.000000954,"max":0.000017643,"avg":0.000006731,"var":0.000000000,"sum":0.000174999}},"ult":{"duration":{"num":26,"min":0.507093191,"max":2.041975737,"avg":0.978920524,"var":6.186439753,"sum":25.451933622},"relative_timestamp_from_handler_start":{"num":26,"min":0.000004292,"max":1.014952898,"avg":0.058590100,"var":1.199097720,"sum":1.523342609}},"irespond":{"duration":{"num":26,"min":0.000004053,"max":0.000007868,"avg":0.000005970,"var":0.000000000,"sum":0.000155210},"relative_timestamp_from_ult_start":{"num":26,"min":0.506985188,"max":0.516429901,"avg":0.508871189,"var":0.000180281,"sum":13.230650902}},"respond_cb":{"duration":{"num":26,"min":0.000000000,"max":0.000000477,"avg":0.000000229,"var":0.000000000,"sum":0.000005960},"relative_timestamp_from_irespond_start":{"num":26,"min":0.000008583,"max":1.030780315,"avg":0.215564966,"var":3.213085233,"sum":5.604689121}},"irespond_wait":{"duration":{"num":26,"min":0.000004292,"max":1.534863949,"avg":0.470041679,"var":6.190658727,"sum":12.221083641},"relative_timestamp_from_irespond_end":{"num":26,"min":0.000000000,"max":0.000000238,"avg":0.000000165,"var":0.000000000,"sum":0.000004292}},"set_output":{"duration":{"num":26,"min":0.000001907,"max":0.000003576,"avg":0.000002623,"var":0.000000000,"sum":0.000068188},"relative_timestamp_from_irespond_start":{"num":26,"min":0.000000477,"max":0.000001192,"avg":0.000000770,"var":0.000000000,"sum":0.000020027}},"get_input":{"duration":{"num":26,"min":0.000001192,"max":0.000007391,"avg":0.000002723,"var":0.000000000,"sum":0.000070810},"relative_timestamp_from_ult_start":{"num":26,"min":0.000001192,"max":0.000007391,"avg":0.000002430,"var":0.000000000,"sum":0.000063181}}},"received from ofi+verbs;ofi_rxm://10.201.1.43:55535":{"handler":{"duration":{"num":31,"min":0.000000954,"max":0.000480652,"avg":0.000020889,"var":0.000000219,"sum":0.000647545}},"ult":{"duration":{"num":31,"min":0.507367134,"max":3.046794653,"avg":1.215784827,"var":12.244078882,"sum":37.689329624},"relative_timestamp_from_handler_start":{"num":31,"min":0.000005245,"max":1.031787872,"avg":0.197596050,"var":4.011600389,"sum":6.125477552}},"irespond":{"duration":{"num":31,"min":0.000004292,"max":0.000008583,"avg":0.000006337,"var":0.000000000,"sum":0.000196457},"relative_timestamp_from_ult_start":{"num":31,"min":0.507112741,"max":1.047010660,"avg":0.542945839,"var":0.502528762,"sum":16.831321001}},"respond_cb":{"duration":{"num":31,"min":0.000000000,"max":0.000000477,"avg":0.000000238,"var":0.000000000,"sum":0.000007391},"relative_timestamp_from_irespond_start":{"num":31,"min":0.000009298,"max":1.023671865,"avg":0.180950073,"var":2.884892241,"sum":5.609452248}},"irespond_wait":{"duration":{"num":31,"min":0.000004768,"max":2.039311647,"avg":0.672830897,"var":11.099552912,"sum":20.857757807},"relative_timestamp_from_irespond_end":{"num":31,"min":0.000000000,"max":0.000000238,"avg":0.000000162,"var":0.000000000,"sum":0.000005007}},"set_output":{"duration":{"num":31,"min":0.000001907,"max":0.000004053,"avg":0.000002584,"var":0.000000000,"sum":0.000080109},"relative_timestamp_from_irespond_start":{"num":31,"min":0.000000477,"max":0.000001431,"avg":0.000000846,"var":0.000000000,"sum":0.000026226}},"get_input":{"duration":{"num":31,"min":0.000001192,"max":0.000006437,"avg":0.000002300,"var":0.000000000,"sum":0.000071287},"relative_timestamp_from_ult_start":{"num":31,"min":0.000001192,"max":0.000042439,"avg":0.000003322,"var":0.000000002,"sum":0.000102997}}},"received from ofi+verbs;ofi_rxm://10.201.1.56:41098":{"handler":{"duration":{"num":26,"min":0.000000954,"max":0.000012636,"avg":0.000004512,"var":0.000000000,"sum":0.000117302}},"ult":{"duration":{"num":26,"min":0.507161379,"max":3.057586193,"avg":1.234820476,"var":11.571206535,"sum":32.105332375},"relative_timestamp_from_handler_start":{"num":26,"min":0.000005007,"max":1.015450478,"avg":0.215090220,"var":3.185396269,"sum":5.592345715}},"irespond":{"duration":{"num":26,"min":0.000004768,"max":0.000008583,"avg":0.000006281,"var":0.000000000,"sum":0.000163317},"relative_timestamp_from_ult_start":{"num":26,"min":0.507146597,"max":1.026429415,"avg":0.529187239,"var":0.257505114,"sum":13.758868217}},"respond_cb":{"duration":{"num":26,"min":0.000000000,"max":0.000000715,"avg":0.000000248,"var":0.000000000,"sum":0.000006437},"relative_timestamp_from_irespond_start":{"num":26,"min":0.000011921,"max":1.025396585,"avg":0.176921973,"var":2.578240971,"sum":4.599971294}},"irespond_wait":{"duration":{"num":26,"min":0.000006199,"max":2.031146049,"avg":0.705625213,"var":9.904885679,"sum":18.346255541},"relative_timestamp_from_irespond_end":{"num":26,"min":0.000000000,"max":0.000000238,"avg":0.000000174,"var":0.000000000,"sum":0.000004530}},"set_output":{"duration":{"num":26,"min":0.000001907,"max":0.000003815,"avg":0.000002650,"var":0.000000000,"sum":0.000068903},"relative_timestamp_from_irespond_start":{"num":26,"min":0.000000477,"max":0.000001431,"avg":0.000000761,"var":0.000000000,"sum":0.000019789}},"get_input":{"duration":{"num":26,"min":0.000001192,"max":0.000005484,"avg":0.000002027,"var":0.000000000,"sum":0.000052691},"relative_timestamp_from_ult_start":{"num":26,"min":0.000000954,"max":0.000005007,"avg":0.000001825,"var":0.000000000,"sum":0.000047445}}}}},"65535:65535:1161428991:1":{"rpc_id":1161428991,"provider_id":1,"parent_rpc_id":65535,"parent_provider_id":65535,"name":"prod",