{"address":"ofi+verbs;ofi_rxm://10.201.1.44:38844","progress_loop":{"progress_with_timeout":{"num":1306,"min":0.000423193,"max":0.104225874,"avg":0.095514686,"var":0.426489043,"sum":124.742179871},"progress_timeout_value_msec":{"num":1306,"min":100.000000000,"max":100.000000000,"avg":100.000000000,"var":0.000000000,"sum":130600.000000000},"progress_without_timeout":{"num":0,"min":0.000000000,"max":0.000000000,"avg":0.000000000,"var":0.000000000,"sum":0.000000000},"trigger":{"num":100,"min":0.000000715,"max":0.000006914,"avg":0.000001409,"var":0.000000000,"sum":0.000140905}},"rpcs":{"65535:65535:1471021055:0":{"rpc_id":1471021055,"provider_id":0,"parent_rpc_id":65535,"parent_provider_id":65535,"name":"sum","origin":{"sent to ofi+verbs;ofi_rxm://10.201.1.42:57234":{"iforward":{"duration":{"num":24,"min":0.000008345,"max":0.002385616,"avg":0.000111649,"var":0.000005396,"sum":0.002679586},"relative_timestamp_from_create":{"num":24,"min":0.000000477,"max":0.000002623,"avg":0.000001212,"var":0.000000000,"sum":0.000029087}},"forward_cb":{"duration":{"num":24,"min":0.000000477,"max":0.000002623,"avg":0.000000964,"var":0.000000000,"sum":0.000023127},"relative_timestamp_from_iforward_start":{"num":24,"min":0.515717506,"max":3.145768166,"avg":1.394144634,"var":17.218257206,"sum":33.459471226}},"iforward_wait":{"duration":{"num":24,"min":0.515707493,"max":3.145765543,"avg":1.394036690,"var":17.217375095,"sum":33.456880569},"relative_timestamp_from_iforward_end":{"num":24,"min":0.000000000,"max":0.000000477,"avg":0.000000179,"var":0.000000000,"sum":0.000004292}},"set_input":{"duration":{"num":24,"min":0.000002384,"max":0.000006437,"avg":0.000003527,"var":0.000000000,"sum":0.000084639},"relative_timestamp_from_iforward_start":{"num":24,"min":0.000004053,"max":0.000015736,"avg":0.000006815,"var":0.000000000,"sum":0.000163555}},"get_output":{"duration":{"num":0,"min":0.000000000,"max":0.000000000,"avg":0.000000000,"var":0.000000000,"sum":0.000000000},"relative_timestamp_from_wait_end":{"num":0,"min":0.000000000,"max":0.000000000,"avg":0.000000000,"var":0.000000000,"sum":0.000000000}}}}},"65535:65535:1161428991:0":{"rpc_id":1161428991,"provider_id":0,"parent_rpc_id":65535,"parent_provider_id":65535,"name":"prod","origin":{"sent to ofi+verbs;ofi_rxm://10.201.1.42:57234":{"iforward":{"duration":{"num":20,"min":0.000009298,"max":0.000029325,"avg":0.000013959,"var":0.000000001,"sum":0.000279188},"relative_timestamp_from_create":{"num":20,"min":0.000000715,"max":0.000002146,"avg":0.000001335,"var":0.000000000,"sum":0.000026703}},"forward_cb":{"duration":{"num":20,"min":0.000000477,"max":0.000002146,"avg":0.000001144,"var":0.000000000,"sum":0.000022888},"relative_timestamp_from_iforward_start":{"num":20,"min":0.515176535,"max":3.104176283,"avg":1.691720653,"var":14.088523236,"sum":33.834413052}},"iforward_wait":{"duration":{"num":20,"min":0.515168667,"max":3.104153872,"avg":1.691711128,"var":14.088437382,"sum":33.834222555},"relative_timestamp_from_iforward_end":{"num":20,"min":0.000000000,"max":0.000000238,"avg":0.000000131,"var":0.000000000,"sum":0.000002623}},"set_input":{"duration":{"num":20,"min":0.000002623,"max":0.000006199,"avg":0.000003743,"var":0.000000000,"sum":0.000074863},"relative_timestamp_from_iforward_start":{"num":20,"min":0.000004053,"max":0.000019789,"avg":0.000007474,"var":0.000000000,"sum":0.000149488}},"get_output":{"duration":{"num":0,"min":0.000000000,"max":0.000000000,"avg":0.000000000,"var":0.000000000,"sum":0.000000000},"relative_timestamp_from_wait_end":{"num":0,"min":0.000000000,"max":0.000000000,"avg":0.000000000,"var":0.000000000,"sum":0.000000000}}}}},"65535:65535:1471021055:1":{"rpc_id":1471021055,"provider_id":1,"parent_rpc_id":65535,"parent_provider_id":65535,"name":"sum","origin":{"sent to ofi+verbs;ofi_rxm://10.201.1.44:33402":{"iforward":{"duration":{"num":26,"min":0.000008821,"max":0.001698494,"avg":0.000078981,"var":0.000002729,"sum":0.002053499},"relative_timestamp_from_create":{"num":26,"min":0.000000715,"max":0.000002623,"avg":0.000001302,"var":0.000000000,"sum":0.000033855}},"forward_cb":{"duration":{"num":26,"min":0.000000238,"max":0.000000954,"avg":0.000000550,"var":0.000000000,"sum":0.000014305},"relative_timestamp_from_iforward_start":{"num":26,"min":0.507055283,"max":2.049629211,"avg":0.973849049,"var":7.054229424,"sum":25.320075274}},"iforward_wait":{"duration":{"num":26,"min":0.507048130,"max":2.049619436,"avg":0.973772177,"var":7.055798398,"sum":25.318076611},"relative_timestamp_from_iforward_end":{"num":26,"min":0.000000000,"max":0.000000477,"avg":0.000000156,"var":0.000000000,"sum":0.000004053}},"set_input":{"duration":{"num":26,"min":0.000002384,"max":0.000006676,"avg":0.000003879,"var":0.000000000,"sum":0.000100851},"relative_timestamp_from_iforward_start":{"num":26,"min":0.000004053,"max":0.000018120,"avg":0.000007904,"var":0.000000001,"sum":0.000205517}},"get_output":{"duration":{"num":0,"min":0.000000000,"max":0.000000000,"avg":0.000000000,"var":0.000000000,"sum":0.000000000},"relative_timestamp_from_wait_end":{"num":0,"min":0.000000000,"max":0.000000000,"avg":0.000000000,"var":0.000000000,"sum":0.000000000}}}}},"65535:65535:1161428991:1":{"rpc_id":1161428991,"provider_id":1,"parent_rpc_id":65535,"parent_provider_id":65535,"name":"prod","origin":{"sent to ofi+verbs;ofi_rxm://10.201.1.44:33402":{"iforward":{"duration":{"num":30,"min":0.000008583,"max":0.000025988,"avg":0.000012199,"var":0.000000001,"sum":0.000365973},"relative_timestamp_from_create":{"num":30,"min":0.000000477,"max":0.000002146,"avg":0.000001025,"var":0.000000000,"sum":0.000030756}},"forward_cb":{"duration":{"num":30,"min":0.000000238,"max":0.000000954,"avg":0.000000572,"var":0.000000000,"sum":0.000017166},"relative_timestamp_from_iforward_start":{"num":30,"min":0.507313013,"max":2.060675859,"avg":1.067767461,"var":7.845233988,"sum":32.033023834}},"iforward_wait":{"duration":{"num":30,"min":0.507304907,"max":2.060669184,"avg":1.067757511,"var":7.845300445,"sum":32.032725334},"relative_timestamp_from_iforward_end":{"num":30,"min":0.000000000,"max":0.000000477,"avg":0.000000143,"var":0.000000000,"sum":0.000004292}},"set_input":{"duration":{"num":30,"min":0.000002384,"max":0.000006437,"avg":0.000003314,"var":0.000000000,"sum":0.000099421},"relative_timestamp_from_iforward_start":{"num":30,"min":0.000004053,"max":0.000015259,"avg":0.000006398,"var":0.000000000,"sum":0.000191927}},"get_output":{"duration":{"num":0,"min":0.000000000,"max":0.000000000,"avg":0.000000000,"var":0.000000000,"sum":0.000000000},"relative_timestamp_from_wait_end":{"num":0,"min":0.000000000,"max":0.000000000,"avg":0.000000000,"var":0.000000000,"sum":0.000000000}}}}}}}