{"address":"ofi+verbs;ofi_rxm://10.201.1.42:58634","progress_loop":{"progress_with_timeout":{"num":1422,"min":0.000181675,"max":0.128458977,"avg":0.102830619,"var":0.281309966,"sum":146.225139618},"progress_timeout_value_msec":{"num":1422,"min":100.000000000,"max":100.000000000,"avg":100.000000000,"var":0.000000000,"sum":142200.000000000},"progress_without_timeout":{"num":0,"min":0.000000000,"max":0.000000000,"avg":0.000000000,"var":0.000000000,"sum":0.000000000},"trigger":{"num":104,"min":0.000000477,"max":0.000004053,"avg":0.000001291,"var":0.000000000,"sum":0.000134230}},"rpcs":{"65535:65535:1471021055:1":{"rpc_id":1471021055,"provider_id":1,"parent_rpc_id":65535,"parent_provider_id":65535,"name":"sum","origin":{"sent to ofi+verbs;ofi_rxm://10.201.1.44:33402":{"iforward":{"duration":{"num":24,"min":0.000007868,"max":0.001813412,"avg":0.000088215,"var":0.000003107,"sum":0.002117157},"relative_timestamp_from_create":{"num":24,"min":0.000000477,"max":0.000002861,"avg":0.000001182,"var":0.000000000,"sum":0.000028372}},"forward_cb":{"duration":{"num":24,"min":0.000000477,"max":0.000001907,"avg":0.000000944,"var":0.000000000,"sum":0.000022650},"relative_timestamp_from_iforward_start":{"num":24,"min":0.507847071,"max":3.082878113,"avg":1.215543220,"var":10.116427421,"sum":29.173037291}},"iforward_wait":{"duration":{"num":24,"min":0.507840872,"max":3.082855463,"avg":1.215458413,"var":10.118866817,"sum":29.171001911},"relative_timestamp_from_iforward_end":{"num":24,"min":0.000000000,"max":0.000000715,"avg":0.000000219,"var":0.000000000,"sum":0.000005245}},"set_input":{"duration":{"num":24,"min":0.000002146,"max":0.000006437,"avg":0.000003427,"var":0.000000000,"sum":0.000082254},"relative_timestamp_from_iforward_start":{"num":24,"min":0.000003815,"max":0.000018835,"avg":0.000007411,"var":0.000000000,"sum":0.000177860}},"get_output":{"duration":{"num":0,"min":0.000000000,"max":0.000000000,"avg":0.000000000,"var":0.000000000,"sum":0.000000000},"relative_timestamp_from_wait_end":{"num":0,"min":0.000000000,"max":0.000000000,"avg":0.000000000,"var":0.000000000,"sum":0.000000000}}}}},"65535:65535:1161428991:0":{"rpc_id":1161428991,"provider_id":0,"parent_rpc_id":65535,"parent_provider_id":65535,"name":"prod","origin":{"sent to ofi+verbs;ofi_rxm://10.201.1.42:57234":{"iforward":{"duration":{"num":28,"min":0.000008345,"max":0.001199484,"avg":0.000055330,"var":0.000001359,"sum":0.001549244},"relative_timestamp_from_create":{"num":28,"min":0.000000477,"max":0.000002146,"avg":0.000001064,"var":0.000000000,"sum":0.000029802}},"forward_cb":{"duration":{"num":28,"min":0.000000238,"max":0.000001192,"avg":0.000000519,"var":0.000000000,"sum":0.000014544},"relative_timestamp_from_iforward_start":{"num":28,"min":0.515222549,"max":43.500832796,"avg":2.462223581,"var":1752.413040308,"sum":68.942260265}},"iforward_wait":{"duration":{"num":28,"min":0.515214682,"max":43.499637604,"avg":2.462170286,"var":1752.315900881,"sum":68.940768003},"relative_timestamp_from_iforward_end":{"num":28,"min":0.000000000,"max":0.000000238,"avg":0.000000162,"var":0.000000000,"sum":0.000004530}},"set_input":{"duration":{"num":28,"min":0.000002146,"max":0.000005484,"avg":0.000003227,"var":0.000000000,"sum":0.000090361},"relative_timestamp_from_iforward_start":{"num":28,"min":0.000003815,"max":0.000018358,"avg":0.000007118,"var":0.000000000,"sum":0.000199318}},"get_output":{"duration":{"num":0,"min":0.000000000,"max":0.000000000,"avg":0.000000000,"var":0.000000000,"sum":0.000000000},"relative_timestamp_from_wait_end":{"num":0,"min":0.000000000,"max":0.000000000,"avg":0.000000000,"var":0.000000000,"sum":0.000000000}}}}},"65535:65535:1471021055:0":{"rpc_id":1471021055,"provider_id":0,"parent_rpc_id":65535,"parent_provider_id":65535,"name":"sum","origin":{"sent to ofi+verbs;ofi_rxm://10.201.1.42:57234":{"iforward":{"duration":{"num":26,"min":0.000009060,"max":0.000029564,"avg":0.000014498,"var":0.000000001,"sum":0.000376940},"relative_timestamp_from_create":{"num":26,"min":0.000000477,"max":0.000001907,"avg":0.000001036,"var":0.000000000,"sum":0.000026941}},"forward_cb":{"duration":{"num":26,"min":0.000000238,"max":0.000001192,"avg":0.000000587,"var":0.000000000,"sum":0.000015259},"relative_timestamp_from_iforward_start":{"num":26,"min":0.514995337,"max":2.066789389,"avg":0.767452506,"var":4.435967199,"sum":19.953765154}},"iforward_wait":{"duration":{"num":26,"min":0.514987230,"max":2.066778898,"avg":0.767439925,"var":4.436005659,"sum":19.953438044},"relative_timestamp_from_iforward_end":{"num":26,"min":0.000000000,"max":0.000000238,"avg":0.000000183,"var":0.000000000,"sum":0.000004768}},"set_input":{"duration":{"num":26,"min":0.000002384,"max":0.000005484,"avg":0.000003338,"var":0.000000000,"sum":0.000086784},"relative_timestamp_from_iforward_start":{"num":26,"min":0.000004292,"max":0.000018597,"avg":0.000008253,"var":0.000000001,"sum":0.000214577}},"get_output":{"duration":{"num":0,"min":0.000000000,"max":0.000000000,"avg":0.000000000,"var":0.000000000,"sum":0.000000000},"relative_timestamp_from_wait_end":{"num":0,"min":0.000000000,"max":0.000000000,"avg":0.000000000,"var":0.000000000,"sum":0.000000000}}}}},"65535:65535:1161428991:1":{"rpc_id":1161428991,"provider_id":1,"parent_rpc_id":65535,"parent_provider_id":65535,"name":"prod","origin":{"sent to ofi+verbs;ofi_rxm://10.201.1.44:33402":{"iforward":{"duration":{"num":22,"min":0.000007629,"max":0.000023842,"avg":0.000012116,"var":0.000000000,"sum":0.000266552},"relative_timestamp_from_create":{"num":22,"min":0.000000715,"max":0.000001669,"avg":0.000001030,"var":0.000000000,"sum":0.000022650}},"forward_cb":{"duration":{"num":22,"min":0.000000477,"max":0.000001907,"avg":0.000001095,"var":0.000000000,"sum":0.000024080},"relative_timestamp_from_iforward_start":{"num":22,"min":0.507431269,"max":2.068943024,"avg":1.274414041,"var":5.061371121,"sum":28.037108898}},"iforward_wait":{"duration":{"num":22,"min":0.507424355,"max":2.068934917,"avg":1.274405750,"var":5.061375675,"sum":28.036926508},"relative_timestamp_from_iforward_end":{"num":22,"min":0.000000000,"max":0.000000238,"avg":0.000000141,"var":0.000000000,"sum":0.000003099}},"set_input":{"duration":{"num":22,"min":0.000002384,"max":0.000005960,"avg":0.000003273,"var":0.000000000,"sum":0.000072002},"relative_timestamp_from_iforward_start":{"num":22,"min":0.000003576,"max":0.000013351,"avg":0.000006231,"var":0.000000000,"sum":0.000137091}},"get_output":{"duration":{"num":0,"min":0.000000000,"max":0.000000000,"avg":0.000000000,"var":0.000000000,"sum":0.000000000},"relative_timestamp_from_wait_end":{"num":0,"min":0.000000000,"max":0.000000000,"avg":0.000000000,"var":0.000000000,"sum":0.000000000}}}}},"65535:65535:3542155263:65535":{"rpc_id":3542155263,"provider_id":65535,"parent_rpc_id":65535,"parent_provider_id":65535,"name":"__shutdown__","origin":{"sent to ofi+verbs;ofi_rxm://10.201.1.42:57234":{"iforward":{"duration":{"num":1,"min":0.000010490,"max":0.000010490,"avg":0.000010490,"var":0.000000000,"sum":0.000010490},"relative_timestamp_from_create":{"num":1,"min":0.000000954,"max":0.000000954,"avg":0.000000954,"var":0.000000000,"sum":0.000000954}},"forward_cb":{"duration":{"num":1,"min":0.000000477,"max":0.000000477,"avg":0.000000477,"var":0.000000000,"sum":0.000000477},"relative_timestamp_from_iforward_start":{"num":1,"min":0.000195265,"max":0.000195265,"avg":0.000195265,"var":0.000000000,"sum":0.000195265}},"iforward_wait":{"duration":{"num":1,"min":0.000186443,"max":0.000186443,"avg":0.000186443,"var":0.000000000,"sum":0.000186443},"relative_timestamp_from_iforward_end":{"num":1,"min":0.000000238,"max":0.000000238,"avg":0.000000238,"var":0.000000000,"sum":0.000000238}},"set_input":{"duration":{"num":0,"min":0.000000000,"max":0.000000000,"avg":0.000000000,"var":0.000000000,"sum":0.000000000},"relative_timestamp_from_iforward_start":{"num":0,"min":0.000000000,"max":0.000000000,"avg":0.000000000,"var":0.000000000,"sum":0.000000000}},"get_output":{"duration":{"num":1,"min":0.000002146,"max":0.000002146,