{"address":"ofi+verbs;ofi_rxm://10.201.1.56:41449","rpcs":{"__shutdown__:65535":{"timestamps":[1698812218.556378126],"count":[1],"bulk_size":[0]}},"pools":{"__primary__":{"timestamps":[1698812062.640802622,1698812063.642156124,1698812064.643503904,1698812065.644821405,1698812066.650243759,1698812067.651588440,1698812068.652914762,1698812069.654292583,1698812070.655642748,1698812071.656907320,1698812072.658116102,1698812073.659523010,1698812074.660829067,1698812075.662216187,1698812076.663629293,1698812077.669080257,1698812078.670442343,1698812079.671859026,1698812080.673166990,1698812081.674566031,1698812082.675981998,1698812083.681475401,1698812084.686938047,1698812085.692460299,1698812086.693780184,1698812087.699285746,1698812088.700644255,1698812089.701981068,1698812090.703326464,1698812091.704763412,1698812092.706144333,1698812093.707551718,1698812094.708874226,1698812095.710262299,1698812096.711603165,1698812097.713041306,1698812098.714344978,1698812099.715766907,1698812100.717012405,1698812101.718407869,1698812102.719811440,1698812103.721201897,1698812104.722579002,1698812105.723868132,1698812106.725119829,1698812107.726464987,1698812108.727882147,1698812109.733269691,1698812110.734630585,1698812111.735945225,1698812112.741452694,1698812113.742835999,1698812114.744274378,1698812115.745461464,1698812116.746735096,1698812117.748066425,1698812118.749473333,1698812119.750910997,1698812120.752250433,1698812121.753533363,1698812122.754918814,1698812123.756363392,1698812124.757722616,1698812125.759042025,1698812126.760366201,1698812127.761674166,1698812128.763021469,1698812129.764422894,1698812130.765606642,1698812131.767016172,1698812132.768434525,1698812133.769794464,1698812134.771191120,1698812135.772544384,1698812136.773887396,1698812137.775309801,1698812138.776711941,1698812139.778101921,1698812140.779488564,1698812141.780720234,1698812142.782105207,1698812143.783469439,1698812144.784882307,1698812145.786222696,1698812146.787636042,1698812147.788979053,1698812148.798575401,1698812149.799966812,1698812150.801296949,1698812151.802720070,1698812152.804165363,1698812153.805528164,1698812154.806933165,1698812155.808257818,1698812156.809574604,1698812157.810977697,1698812158.812418222,1698812159.813727379,1698812160.814932346,1698812161.816273928,1698812162.817517281,1698812163.818882227,1698812164.820228815,1698812165.821496487,1698812166.822803259,1698812167.824200869,1698812168.825510263,1698812169.826902390,1698812170.828248262,1698812171.829607010,1698812172.831001997,1698812173.832415104,1698812174.833737135,1698812175.835060596,1698812176.836441040,1698812177.837785244,1698812178.843301058,1698812179.844706297,1698812180.854162455,1698812181.855540991,1698812182.856884956,1698812183.858332396,1698812184.859760761,1698812185.861033678,1698812186.862424612,1698812187.863742828,1698812188.865049362,1698812189.866460323,1698812190.867685080,1698812191.868987799,1698812192.874447107,1698812193.875818491,1698812194.881356478,1698812195.882715225,1698812196.884123087,1698812197.885393620,1698812198.894927025,1698812199.896301985,1698812200.897682667,1698812201.899105787,1698812202.900580168,1698812203.901970625,1698812204.903396606,1698812205.904664993,1698812206.906028748,1698812207.907101870,1698812208.908158064,1698812209.909216166,1698812210.910268307,1698812211.911316633,1698812212.912370682,1698812213.913423300,1698812214.914476633,1698812215.915522814,1698812216.916572571,1698812217.917625427,1698812218.556378126],"size":[0,0,0,0,0,0,0,0,0,0,0,0,0,0,0,0,0,0,0,0,0,0,0,0,0,0,0,0,0,0,0,0,0,0,0,0,0,0,0,0,0,0,0,0,0,0,0,0,0,0,0,0,0,0,0,0,0,0,0,0,0,0,0,0,0,0,0,0,0,0,0,0,0,0,0,0,0,0,0,0,0,0,0,0,0,0,0,0,0,0,0,0,0,0,0,0,0,0,0,0,0,0,0,0,0,0,0,0,0,0,0,0,0,0,0,0,0,0,0,0,0,0,0,0,0,0,0,0,0,0,0,0,0,0,0,0,0,0,0,0,0,0,0,0,0,0,0,0,0,0,0,0,0,0,0,0,0],"total_size":[1,1,1,1,1,1,1,1,1,1,1,1,1,1,1,1,1,1,1,1,1,1,1,1,1,1,1,1,1,1,1,1,1,1,1,1,1,1,1,1,1,1,1,1,1,1,1,1,1,1,1,1,1,1,1,1,1,1,1,1,1,1,1,1,1,1,1,1,1,1,1,1,1,1,1,1,1,1,1,1,1,1,1,1,1,1,1,1,1,1,1,1,1,1,1,1,1,1,1,1,1,1,1,1,1,1,1,1,1,1,1,1,1,1,1,1,1,1,1,1,1,1,1,1,1,1,1,1,1,1,1,1,1,1,1,1,1,1,1,1,1,1,1,1,1,1,1,1,1,1,1,1,1,1,1,1,0]}}}