{"address":"ofi+verbs;ofi_rxm://10.201.1.43:34765","rpcs":{"__shutdown__:65535":{"timestamps":[1698812218.538850546],"count":[1],"bulk_size":[0]}},"pools":{"__primary__":{"timestamps":[1698812062.642745018,1698812063.683443069,1698812064.723517895,1698812065.763510466,1698812066.803351402,1698812067.843209743,1698812068.883014202,1698812069.922798157,1698812070.962764025,1698812072.002597570,1698812073.043058872,1698812074.083355904,1698812075.122830153,1698812076.163555145,1698812077.203277588,1698812078.242993116,1698812079.282744884,1698812080.323550224,1698812081.363373518,1698812082.403294802,1698812083.443150759,1698812084.483014107,1698812085.522921085,1698812086.562827587,1698812087.602752447,1698812088.643604755,1698812089.683489799,1698812090.723367691,1698812091.763298988,1698812092.802993298,1698812093.842853546,1698812094.882693291,1698812095.923302889,1698812096.962604523,1698812098.003489971,1698812099.043300390,1698812100.083135605,1698812101.123595715,1698812102.163036108,1698812103.203671455,1698812104.243354082,1698812105.282589912,1698812106.323108912,1698812107.363647938,1698812108.403473377,1698812109.443161011,1698812110.482672453,1698812111.523035765,1698812112.563332796,1698812113.602972031,1698812114.642897129,1698812115.683609009,1698812116.723262787,1698812117.762978554,1698812118.802591085,1698812119.843258619,1698812120.882875204,1698812121.923436642,1698812122.962834358,1698812124.002760649,1698812125.043277025,1698812126.082876682,1698812127.123552322,1698812128.163129807,1698812129.203461647,1698812130.242663860,1698812131.282848597,1698812132.323446989,1698812133.363120079,1698812134.402595997,1698812135.443207979,1698812136.482721090,1698812137.523633957,1698812138.563502312,1698812139.603325367,1698812140.642827272,1698812141.682663679,1698812142.723635197,1698812143.763460159,1698812144.803628445,1698812145.843245745,1698812146.882994652,1698812147.922878504,1698812148.962604523,1698812150.003398418,1698812151.043010712,1698812152.082604408,1698812153.123478413,1698812154.163000584,1698812155.203521967,1698812156.243247986,1698812157.282643557,1698812158.323295593,1698812159.362929821,1698812160.403205395,1698812161.442702532,1698812162.483179808,1698812163.522827387,1698812164.563208103,1698812165.602806091,1698812166.643190622,1698812167.683580399,1698812168.723077536,1698812169.762902260,1698812170.803560495,1698812171.842857361,1698812172.883465052,1698812173.923374176,1698812174.963213682,1698812176.002776384,1698812177.043467760,1698812178.083235025,1698812179.123092890,1698812180.162888288,1698812181.203517199,1698812182.243275642,1698812183.282994032,1698812184.322891712,1698812185.363669872,1698812186.403340101,1698812187.443037748,1698812188.482928276,1698812189.522604942,1698812190.563158989,1698812191.602664232,1698812192.643321753,1698812193.682932377,1698812194.723631144,1698812195.763305426,1698812196.802779675,1698812197.843469143,1698812198.883371353,1698812199.923184633,1698812200.962710619,1698812202.002604485,1698812203.043466568,1698812204.083413839,1698812205.123055696,1698812206.162592888,1698812207.203340769,1698812208.243098736,1698812209.283632040,1698812210.323625565,1698812211.363623619,1698812212.403617620,1698812213.443610907,1698812214.483602047,1698812215.523597002,1698812216.563593388,1698812217.603589773,1698812218.538850546],"size":[0,0,0,0,0,0,0,0,0,0,0,0,0,0,0,0,0,0,0,0,0,0,0,0,0,0,0,0,0,0,0,0,0,0,0,0,0,0,0,0,0,0,0,0,0,0,0,0,0,0,0,0,0,0,0,0,0,0,0,0,0,0,0,0,0,0,0,0,0,0,0,0,0,0,0,0,0,0,0,0,0,0,0,0,0,0,0,0,0,0,0,0,0,0,0,0,0,0,0,0,0,0,0,0,0,0,0,0,0,0,0,0,0,0,0,0,0,0,0,0,0,0,0,0,0,0,0,0,0,0,0,0,0,0,0,0,0,0,0,0,0,0,0,0,0,0,0,0,0,0,0],"total_size":[1,1,1,1,1,1,1,1,1,1,1,1,1,1,1,1,1,1,1,1,1,1,1,1,1,1,1,1,1,1,1,1,1,1,1,1,1,1,1,1,1,1,1,1,1,1,1,1,1,1,1,1,1,1,1,1,1,1,1,1,1,1,1,1,1,1,1,1,1,1,1,1,1,1,1,1,1,1,1,1,1,1,1,1,1,1,1,1,1,1,1,1,1,1,1,1,1,1,1,1,1,1,1,1,1,1,1,1,1,1,1,1,1,1,1,1,1,1,1,1,1,1,1,1,1,1,1,1,1,1,1,1,1,1,1,1,1,1,1,1,1,1,1,1,1,1,1,1,1,1,0]}}}