{"address":"ofi+verbs;ofi_rxm://10.201.1.56:41449","progress_loop":{"progress_with_timeout":{"num":1558,"min":0.023024797,"max":0.104239941,"avg":0.100126731,"var":0.006230233,"sum":155.997447014},"progress_timeout_value_msec":{"num":1558,"min":100.000000000,"max":100.000000000,"avg":100.000000000,"var":0.000000000,"sum":155800.000000000},"progress_without_timeout":{"num":2,"min":0.000001907,"max":0.000003815,"avg":0.000002861,"var":0.000000000,"sum":0.000005722},"trigger":{"num":2,"min":0.000003338,"max":0.000025034,"avg":0.000014186,"var":0.000000000,"sum":0.000028372}},"rpcs":{"65535:65535:3542155263:65535":{"rpc_id":3542155263,"provider_id":65535,"parent_rpc_id":65535,"parent_provider_id":65535,"name":"__shutdown__","target":{"received from ofi+verbs;ofi_rxm://10.201.1.42:58634":{"handler":{"duration":{"num":1,"min":0.000012875,"max":0.000012875,"avg":0.000012875,"var":0.000000000,"sum":0.000012875}},"ult":{"duration":{"num":1,"min":0.015036345,"max":0.015036345,"avg":0.015036345,"var":0.000000000,"sum":0.015036345},"relative_timestamp_from_handler_start":{"num":1,"min":0.000020266,"max":0.000020266,"avg":0.000020266,"var":0.000000000,"sum":0.000020266}},"irespond":{"duration":{"num":1,"min":0.015017033,"max":0.015017033,"avg":0.015017033,"var":0.000000000,"sum":0.015017033},"relative_timestamp_from_ult_start":{"num":1,"min":0.000000954,"max":0.000000954,"avg":0.000000954,"var":0.000000000,"sum":0.000000954}},"respond_cb":{"duration":{"num":1,"min":0.000001192,"max":0.000001192,"avg":0.000001192,"var":0.000000000,"sum":0.000001192},"relative_timestamp_from_irespond_start":{"num":1,"min":0.015029669,"max":0.015029669,"avg":0.015029669,"var":0.000000000,"sum":0.015029669}},"irespond_wait":{"duration":{"num":1,"min":0.000014067,"max":0.000014067,"avg":0.000014067,"var":0.000000000,"sum":0.000014067},"relative_timestamp_from_irespond_end":{"num":1,"min":0.000000715,"max":0.000000715,"avg":0.000000715,"var":0.000000000,"sum":0.000000715}},"set_output":{"duration":{"num":1,"min":0.000000238,"max":0.000000238,"avg":0.000000238,"var":0.000000000,"sum":0.000000238},"relative_timestamp_from_irespond_start":{"num":1,"min":0.000002623,"max":0.000002623,"avg":0.000002623,"var":0.000000000,"sum":0.000002623}},"get_input":{"duration":{"num":0,"min":0.000000000,"max":0.000000000,"avg":0.000000000,"var":0.000000000,"sum":0.000000000},"relative_timestamp_from_ult_start":{"num":0,"min":0.000000000,"max":0.000000000,"avg":0.000000000,"var":0.000000000,"sum":0.000000000}}}}}}}