{"address":"ofi+verbs;ofi_rxm://10.201.1.43:55535","progress_loop":{"progress_with_timeout":{"num":1350,"min":0.001403570,"max":0.105237722,"avg":0.101111699,"var":0.223932138,"sum":136.500793219},"progress_timeout_value_msec":{"num":1350,"min":100.000000000,"max":100.000000000,"avg":100.000000000,"var":0.000000000,"sum":135000.000000000},"progress_without_timeout":{"num":0,"min":0.000000000,"max":0.000000000,"avg":0.000000000,"var":0.000000000,"sum":0.000000000},"trigger":{"num":100,"min":0.000000954,"max":0.000004768,"avg":0.000001924,"var":0.000000000,"sum":0.000192404}},"rpcs":{"65535:65535:1471021055:0":{"rpc_id":1471021055,"provider_id":0,"parent_rpc_id":65535,"parent_provider_id":65535,"name":"sum","origin":{"sent to ofi+verbs;ofi_rxm://10.201.1.42:57234":{"iforward":{"duration":{"num":19,"min":0.000010252,"max":0.001913309,"avg":0.000119975,"var":0.000003395,"sum":0.002279520},"relative_timestamp_from_create":{"num":19,"min":0.000000715,"max":0.000002861,"avg":0.000001757,"var":0.000000000,"sum":0.000033379}},"forward_cb":{"duration":{"num":19,"min":0.000000715,"max":0.000001907,"avg":0.000001104,"var":0.000000000,"sum":0.000020981},"relative_timestamp_from_iforward_start":{"num":19,"min":0.517218113,"max":3.102465630,"avg":1.544368380,"var":12.302359182,"sum":29.342999220}},"iforward_wait":{"duration":{"num":19,"min":0.517203569,"max":3.102456331,"avg":1.544252245,"var":12.306231819,"sum":29.340792656},"relative_timestamp_from_iforward_end":{"num":19,"min":0.000000000,"max":0.000014067,"avg":0.000000929,"var":0.000000000,"sum":0.000017643}},"set_input":{"duration":{"num":19,"min":0.000002623,"max":0.000006437,"avg":0.000004881,"var":0.000000000,"sum":0.000092745},"relative_timestamp_from_iforward_start":{"num":19,"min":0.000005245,"max":0.000016212,"avg":0.000011532,"var":0.000000000,"sum":0.000219107}},"get_output":{"duration":{"num":0,"min":0.000000000,"max":0.000000000,"avg":0.000000000,"var":0.000000000,"sum":0.000000000},"relative_timestamp_from_wait_end":{"num":0,"min":0.000000000,"max":0.000000000,"avg":0.000000000,"var":0.000000000,"sum":0.000000000}}}}},"65535:65535:1161428991:1":{"rpc_id":1161428991,"provider_id":1,"parent_rpc_id":65535,"parent_provider_id":65535,"name":"prod","origin":{"sent to ofi+verbs;ofi_rxm://10.201.1.44:33402":{"iforward":{"duration":{"num":27,"min":0.000010490,"max":0.001679897,"avg":0.000081301,"var":0.000002655,"sum":0.002195120},"relative_timestamp_from_create":{"num":27,"min":0.000000715,"max":0.000002384,"avg":0.000001510,"var":0.000000000,"sum":0.000040770}},"forward_cb":{"duration":{"num":27,"min":0.000000477,"max":0.000001669,"avg":0.000000980,"var":0.000000000,"sum":0.000026464},"relative_timestamp_from_iforward_start":{"num":27,"min":0.507843494,"max":3.054954052,"avg":1.223007953,"var":11.876569932,"sum":33.021214724}},"iforward_wait":{"duration":{"num":27,"min":0.507829428,"max":3.054940939,"avg":1.222930811,"var":11.879012308,"sum":33.019131899},"relative_timestamp_from_iforward_end":{"num":27,"min":0.000000000,"max":0.000000715,"avg":0.000000256,"var":0.000000000,"sum":0.000006914}},"set_input":{"duration":{"num":27,"min":0.000002384,"max":0.000006199,"avg":0.000004212,"var":0.000000000,"sum":0.000113726},"relative_timestamp_from_iforward_start":{"num":27,"min":0.000005484,"max":0.000013828,"avg":0.000010482,"var":0.000000000,"sum":0.000283003}},"get_output":{"duration":{"num":0,"min":0.000000000,"max":0.000000000,"avg":0.000000000,"var":0.000000000,"sum":0.000000000},"relative_timestamp_from_wait_end":{"num":0,"min":0.000000000,"max":0.000000000,"avg":0.000000000,"var":0.000000000,"sum":0.000000000}}}}},"65535:65535:1471021055:1":{"rpc_id":1471021055,"provider_id":1,"parent_rpc_id":65535,"parent_provider_id":65535,"name":"sum","origin":{"sent to ofi+verbs;ofi_rxm://10.201.1.44:33402":{"iforward":{"duration":{"num":31,"min":0.000010014,"max":0.000028849,"avg":0.000018535,"var":0.000000001,"sum":0.000574589},"relative_timestamp_from_create":{"num":31,"min":0.000000715,"max":0.000002623,"avg":0.000001554,"var":0.000000000,"sum":0.000048161}},"forward_cb":{"duration":{"num":31,"min":0.000000477,"max":0.000001431,"avg":0.000000977,"var":0.000000000,"sum":0.000030279},"relative_timestamp_from_iforward_start":{"num":31,"min":0.507466316,"max":3.094537497,"avg":1.237527955,"var":15.980621543,"sum":38.363366604}},"iforward_wait":{"duration":{"num":31,"min":0.507455349,"max":3.094520330,"avg":1.237513665,"var":15.980663815,"sum":38.362923622},"relative_timestamp_from_iforward_end":{"num":31,"min":0.000000000,"max":0.000000238,"avg":0.000000192,"var":0.000000000,"sum":0.000005960}},"set_input":{"duration":{"num":31,"min":0.000002384,"max":0.000006676,"avg":0.000004215,"var":0.000000000,"sum":0.000130653},"relative_timestamp_from_iforward_start":{"num":31,"min":0.000005484,"max":0.000015497,"avg":0.000010329,"var":0.000000000,"sum":0.000320196}},"get_output":{"duration":{"num":0,"min":0.000000000,"max":0.000000000,"avg":0.000000000,"var":0.000000000,"sum":0.000000000},"relative_timestamp_from_wait_end":{"num":0,"min":0.000000000,"max":0.000000000,"avg":0.000000000,"var":0.000000000,"sum":0.000000000}}}}},"65535:65535:1161428991:0":{"rpc_id":1161428991,"provider_id":0,"parent_rpc_id":65535,"parent_provider_id":65535,"name":"prod","origin":{"sent to ofi+verbs;ofi_rxm://10.201.1.42:57234":{"iforward":{"duration":{"num":23,"min":0.000010252,"max":0.000027180,"avg":0.000017809,"var":0.000000001,"sum":0.000409603},"relative_timestamp_from_create":{"num":23,"min":0.000000715,"max":0.000002384,"avg":0.000001379,"var":0.000000000,"sum":0.000031710}},"forward_cb":{"duration":{"num":23,"min":0.000000238,"max":0.000001669,"avg":0.000001088,"var":0.000000000,"sum":0.000025034},"relative_timestamp_from_iforward_start":{"num":23,"min":0.515872478,"max":3.111045361,"avg":1.551217846,"var":15.115516024,"sum":35.678010464}},"iforward_wait":{"duration":{"num":23,"min":0.515848875,"max":3.111025333,"avg":1.551204754,"var":15.115581461,"sum":35.677709341},"relative_timestamp_from_iforward_end":{"num":23,"min":0.000000000,"max":0.000000238,"avg":0.000000176,"var":0.000000000,"sum":0.000004053}},"set_input":{"duration":{"num":23,"min":0.000002384,"max":0.000005960,"avg":0.000004095,"var":0.000000000,"sum":0.000094175},"relative_timestamp_from_iforward_start":{"num":23,"min":0.000005484,"max":0.000016689,"avg":0.000009962,"var":0.000000000,"sum":0.000229120}},"get_output":{"duration":{"num":0,"min":0.000000000,"max":0.000000000,"avg":0.000000000,"var":0.000000000,"sum":0.000000000},"relative_timestamp_from_wait_end":{"num":0,"min":0.000000000,"max":0.000000000,"avg":0.000000000,"var":0.000000000,"sum":0.000000000}}}}}}}