{"address":"ofi+verbs;ofi_rxm://10.201.0.132:33669","rpcs":{},"pools":{"__primary__":{"timestamps":[1692650663.540111542,1692650664.545542240,1692650665.552605867,1692650666.568106413,1692650666.929212332],"size":[0,0,0,0,0],"total_size":[1,1,1,1,0]}}}