{"address":"ofi+verbs;ofi_rxm://10.201.0.136:34863","rpcs":{},"pools":{"__primary__":{"timestamps":[1692650663.495589495,1692650664.496651649,1692650665.508293867,1692650666.933967352,1692650666.933981657],"size":[0,0,0,0,0],"total_size":[1,1,1,1,0]}}}