{"address":"ofi+verbs;ofi_rxm://10.201.0.132:41234","rpcs":{"sum:0":{"timestamps":[1692650663.628107548,1692650664.632106066,1692650665.632123470,1692650666.640104055,1692650666.736140728],"count":[3,40,37,34,0],"bulk_size":[0,0,0,0,0]},"prod:0":{"timestamps":[1692650663.628107548,1692650664.632106066,1692650665.632123470,1692650666.640104055,1692650666.736140728],"count":[3,33,34,30,0],"bulk_size":[0,0,0,0,0]},"__shutdown__:65535":{"timestamps":[1692650666.736140728],"count":[1],"bulk_size":[0]}},"pools":{"__primary__":{"timestamps":[1692650653.584771395,1692650654.586095572,1692650655.587399721,1692650656.588681698,1692650657.589904785,1692650658.591016054,1692650659.596067429,1692650660.597516775,1692650661.598935604,1692650662.608542204,1692650663.628107548,1692650664.632106066,1692650665.632123470,1692650666.640104055,1692650666.736140728],"size":[0,0,0,0,0,0,0,0,0,0,0,0,0,0,0],"total_size":[1,1,1,1,1,1,1,1,1,1,1,1,1,1,1]},"__pool_1__":{"timestamps":[1692650653.584771395,1692650654.586095572,1692650655.587399721,1692650656.588681698,1692650657.589904785,1692650658.591016054,1692650659.596067429,1692650660.597516775,1692650661.598935604,1692650662.608542204,1692650663.628107548,1692650664.632106066,1692650665.632123470,1692650666.640104055,1692650666.736140728],"size":[0,0,0,0,0,0,0,0,0,0,0,0,0,0,0],"total_size":[0,0,0,0,0,0,0,0,0,0,0,0,0,0,0]},"__pool_2__":{"timestamps":[1692650653.584771395,1692650654.586095572,1692650655.587399721,1692650656.588681698,1692650657.589904785,1692650658.591016054,1692650659.596067429,1692650660.597516775,1692650661.598935604,1692650662.608542204,1692650663.628107548,1692650664.632106066,1692650665.632123470,1692650666.640104055,1692650666.736140728],"size":[0,0,0,0,0,0,0,0,0,0,0,0,0,0,0],"total_size":[0,0,0,0,0,0,0,0,0,0,0,0,1,0,0]}}}