{"address":"ofi+verbs;ofi_rxm://10.201.0.134:37480","rpcs":{"sum:1":{"timestamps":[1692650663.972511053,1692650665.000284672,1692650666.016511917,1692650666.820646286],"count":[17,25,31,13],"bulk_size":[0,0,0,0]},"prod:1":{"timestamps":[1692650663.972511053,1692650665.000284672,1692650666.016511917,1692650666.820646286],"count":[16,31,36,17],"bulk_size":[0,0,0,0]},"__shutdown__:65535":{"timestamps":[1692650666.820646286],"count":[1],"bulk_size":[0]}},"pools":{"__primary__":{"timestamps":[1692650653.588946342,1692650654.628841639,1692650655.668866158,1692650656.708868504,1692650657.748851538,1692650658.788925171,1692650659.828897715,1692650660.868909359,1692650661.908748865,1692650662.948726892,1692650663.972511053,1692650665.000284672,1692650666.016511917,1692650666.820646286],"size":[0,0,0,0,0,0,0,0,0,0,0,0,0,0],"total_size":[1,1,1,1,1,1,1,1,1,1,1,1,1,0]},"__pool_1__":{"timestamps":[1692650653.588946342,1692650654.628841639,1692650655.668866158,1692650656.708868504,1692650657.748851538,1692650658.788925171,1692650659.828897715,1692650660.868909359,1692650661.908748865,1692650662.948726892,1692650663.972511053,1692650665.000284672,1692650666.016511917,1692650666.820646286],"size":[0,0,0,0,0,0,0,0,0,0,0,0,0,0],"total_size":[0,0,0,0,0,0,0,0,0,0,0,0,0,0]},"__pool_2__":{"timestamps":[1692650653.588946342,1692650654.628841639,1692650655.668866158,1692650656.708868504,1692650657.748851538,1692650658.788925171,1692650659.828897715,1692650660.868909359,1692650661.908748865,1692650662.948726892,1692650663.972511053,1692650665.000284672,1692650666.016511917,1692650666.820646286],"size":[0,0,0,0,0,0,0,0,0,0,0,0,0,0],"total_size":[0,0,0,0,0,0,0,0,0,0,0,0,0,0]}}}