{"address":"ofi+verbs;ofi_rxm://10.201.0.132:33669","progress_loop":{"progress_with_timeout":{"num":106,"min":0.000030279,"max":0.111335993,"avg":0.031110964,"var":0.049890617,"sum":3.297762156},"progress_timeout_value_msec":{"num":106,"min":100.000000000,"max":100.000000000,"avg":100.000000000,"var":0.000000000,"sum":10600.000000000},"progress_without_timeout":{"num":0,"min":0.000000000,"max":0.000000000,"avg":0.000000000,"var":0.000000000,"sum":0.000000000},"trigger":{"num":104,"min":0.000000238,"max":0.000003815,"avg":0.000000608,"var":0.000000000,"sum":0.000063181}},"rpcs":{"65535:65535:1471021055:1":{"rpc_id":1471021055,"provider_id":1,"parent_rpc_id":65535,"parent_provider_id":65535,"name":"sum","origin":{"sent to ofi+verbs;ofi_rxm://10.201.0.134:37480":{"iforward":{"duration":{"num":15,"min":0.000003099,"max":0.001775026,"avg":0.000123278,"var":0.000002923,"sum":0.001849174},"relative_timestamp_from_create":{"num":15,"min":0.000000238,"max":0.000003099,"avg":0.000000636,"var":0.000000000,"sum":0.000009537}},"forward_cb":{"duration":{"num":15,"min":0.000000000,"max":0.000001431,"avg":0.000000334,"var":0.000000000,"sum":0.000005007},"relative_timestamp_from_iforward_start":{"num":15,"min":0.003997326,"max":0.065156460,"avg":0.023841778,"var":0.004583893,"sum":0.357626677}},"iforward_wait":{"duration":{"num":15,"min":0.003991127,"max":0.063388586,"avg":0.023719883,"var":0.004441314,"sum":0.355798244},"relative_timestamp_from_iforward_end":{"num":15,"min":0.000000000,"max":0.000000715,"avg":0.000000175,"var":0.000000000,"sum":0.000002623}},"set_input":{"duration":{"num":15,"min":0.000000715,"max":0.000005245,"avg":0.000001748,"var":0.000000000,"sum":0.000026226},"relative_timestamp_from_iforward_start":{"num":15,"min":0.000001431,"max":0.000014544,"avg":0.000003481,"var":0.000000000,"sum":0.000052214}},"get_output":{"duration":{"num":0,"min":0.000000000,"max":0.000000000,"avg":0.000000000,"var":0.000000000,"sum":0.000000000},"relative_timestamp_from_wait_end":{"num":0,"min":0.000000000,"max":0.000000000,"avg":0.000000000,"var":0.000000000,"sum":0.000000000}}}}},"65535:65535:1161428991:1":{"rpc_id":1161428991,"provider_id":1,"parent_rpc_id":65535,"parent_provider_id":65535,"name":"prod","origin":{"sent to ofi+verbs;ofi_rxm://10.201.0.134:37480":{"iforward":{"duration":{"num":23,"min":0.000003576,"max":0.000014782,"avg":0.000006437,"var":0.000000000,"sum":0.000148058},"relative_timestamp_from_create":{"num":23,"min":0.000000238,"max":0.000001192,"avg":0.000000570,"var":0.000000000,"sum":0.000013113}},"forward_cb":{"duration":{"num":23,"min":0.000000000,"max":0.000000715,"avg":0.000000238,"var":0.000000000,"sum":0.000005484},"relative_timestamp_from_iforward_start":{"num":23,"min":0.000432491,"max":0.047985077,"avg":0.023620999,"var":0.004452347,"sum":0.543282986}},"iforward_wait":{"duration":{"num":23,"min":0.000426769,"max":0.047974348,"avg":0.023615526,"var":0.004452130,"sum":0.543157101},"relative_timestamp_from_iforward_end":{"num":23,"min":0.000000000,"max":0.000000238,"avg":0.000000093,"var":0.000000000,"sum":0.000002146}},"set_input":{"duration":{"num":23,"min":0.000000954,"max":0.000003815,"avg":0.000001835,"var":0.000000000,"sum":0.000042200},"relative_timestamp_from_iforward_start":{"num":23,"min":0.000001431,"max":0.000010014,"avg":0.000003286,"var":0.000000000,"sum":0.000075579}},"get_output":{"duration":{"num":0,"min":0.000000000,"max":0.000000000,"avg":0.000000000,"var":0.000000000,"sum":0.000000000},"relative_timestamp_from_wait_end":{"num":0,"min":0.000000000,"max":0.000000000,"avg":0.000000000,"var":0.000000000,"sum":0.000000000}}}}},"65535:65535:1161428991:0":{"rpc_id":1161428991,"provider_id":0,"parent_rpc_id":65535,"parent_provider_id":65535,"name":"prod","origin":{"sent to ofi+verbs;ofi_rxm://10.201.0.132:41234":{"iforward":{"duration":{"num":27,"min":0.000003576,"max":0.001148939,"avg":0.000048240,"var":0.000001258,"sum":0.001302481},"relative_timestamp_from_create":{"num":27,"min":0.000000238,"max":0.000000715,"avg":0.000000539,"var":0.000000000,"sum":0.000014544}},"forward_cb":{"duration":{"num":27,"min":0.000000238,"max":0.000000477,"avg":0.000000309,"var":0.000000000,"sum":0.000008345},"relative_timestamp_from_iforward_start":{"num":27,"min":0.000034571,"max":0.123997927,"avg":0.036371690,"var":0.016270717,"sum":0.982035637}},"iforward_wait":{"duration":{"num":27,"min":0.000031710,"max":0.122850418,"avg":0.036324651,"var":0.016071515,"sum":0.980765581},"relative_timestamp_from_iforward_end":{"num":27,"min":0.000000000,"max":0.000000238,"avg":0.000000106,"var":0.000000000,"sum":0.000002861}},"set_input":{"duration":{"num":27,"min":0.000000954,"max":0.000002384,"avg":0.000001748,"var":0.000000000,"sum":0.000047207},"relative_timestamp_from_iforward_start":{"num":27,"min":0.000001431,"max":0.000005484,"avg":0.000003038,"var":0.000000000,"sum":0.000082016}},"get_output":{"duration":{"num":0,"min":0.000000000,"max":0.000000000,"avg":0.000000000,"var":0.000000000,"sum":0.000000000},"relative_timestamp_from_wait_end":{"num":0,"min":0.000000000,"max":0.000000000,"avg":0.000000000,"var":0.000000000,"sum":0.000000000}}}}},"65535:65535:1471021055:0":{"rpc_id":1471021055,"provider_id":0,"parent_rpc_id":65535,"parent_provider_id":65535,"name":"sum","origin":{"sent to ofi+verbs;ofi_rxm://10.201.0.132:41234":{"iforward":{"duration":{"num":35,"min":0.000002861,"max":0.000011444,"avg":0.000005804,"var":0.000000000,"sum":0.000203133},"relative_timestamp_from_create":{"num":35,"min":0.000000238,"max":0.000000954,"avg":0.000000518,"var":0.000000000,"sum":0.000018120}},"forward_cb":{"duration":{"num":35,"min":0.000000000,"max":0.000000477,"avg":0.000000279,"var":0.000000000,"sum":0.000009775},"relative_timestamp_from_iforward_start":{"num":35,"min":0.000048399,"max":0.079994202,"avg":0.035363701,"var":0.017787292,"sum":1.237729549}},"iforward_wait":{"duration":{"num":35,"min":0.000044584,"max":0.079988003,"avg":0.035359056,"var":0.017787835,"sum":1.237566948},"relative_timestamp_from_iforward_end":{"num":35,"min":0.000000000,"max":0.000000238,"avg":0.000000123,"var":0.000000000,"sum":0.000004292}},"set_input":{"duration":{"num":35,"min":0.000000954,"max":0.000003338,"avg":0.000001696,"var":0.000000000,"sum":0.000059366},"relative_timestamp_from_iforward_start":{"num":35,"min":0.000001192,"max":0.000006199,"avg":0.000002916,"var":0.000000000,"sum":0.000102043}},"get_output":{"duration":{"num":0,"min":0.000000000,"max":0.000000000,"avg":0.000000000,"var":0.000000000,"sum":0.000000000},"relative_timestamp_from_wait_end":{"num":0,"min":0.000000000,"max":0.000000000,"avg":0.000000000,"var":0.000000000,"sum":0.000000000}}}}},"65535:65535:3542155263:65535":{"rpc_id":3542155263,"provider_id":65535,"parent_rpc_id":65535,"parent_provider_id":65535,"name":"__shutdown__","origin":{"sent to ofi+verbs;ofi_rxm://10.201.0.132:41234":{"iforward":{"duration":{"num":1,"min":0.000007868,"max":0.000007868,"avg":0.000007868,"var":0.000000000,"sum":0.000007868},"relative_timestamp_from_create":{"num":1,"min":0.000000954,"max":0.000000954,"avg":0.000000954,"var":0.000000000,"sum":0.000000954}},"forward_cb":{"duration":{"num":1,"min":0.000000477,"max":0.000000477,"avg":0.000000477,"var":0.000000000,"sum":0.000000477},"relative_timestamp_from_iforward_start":{"num":1,"min":0.022471666,"max":0.022471666,"avg":0.022471666,"var":0.000000000,"sum":0.022471666}},"iforward_wait":{"duration":{"num":1,"min":0.022465706,"max":0.022465706,"avg":0.022465706,"var":0.000000000,"sum":0.022465706},"relative_timestamp_from_iforward_end":{"num":1,"min":0.000000000,"max":0.000000000,"avg":0.000000000,"var":0.000000000,"sum":0.000000000}},"set_input":{"duration":{"num":0,"min":0.000000000,"max":0.000000000,"avg":0.000000000,"var":0.000000000,"sum":0.000000000},"relative_timestamp_from_iforward_start":{"num":0,"min":0.000000000,"max":0.000000000,"avg":0.000000000,"var":0.000000000,"sum":0.000000000}},"get_output":{"duration":{"num":1,"min":0.000006676,"max":0.000006676,"avg":0.000006676,