{"address":"ofi+verbs;ofi_rxm://10.201.0.136:54174","rpcs":{"__shutdown__:65535":{"timestamps":[1692650666.801152706],"count":[1],"bulk_size":[0]}},"pools":{"__primary__":{"timestamps":[1692650653.589727879,1692650654.629690409,1692650655.669644833,1692650656.709559441,1692650657.749610901,1692650658.789555073,1692650659.829399109,1692650660.869329453,1692650661.909256697,1692650662.949188948,1692650663.989250422,1692650665.030164480,1692650666.070131779,1692650666.801152706],"size":[0,0,0,0,0,0,0,0,0,0,0,0,0,0],"total_size":[1,1,1,1,1,1,1,1,1,1,1,1,1,1]},"__pool_1__":{"timestamps":[1692650653.589727879,1692650654.629690409,1692650655.669644833,1692650656.709559441,1692650657.749610901,1692650658.789555073,1692650659.829399109,1692650660.869329453,1692650661.909256697,1692650662.949188948,1692650663.989250422,1692650665.030164480,1692650666.070131779,1692650666.801152706],"size":[0,0,0,0,0,0,0,0,0,0,0,0,0,0],"total_size":[0,0,0,0,0,0,0,0,0,0,0,0,0,0]},"__pool_2__":{"timestamps":[1692650653.589727879,1692650654.629690409,1692650655.669644833,1692650656.709559441,1692650657.749610901,1692650658.789555073,1692650659.829399109,1692650660.869329453,1692650661.909256697,1692650662.949188948,1692650663.989250422,1692650665.030164480,1692650666.070131779,1692650666.801152706],"size":[0,0,0,0,0,0,0,0,0,0,0,0,0,0],"total_size":[0,0,0,0,0,0,0,0,0,0,0,0,0,0]}}}