{"address":"ofi+verbs;ofi_rxm://10.201.0.136:54174","progress_loop":{"progress_with_timeout":{"num":128,"min":0.044878244,"max":0.104449511,"avg":0.103541279,"var":0.003502638,"sum":13.253283739},"progress_timeout_value_msec":{"num":128,"min":100.000000000,"max":100.000000000,"avg":100.000000000,"var":0.000000000,"sum":12800.000000000},"progress_without_timeout":{"num":72872,"min":0.000000000,"max":0.016007185,"avg":0.000000371,"var":0.000257419,"sum":0.027004480},"trigger":{"num":2,"min":0.000026464,"max":0.008981943,"avg":0.004504204,"var":0.000040100,"sum":0.009008408}},"rpcs":{"65535:65535:3542155263:65535":{"rpc_id":3542155263,"provider_id":65535,"parent_rpc_id":65535,"parent_provider_id":65535,"name":"__shutdown__","target":{"received from ofi+verbs;ofi_rxm://10.201.0.132:33669":{"handler":{"duration":{"num":1,"min":0.000014782,"max":0.000014782,"avg":0.000014782,"var":0.000000000,"sum":0.000014782}},"ult":{"duration":{"num":1,"min":0.023997784,"max":0.023997784,"avg":0.023997784,"var":0.000000000,"sum":0.023997784},"relative_timestamp_from_handler_start":{"num":1,"min":0.010289431,"max":0.010289431,"avg":0.010289431,"var":0.000000000,"sum":0.010289431}},"irespond":{"duration":{"num":1,"min":0.002997875,"max":0.002997875,"avg":0.002997875,"var":0.000000000,"sum":0.002997875},"relative_timestamp_from_ult_start":{"num":1,"min":0.000000954,"max":0.000000954,"avg":0.000000954,"var":0.000000000,"sum":0.000000954}},"respond_cb":{"duration":{"num":1,"min":0.008979797,"max":0.008979797,"avg":0.008979797,"var":0.000000000,"sum":0.008979797},"relative_timestamp_from_irespond_start":{"num":1,"min":0.003013611,"max":0.003013611,"avg":0.003013611,"var":0.000000000,"sum":0.003013611}},"irespond_wait":{"duration":{"num":1,"min":0.020994425,"max":0.020994425,"avg":0.020994425,"var":0.000000000,"sum":0.020994425},"relative_timestamp_from_irespond_end":{"num":1,"min":0.000000954,"max":0.000000954,"avg":0.000000954,"var":0.000000000,"sum":0.000000954}},"set_output":{"duration":{"num":1,"min":0.000000238,"max":0.000000238,"avg":0.000000238,"var":0.000000000,"sum":0.000000238},"relative_timestamp_from_irespond_start":{"num":1,"min":0.000002623,"max":0.000002623,"avg":0.000002623,"var":0.000000000,"sum":0.000002623}},"get_input":{"duration":{"num":0,"min":0.000000000,"max":0.000000000,"avg":0.000000000,"var":0.000000000,"sum":0.000000000},"relative_timestamp_from_ult_start":{"num":0,"min":0.000000000,"max":0.000000000,"avg":0.000000000,"var":0.000000000,"sum":0.000000000}}}}}}}