{"address":"ofi+verbs;ofi_rxm://10.201.0.134:52611","progress_loop":{"progress_with_timeout":{"num":101,"min":0.000033855,"max":0.101435184,"avg":0.030106759,"var":0.035958704,"sum":3.040782690},"progress_timeout_value_msec":{"num":101,"min":100.000000000,"max":100.000000000,"avg":100.000000000,"var":0.000000000,"sum":10100.000000000},"progress_without_timeout":{"num":0,"min":0.000000000,"max":0.000000000,"avg":0.000000000,"var":0.000000000,"sum":0.000000000},"trigger":{"num":100,"min":0.000000238,"max":0.000003576,"avg":0.000000656,"var":0.000000000,"sum":0.000065565}},"rpcs":{"65535:65535:1471021055:1":{"rpc_id":1471021055,"provider_id":1,"parent_rpc_id":65535,"parent_provider_id":65535,"name":"sum","origin":{"sent to ofi+verbs;ofi_rxm://10.201.0.134:37480":{"iforward":{"duration":{"num":24,"min":0.000003576,"max":0.001588821,"avg":0.000072936,"var":0.000002398,"sum":0.001750469},"relative_timestamp_from_create":{"num":24,"min":0.000000477,"max":0.000002861,"avg":0.000000705,"var":0.000000000,"sum":0.000016928}},"forward_cb":{"duration":{"num":24,"min":0.000000238,"max":0.000001192,"avg":0.000000358,"var":0.000000000,"sum":0.000008583},"relative_timestamp_from_iforward_start":{"num":24,"min":0.000067234,"max":0.051996946,"avg":0.022200386,"var":0.004860503,"sum":0.532809258}},"iforward_wait":{"duration":{"num":24,"min":0.000061274,"max":0.051992416,"avg":0.022128930,"var":0.004825488,"sum":0.531094313},"relative_timestamp_from_iforward_end":{"num":24,"min":0.000000000,"max":0.000000715,"avg":0.000000189,"var":0.000000000,"sum":0.000004530}},"set_input":{"duration":{"num":24,"min":0.000000954,"max":0.000005245,"avg":0.000002285,"var":0.000000000,"sum":0.000054836},"relative_timestamp_from_iforward_start":{"num":24,"min":0.000001669,"max":0.000013590,"avg":0.000003924,"var":0.000000000,"sum":0.000094175}},"get_output":{"duration":{"num":0,"min":0.000000000,"max":0.000000000,"avg":0.000000000,"var":0.000000000,"sum":0.000000000},"relative_timestamp_from_wait_end":{"num":0,"min":0.000000000,"max":0.000000000,"avg":0.000000000,"var":0.000000000,"sum":0.000000000}}}}},"65535:65535:1161428991:0":{"rpc_id":1161428991,"provider_id":0,"parent_rpc_id":65535,"parent_provider_id":65535,"name":"prod","origin":{"sent to ofi+verbs;ofi_rxm://10.201.0.132:41234":{"iforward":{"duration":{"num":23,"min":0.000003099,"max":0.031878710,"avg":0.001392468,"var":0.000971657,"sum":0.032026768},"relative_timestamp_from_create":{"num":23,"min":0.000000238,"max":0.000000954,"avg":0.000000591,"var":0.000000000,"sum":0.000013590}},"forward_cb":{"duration":{"num":23,"min":0.000000000,"max":0.000000715,"avg":0.000000332,"var":0.000000000,"sum":0.000007629},"relative_timestamp_from_iforward_start":{"num":23,"min":0.003625393,"max":0.071896076,"avg":0.039636384,"var":0.006959267,"sum":0.911636829}},"iforward_wait":{"duration":{"num":23,"min":0.003620625,"max":0.063977480,"avg":0.038245357,"var":0.005874511,"sum":0.879643202},"relative_timestamp_from_iforward_end":{"num":23,"min":0.000000000,"max":0.000000715,"avg":0.000000155,"var":0.000000000,"sum":0.000003576}},"set_input":{"duration":{"num":23,"min":0.000000954,"max":0.000004530,"avg":0.000002146,"var":0.000000000,"sum":0.000049353},"relative_timestamp_from_iforward_start":{"num":23,"min":0.000001431,"max":0.000010490,"avg":0.000003493,"var":0.000000000,"sum":0.000080347}},"get_output":{"duration":{"num":0,"min":0.000000000,"max":0.000000000,"avg":0.000000000,"var":0.000000000,"sum":0.000000000},"relative_timestamp_from_wait_end":{"num":0,"min":0.000000000,"max":0.000000000,"avg":0.000000000,"var":0.000000000,"sum":0.000000000}}}}},"65535:65535:1161428991:1":{"rpc_id":1161428991,"provider_id":1,"parent_rpc_id":65535,"parent_provider_id":65535,"name":"prod","origin":{"sent to ofi+verbs;ofi_rxm://10.201.0.134:37480":{"iforward":{"duration":{"num":27,"min":0.000003815,"max":0.000010729,"avg":0.000006305,"var":0.000000000,"sum":0.000170231},"relative_timestamp_from_create":{"num":27,"min":0.000000238,"max":0.000000954,"avg":0.000000530,"var":0.000000000,"sum":0.000014305}},"forward_cb":{"duration":{"num":27,"min":0.000000238,"max":0.000000477,"avg":0.000000274,"var":0.000000000,"sum":0.000007391},"relative_timestamp_from_iforward_start":{"num":27,"min":0.000040293,"max":0.048090935,"avg":0.020767371,"var":0.006118772,"sum":0.560719013}},"iforward_wait":{"duration":{"num":27,"min":0.000035524,"max":0.048086643,"avg":0.020762329,"var":0.006119275,"sum":0.560582876},"relative_timestamp_from_iforward_end":{"num":27,"min":0.000000000,"max":0.000000238,"avg":0.000000079,"var":0.000000000,"sum":0.000002146}},"set_input":{"duration":{"num":27,"min":0.000000954,"max":0.000003099,"avg":0.000001899,"var":0.000000000,"sum":0.000051260},"relative_timestamp_from_iforward_start":{"num":27,"min":0.000001669,"max":0.000005484,"avg":0.000003117,"var":0.000000000,"sum":0.000084162}},"get_output":{"duration":{"num":0,"min":0.000000000,"max":0.000000000,"avg":0.000000000,"var":0.000000000,"sum":0.000000000},"relative_timestamp_from_wait_end":{"num":0,"min":0.000000000,"max":0.000000000,"avg":0.000000000,"var":0.000000000,"sum":0.000000000}}}}},"65535:65535:1471021055:0":{"rpc_id":1471021055,"provider_id":0,"parent_rpc_id":65535,"parent_provider_id":65535,"name":"sum","origin":{"sent to ofi+verbs;ofi_rxm://10.201.0.132:41234":{"iforward":{"duration":{"num":26,"min":0.000003576,"max":0.000010014,"avg":0.000006043,"var":0.000000000,"sum":0.000157118},"relative_timestamp_from_create":{"num":26,"min":0.000000238,"max":0.000000954,"avg":0.000000504,"var":0.000000000,"sum":0.000013113}},"forward_cb":{"duration":{"num":26,"min":0.000000000,"max":0.000000715,"avg":0.000000330,"var":0.000000000,"sum":0.000008583},"relative_timestamp_from_iforward_start":{"num":26,"min":0.003617287,"max":0.079591274,"avg":0.037246557,"var":0.007319966,"sum":0.968410492}},"iforward_wait":{"duration":{"num":26,"min":0.003611565,"max":0.079587936,"avg":0.037241817,"var":0.007320339,"sum":0.968287230},"relative_timestamp_from_iforward_end":{"num":26,"min":0.000000000,"max":0.000000238,"avg":0.000000128,"var":0.000000000,"sum":0.000003338}},"set_input":{"duration":{"num":26,"min":0.000000954,"max":0.000003099,"avg":0.000001843,"var":0.000000000,"sum":0.000047922},"relative_timestamp_from_iforward_start":{"num":26,"min":0.000001669,"max":0.000004768,"avg":0.000002980,"var":0.000000000,"sum":0.000077486}},"get_output":{"duration":{"num":0,"min":0.000000000,"max":0.000000000,"avg":0.000000000,"var":0.000000000,"sum":0.000000000},"relative_timestamp_from_wait_end":{"num":0,"min":0.000000000,"max":0.000000000,"avg":0.000000000,"var":0.000000000,"sum":0.000000000}}}}}}}