{"address":"ofi+verbs;ofi_rxm://10.201.0.136:34863","progress_loop":{"progress_with_timeout":{"num":101,"min":0.000043392,"max":0.103522539,"avg":0.027641766,"var":0.041204604,"sum":2.791818380},"progress_timeout_value_msec":{"num":101,"min":100.000000000,"max":100.000000000,"avg":100.000000000,"var":0.000000000,"sum":10100.000000000},"progress_without_timeout":{"num":0,"min":0.000000000,"max":0.000000000,"avg":0.000000000,"var":0.000000000,"sum":0.000000000},"trigger":{"num":100,"min":0.000000477,"max":0.000003338,"avg":0.000001707,"var":0.000000000,"sum":0.000170708}},"rpcs":{"65535:65535:1471021055:0":{"rpc_id":1471021055,"provider_id":0,"parent_rpc_id":65535,"parent_provider_id":65535,"name":"sum","origin":{"sent to ofi+verbs;ofi_rxm://10.201.0.132:41234":{"iforward":{"duration":{"num":29,"min":0.000006914,"max":0.001695156,"avg":0.000072989,"var":0.000002726,"sum":0.002116680},"relative_timestamp_from_create":{"num":29,"min":0.000000477,"max":0.000002861,"avg":0.000001250,"var":0.000000000,"sum":0.000036240}},"forward_cb":{"duration":{"num":29,"min":0.000000238,"max":0.000001669,"avg":0.000000888,"var":0.000000000,"sum":0.000025749},"relative_timestamp_from_iforward_start":{"num":29,"min":0.000062943,"max":0.079993010,"avg":0.031039041,"var":0.011803681,"sum":0.900132179}},"iforward_wait":{"duration":{"num":29,"min":0.000046968,"max":0.079979181,"avg":0.030969554,"var":0.011838094,"sum":0.898117065},"relative_timestamp_from_iforward_end":{"num":29,"min":0.000000000,"max":0.000000477,"avg":0.000000206,"var":0.000000000,"sum":0.000005960}},"set_input":{"duration":{"num":29,"min":0.000001669,"max":0.000005484,"avg":0.000004324,"var":0.000000000,"sum":0.000125408},"relative_timestamp_from_iforward_start":{"num":29,"min":0.000003815,"max":0.000014305,"avg":0.000008205,"var":0.000000000,"sum":0.000237942}},"get_output":{"duration":{"num":0,"min":0.000000000,"max":0.000000000,"avg":0.000000000,"var":0.000000000,"sum":0.000000000},"relative_timestamp_from_wait_end":{"num":0,"min":0.000000000,"max":0.000000000,"avg":0.000000000,"var":0.000000000,"sum":0.000000000}}}}},"65535:65535:1161428991:1":{"rpc_id":1161428991,"provider_id":1,"parent_rpc_id":65535,"parent_provider_id":65535,"name":"prod","origin":{"sent to ofi+verbs;ofi_rxm://10.201.0.134:37480":{"iforward":{"duration":{"num":23,"min":0.000005245,"max":0.001106739,"avg":0.000061854,"var":0.000001142,"sum":0.001422644},"relative_timestamp_from_create":{"num":23,"min":0.000000477,"max":0.000001669,"avg":0.000001171,"var":0.000000000,"sum":0.000026941}},"forward_cb":{"duration":{"num":23,"min":0.000000238,"max":0.000001192,"avg":0.000000809,"var":0.000000000,"sum":0.000018597},"relative_timestamp_from_iforward_start":{"num":23,"min":0.000076294,"max":0.047965765,"avg":0.018485743,"var":0.004403059,"sum":0.425172091}},"iforward_wait":{"duration":{"num":23,"min":0.000060081,"max":0.047952414,"avg":0.018426895,"var":0.004412106,"sum":0.423818588},"relative_timestamp_from_iforward_end":{"num":23,"min":0.000000000,"max":0.000000238,"avg":0.000000187,"var":0.000000000,"sum":0.000004292}},"set_input":{"duration":{"num":23,"min":0.000001431,"max":0.000005960,"avg":0.000003949,"var":0.000000000,"sum":0.000090837},"relative_timestamp_from_iforward_start":{"num":23,"min":0.000002623,"max":0.000011444,"avg":0.000007619,"var":0.000000000,"sum":0.000175238}},"get_output":{"duration":{"num":0,"min":0.000000000,"max":0.000000000,"avg":0.000000000,"var":0.000000000,"sum":0.000000000},"relative_timestamp_from_wait_end":{"num":0,"min":0.000000000,"max":0.000000000,"avg":0.000000000,"var":0.000000000,"sum":0.000000000}}}}},"65535:65535:1471021055:1":{"rpc_id":1471021055,"provider_id":1,"parent_rpc_id":65535,"parent_provider_id":65535,"name":"sum","origin":{"sent to ofi+verbs;ofi_rxm://10.201.0.134:37480":{"iforward":{"duration":{"num":21,"min":0.000005245,"max":0.000025034,"avg":0.000015531,"var":0.000000001,"sum":0.000326157},"relative_timestamp_from_create":{"num":21,"min":0.000000477,"max":0.000001669,"avg":0.000001203,"var":0.000000000,"sum":0.000025272}},"forward_cb":{"duration":{"num":21,"min":0.000000238,"max":0.000001192,"avg":0.000000806,"var":0.000000000,"sum":0.000016928},"relative_timestamp_from_iforward_start":{"num":21,"min":0.000068188,"max":0.072024822,"avg":0.023580778,"var":0.005944798,"sum":0.495196342}},"iforward_wait":{"duration":{"num":21,"min":0.000052452,"max":0.072020292,"avg":0.023568483,"var":0.005946435,"sum":0.494938135},"relative_timestamp_from_iforward_end":{"num":21,"min":0.000000000,"max":0.000000238,"avg":0.000000170,"var":0.000000000,"sum":0.000003576}},"set_input":{"duration":{"num":21,"min":0.000001192,"max":0.000006199,"avg":0.000004280,"var":0.000000000,"sum":0.000089884},"relative_timestamp_from_iforward_start":{"num":21,"min":0.000002623,"max":0.000011206,"avg":0.000008095,"var":0.000000000,"sum":0.000169992}},"get_output":{"duration":{"num":0,"min":0.000000000,"max":0.000000000,"avg":0.000000000,"var":0.000000000,"sum":0.000000000},"relative_timestamp_from_wait_end":{"num":0,"min":0.000000000,"max":0.000000000,"avg":0.000000000,"var":0.000000000,"sum":0.000000000}}}}},"65535:65535:1161428991:0":{"rpc_id":1161428991,"provider_id":0,"parent_rpc_id":65535,"parent_provider_id":65535,"name":"prod","origin":{"sent to ofi+verbs;ofi_rxm://10.201.0.132:41234":{"iforward":{"duration":{"num":27,"min":0.000007868,"max":0.000021219,"avg":0.000015524,"var":0.000000000,"sum":0.000419140},"relative_timestamp_from_create":{"num":27,"min":0.000000477,"max":0.000001669,"avg":0.000001245,"var":0.000000000,"sum":0.000033617}},"forward_cb":{"duration":{"num":27,"min":0.000000238,"max":0.000001192,"avg":0.000000901,"var":0.000000000,"sum":0.000024319},"relative_timestamp_from_iforward_start":{"num":27,"min":0.000108242,"max":0.063987494,"avg":0.032309585,"var":0.010041604,"sum":0.872358799}},"iforward_wait":{"duration":{"num":27,"min":0.000092268,"max":0.063973665,"avg":0.032297594,"var":0.010043374,"sum":0.872035027},"relative_timestamp_from_iforward_end":{"num":27,"min":0.000000000,"max":0.000000477,"avg":0.000000203,"var":0.000000000,"sum":0.000005484}},"set_input":{"duration":{"num":27,"min":0.000001669,"max":0.000006199,"avg":0.000004380,"var":0.000000000,"sum":0.000118256},"relative_timestamp_from_iforward_start":{"num":27,"min":0.000004053,"max":0.000011206,"avg":0.000008283,"var":0.000000000,"sum":0.000223637}},"get_output":{"duration":{"num":0,"min":0.000000000,"max":0.000000000,"avg":0.000000000,"var":0.000000000,"sum":0.000000000},"relative_timestamp_from_wait_end":{"num":0,"min":0.000000000,"max":0.000000000,"avg":0.000000000,"var":0.000000000,"sum":0.000000000}}}}}}}