{"address":"ofi+verbs;ofi_rxm://10.201.0.134:37480","progress_loop":{"progress_with_timeout":{"num":116,"min":0.000007391,"max":0.104444027,"avg":0.090514703,"var":0.112646930,"sum":10.499705553},"progress_timeout_value_msec":{"num":116,"min":100.000000000,"max":100.000000000,"avg":100.000000000,"var":0.000000000,"sum":11600.000000000},"progress_without_timeout":{"num":2576214,"min":0.000000000,"max":0.024004459,"avg":0.000000148,"var":0.000581393,"sum":0.381938696},"trigger":{"num":374,"min":0.000000238,"max":0.039426088,"avg":0.005290514,"var":0.022311444,"sum":1.978652239}},"rpcs":{"65535:65535:1471021055:1":{"rpc_id":1471021055,"provider_id":1,"parent_rpc_id":65535,"parent_provider_id":65535,"name":"sum","target":{"received from ofi+verbs;ofi_rxm://10.201.0.134:52611":{"handler":{"duration":{"num":24,"min":0.000000715,"max":0.000133991,"avg":0.000014911,"var":0.000000016,"sum":0.000357866}},"ult":{"duration":{"num":24,"min":0.004096985,"max":0.120015860,"avg":0.045623620,"var":0.021894111,"sum":1.094966888},"relative_timestamp_from_handler_start":{"num":24,"min":0.000004053,"max":0.012004852,"avg":0.004261335,"var":0.000658995,"sum":0.102272034}},"irespond":{"duration":{"num":24,"min":0.000001192,"max":0.003377438,"avg":0.000142932,"var":0.000010917,"sum":0.003430367},"relative_timestamp_from_ult_start":{"num":24,"min":0.000001192,"max":0.000032663,"avg":0.000004351,"var":0.000000001,"sum":0.000104427}},"respond_cb":{"duration":{"num":24,"min":0.000000000,"max":0.027988672,"avg":0.010244131,"var":0.001924580,"sum":0.245859146},"relative_timestamp_from_irespond_start":{"num":24,"min":0.000005245,"max":0.023986578,"avg":0.008469055,"var":0.002200528,"sum":0.203257322}},"irespond_wait":{"duration":{"num":24,"min":0.004090071,"max":0.120008469,"avg":0.045474996,"var":0.022105042,"sum":1.091399908},"relative_timestamp_from_irespond_end":{"num":24,"min":0.000000000,"max":0.000000477,"avg":0.000000089,"var":0.000000000,"sum":0.000002146}},"set_output":{"duration":{"num":24,"min":0.000000477,"max":0.000002384,"avg":0.000001192,"var":0.000000000,"sum":0.000028610},"relative_timestamp_from_irespond_start":{"num":24,"min":0.000000000,"max":0.000001431,"avg":0.000000199,"var":0.000000000,"sum":0.000004768}},"get_input":{"duration":{"num":24,"min":0.000000477,"max":0.000006914,"avg":0.000001560,"var":0.000000000,"sum":0.000037432},"relative_timestamp_from_ult_start":{"num":24,"min":0.000000238,"max":0.000022650,"avg":0.000001887,"var":0.000000000,"sum":0.000045300}}},"received from ofi+verbs;ofi_rxm://10.201.0.136:34863":{"handler":{"duration":{"num":21,"min":0.000000715,"max":0.000051260,"avg":0.000009639,"var":0.000000003,"sum":0.000202417}},"ult":{"duration":{"num":21,"min":0.000092268,"max":0.092000961,"avg":0.043260756,"var":0.012527762,"sum":0.908475876},"relative_timestamp_from_handler_start":{"num":21,"min":0.000004292,"max":0.015996456,"avg":0.005385967,"var":0.000707396,"sum":0.113105297}},"irespond":{"duration":{"num":21,"min":0.000000954,"max":0.034320354,"avg":0.001636323,"var":0.001121658,"sum":0.034362793},"relative_timestamp_from_ult_start":{"num":21,"min":0.000001431,"max":0.000005484,"avg":0.000003111,"var":0.000000000,"sum":0.000065327}},"respond_cb":{"duration":{"num":21,"min":0.000000000,"max":0.039425611,"avg":0.010258788,"var":0.001796131,"sum":0.215434551},"relative_timestamp_from_irespond_start":{"num":21,"min":0.000005245,"max":0.046334028,"avg":0.012256929,"var":0.003910414,"sum":0.257395506}},"irespond_wait":{"duration":{"num":21,"min":0.000088453,"max":0.091993809,"avg":0.041620459,"var":0.010692972,"sum":0.874029636},"relative_timestamp_from_irespond_end":{"num":21,"min":0.000000000,"max":0.000000238,"avg":0.000000057,"var":0.000000000,"sum":0.000001192}},"set_output":{"duration":{"num":21,"min":0.000000477,"max":0.000001669,"avg":0.000001045,"var":0.000000000,"sum":0.000021935},"relative_timestamp_from_irespond_start":{"num":21,"min":0.000000000,"max":0.000000238,"avg":0.000000159,"var":0.000000000,"sum":0.000003338}},"get_input":{"duration":{"num":21,"min":0.000000477,"max":0.000002146,"avg":0.000001294,"var":0.000000000,"sum":0.000027180},"relative_timestamp_from_ult_start":{"num":21,"min":0.000000238,"max":0.000002146,"avg":0.000000999,"var":0.000000000,"sum":0.000020981}}},"received from ofi+verbs;ofi_rxm://10.201.0.132:33669":{"handler":{"duration":{"num":15,"min":0.000000715,"max":0.012218714,"avg":0.000908581,"var":0.000137794,"sum":0.013628721}},"ult":{"duration":{"num":15,"min":0.012009859,"max":0.124021530,"avg":0.041131830,"var":0.010851204,"sum":0.616977453},"relative_timestamp_from_handler_start":{"num":15,"min":0.000006676,"max":0.012209892,"avg":0.006181049,"var":0.000406121,"sum":0.092715740}},"irespond":{"duration":{"num":15,"min":0.000001192,"max":0.000003099,"avg":0.000001987,"var":0.000000000,"sum":0.000029802},"relative_timestamp_from_ult_start":{"num":15,"min":0.000001431,"max":0.000004053,"avg":0.000002670,"var":0.000000000,"sum":0.000040054}},"respond_cb":{"duration":{"num":15,"min":0.000000000,"max":0.027987242,"avg":0.009939925,"var":0.000680375,"sum":0.149098873},"relative_timestamp_from_irespond_start":{"num":15,"min":0.000009060,"max":0.039437532,"avg":0.005922174,"var":0.001586289,"sum":0.088832617}},"irespond_wait":{"duration":{"num":15,"min":0.012006044,"max":0.124017239,"avg":0.041126235,"var":0.010851311,"sum":0.616893530},"relative_timestamp_from_irespond_end":{"num":15,"min":0.000000000,"max":0.000000238,"avg":0.000000127,"var":0.000000000,"sum":0.000001907}},"set_output":{"duration":{"num":15,"min":0.000000477,"max":0.000001431,"avg":0.000000985,"var":0.000000000,"sum":0.000014782},"relative_timestamp_from_irespond_start":{"num":15,"min":0.000000000,"max":0.000000238,"avg":0.000000111,"var":0.000000000,"sum":0.000001669}},"get_input":{"duration":{"num":15,"min":0.000000477,"max":0.000001907,"avg":0.000001097,"var":0.000000000,"sum":0.000016451},"relative_timestamp_from_ult_start":{"num":15,"min":0.000000477,"max":0.000001431,"avg":0.000000890,"var":0.000000000,"sum":0.000013351}}},"received from ofi+verbs;ofi_rxm://10.201.0.138:60743":{"handler":{"duration":{"num":26,"min":0.000000715,"max":0.000024319,"avg":0.000007483,"var":0.000000001,"sum":0.000194550}},"ult":{"duration":{"num":26,"min":0.010951281,"max":0.120009184,"avg":0.042273677,"var":0.022061205,"sum":1.099115610},"relative_timestamp_from_handler_start":{"num":26,"min":0.000004053,"max":0.015993118,"avg":0.005769693,"var":0.000835837,"sum":0.150012016}},"irespond":{"duration":{"num":26,"min":0.000001192,"max":0.000004053,"avg":0.000001990,"var":0.000000000,"sum":0.000051737},"relative_timestamp_from_ult_start":{"num":26,"min":0.000001431,"max":0.000005960,"avg":0.000002843,"var":0.000000000,"sum":0.000073910}},"respond_cb":{"duration":{"num":26,"min":0.000000000,"max":0.027986526,"avg":0.010164765,"var":0.002081385,"sum":0.264283895},"relative_timestamp_from_irespond_start":{"num":26,"min":0.000005245,"max":0.031983614,"avg":0.005114152,"var":0.002092568,"sum":0.132967949}},"irespond_wait":{"duration":{"num":26,"min":0.010943413,"max":0.120001078,"avg":0.042267864,"var":0.022061519,"sum":1.098964453},"relative_timestamp_from_irespond_end":{"num":26,"min":0.000000000,"max":0.000000238,"avg":0.000000073,"var":0.000000000,"sum":0.000001907}},"set_output":{"duration":{"num":26,"min":0.000000715,"max":0.000002146,"avg":0.000001100,"var":0.000000000,"sum":0.000028610},"relative_timestamp_from_irespond_start":{"num":26,"min":0.000000000,"max":0.000000477,"avg":0.000000101,"var":0.000000000,"sum":0.000002623}},"get_input":{"duration":{"num":26,"min":0.000000477,"max":0.000002861,"avg":0.000001229,"var":0.000000000,"sum":0.000031948},"relative_timestamp_from_ult_start":{"num":26,"min":0.000000238,"max":0.000001907,"avg":0.000000889,"var":0.000000000,"sum":0.000023127}}}}},"65535:65535:1161428991:1":{"rpc_id":1161428991,"provider_id":1,"parent_rpc_id":65535,"parent_provider_id":65535,"name":"prod",