{"address":"ofi+verbs;ofi_rxm://10.201.0.134:52611","rpcs":{},"pools":{"__primary__":{"timestamps":[1692650663.508598566,1692650664.520511627,1692650665.545522690,1692650666.933143377,1692650666.933162212],"size":[0,0,0,0,0],"total_size":[1,1,1,1,0]}}}