{"address":"ofi+verbs;ofi_rxm://10.201.0.132:41234","progress_loop":{"progress_with_timeout":{"num":104,"min":0.000526428,"max":0.104229450,"avg":0.096419855,"var":0.034039546,"sum":10.027664900},"progress_timeout_value_msec":{"num":104,"min":100.000000000,"max":100.000000000,"avg":100.000000000,"var":0.000000000,"sum":10400.000000000},"progress_without_timeout":{"num":2439795,"min":0.000000000,"max":0.003441334,"avg":0.000000145,"var":0.000014126,"sum":0.354082108},"trigger":{"num":430,"min":0.000000238,"max":0.047980547,"avg":0.005571441,"var":0.027513426,"sum":2.395719528}},"rpcs":{"65535:65535:1471021055:0":{"rpc_id":1471021055,"provider_id":0,"parent_rpc_id":65535,"parent_provider_id":65535,"name":"sum","target":{"received from ofi+verbs;ofi_rxm://10.201.0.136:34863":{"handler":{"duration":{"num":29,"min":0.000000715,"max":0.000020266,"avg":0.000005262,"var":0.000000001,"sum":0.000152588}},"ult":{"duration":{"num":29,"min":0.004976273,"max":0.116114378,"avg":0.051827587,"var":0.029543351,"sum":1.503000021},"relative_timestamp_from_handler_start":{"num":29,"min":0.000005007,"max":0.016005516,"avg":0.007940695,"var":0.000783933,"sum":0.230280161}},"irespond":{"duration":{"num":29,"min":0.000000954,"max":0.003386021,"avg":0.000118568,"var":0.000011058,"sum":0.003438473},"relative_timestamp_from_ult_start":{"num":29,"min":0.000001431,"max":0.000026703,"avg":0.000003519,"var":0.000000001,"sum":0.000102043}},"respond_cb":{"duration":{"num":29,"min":0.000000000,"max":0.027971745,"avg":0.010738069,"var":0.002983807,"sum":0.311403990},"relative_timestamp_from_irespond_start":{"num":29,"min":0.000005245,"max":0.040081501,"avg":0.011693675,"var":0.006461356,"sum":0.339116573}},"irespond_wait":{"duration":{"num":29,"min":0.004970789,"max":0.116107702,"avg":0.051704177,"var":0.029662154,"sum":1.499421120},"relative_timestamp_from_irespond_end":{"num":29,"min":0.000000000,"max":0.000000477,"avg":0.000000107,"var":0.000000000,"sum":0.000003099}},"set_output":{"duration":{"num":29,"min":0.000000477,"max":0.000001907,"avg":0.000000995,"var":0.000000000,"sum":0.000028849},"relative_timestamp_from_irespond_start":{"num":29,"min":0.000000000,"max":0.000001431,"avg":0.000000148,"var":0.000000000,"sum":0.000004292}},"get_input":{"duration":{"num":29,"min":0.000000477,"max":0.000006199,"avg":0.000001315,"var":0.000000000,"sum":0.000038147},"relative_timestamp_from_ult_start":{"num":29,"min":0.000000238,"max":0.000017643,"avg":0.000001422,"var":0.000000000,"sum":0.000041246}}},"received from ofi+verbs;ofi_rxm://10.201.0.138:60743":{"handler":{"duration":{"num":24,"min":0.000000715,"max":0.000558138,"avg":0.000027309,"var":0.000000295,"sum":0.000655413}},"ult":{"duration":{"num":24,"min":0.023995876,"max":0.064009905,"avg":0.045208643,"var":0.003488706,"sum":1.085007429},"relative_timestamp_from_handler_start":{"num":24,"min":0.000004292,"max":0.016009092,"avg":0.009348075,"var":0.000583878,"sum":0.224353790}},"irespond":{"duration":{"num":24,"min":0.000001192,"max":0.011392117,"avg":0.000534892,"var":0.000124907,"sum":0.012837410},"relative_timestamp_from_ult_start":{"num":24,"min":0.000001192,"max":0.000011444,"avg":0.000002424,"var":0.000000000,"sum":0.000058174}},"respond_cb":{"duration":{"num":24,"min":0.000000000,"max":0.012110233,"avg":0.010154545,"var":0.000381190,"sum":0.243709087},"relative_timestamp_from_irespond_start":{"num":24,"min":0.000014067,"max":0.039986372,"avg":0.016375631,"var":0.002687837,"sum":0.393015146}},"irespond_wait":{"duration":{"num":24,"min":0.023988962,"max":0.064007044,"avg":0.044670333,"var":0.003414012,"sum":1.072088003},"relative_timestamp_from_irespond_end":{"num":24,"min":0.000000000,"max":0.000000238,"avg":0.000000079,"var":0.000000000,"sum":0.000001907}},"set_output":{"duration":{"num":24,"min":0.000000477,"max":0.000001431,"avg":0.000000765,"var":0.000000000,"sum":0.000018358},"relative_timestamp_from_irespond_start":{"num":24,"min":0.000000000,"max":0.000000477,"avg":0.000000099,"var":0.000000000,"sum":0.000002384}},"get_input":{"duration":{"num":24,"min":0.000000477,"max":0.000001907,"avg":0.000000884,"var":0.000000000,"sum":0.000021219},"relative_timestamp_from_ult_start":{"num":24,"min":0.000000238,"max":0.000009060,"avg":0.000000954,"var":0.000000000,"sum":0.000022888}}},"received from ofi+verbs;ofi_rxm://10.201.0.134:52611":{"handler":{"duration":{"num":26,"min":0.000000715,"max":0.000726461,"avg":0.000043777,"var":0.000000619,"sum":0.001138210}},"ult":{"duration":{"num":26,"min":0.007939816,"max":0.128010273,"avg":0.054277833,"var":0.017866758,"sum":1.411223650},"relative_timestamp_from_handler_start":{"num":26,"min":0.000716686,"max":0.020002365,"avg":0.010149910,"var":0.000442711,"sum":0.263897657}},"irespond":{"duration":{"num":26,"min":0.000001192,"max":0.000017643,"avg":0.000002118,"var":0.000000000,"sum":0.000055075},"relative_timestamp_from_ult_start":{"num":26,"min":0.000001192,"max":0.000004292,"avg":0.000001917,"var":0.000000000,"sum":0.000049829}},"respond_cb":{"duration":{"num":26,"min":0.000000238,"max":0.027981997,"avg":0.010766314,"var":0.001399034,"sum":0.279924154},"relative_timestamp_from_irespond_start":{"num":26,"min":0.000009298,"max":0.051995993,"avg":0.023613352,"var":0.006451929,"sum":0.613947153}},"irespond_wait":{"duration":{"num":26,"min":0.007933855,"max":0.128004074,"avg":0.054272954,"var":0.017866326,"sum":1.411096811},"relative_timestamp_from_irespond_end":{"num":26,"min":0.000000000,"max":0.000000238,"avg":0.000000073,"var":0.000000000,"sum":0.000001907}},"set_output":{"duration":{"num":26,"min":0.000000477,"max":0.000001431,"avg":0.000000752,"var":0.000000000,"sum":0.000019550},"relative_timestamp_from_irespond_start":{"num":26,"min":0.000000000,"max":0.000000238,"avg":0.000000046,"var":0.000000000,"sum":0.000001192}},"get_input":{"duration":{"num":26,"min":0.000000477,"max":0.000001669,"avg":0.000000752,"var":0.000000000,"sum":0.000019550},"relative_timestamp_from_ult_start":{"num":26,"min":0.000000238,"max":0.000002861,"avg":0.000000660,"var":0.000000000,"sum":0.000017166}}},"received from ofi+verbs;ofi_rxm://10.201.0.132:33669":{"handler":{"duration":{"num":35,"min":0.000000715,"max":0.000133038,"avg":0.000008651,"var":0.000000017,"sum":0.000302792}},"ult":{"duration":{"num":35,"min":0.000057220,"max":0.108005047,"avg":0.051280676,"var":0.018511166,"sum":1.794823647},"relative_timestamp_from_handler_start":{"num":35,"min":0.000004053,"max":0.016012669,"avg":0.008555399,"var":0.001052491,"sum":0.299438953}},"irespond":{"duration":{"num":35,"min":0.000001192,"max":0.000012398,"avg":0.000002173,"var":0.000000000,"sum":0.000076056},"relative_timestamp_from_ult_start":{"num":35,"min":0.000001192,"max":0.000006676,"avg":0.000002561,"var":0.000000000,"sum":0.000089645}},"respond_cb":{"duration":{"num":35,"min":0.000000000,"max":0.027982473,"avg":0.010707487,"var":0.002473787,"sum":0.374762058},"relative_timestamp_from_irespond_start":{"num":35,"min":0.000005245,"max":0.051982880,"avg":0.015359156,"var":0.009752792,"sum":0.537570477}},"irespond_wait":{"duration":{"num":35,"min":0.000053406,"max":0.107998848,"avg":0.051274981,"var":0.018510300,"sum":1.794624329},"relative_timestamp_from_irespond_end":{"num":35,"min":0.000000000,"max":0.000000238,"avg":0.000000075,"var":0.000000000,"sum":0.000002623}},"set_output":{"duration":{"num":35,"min":0.000000477,"max":0.000002384,"avg":0.000000947,"var":0.000000000,"sum":0.000033140},"relative_timestamp_from_irespond_start":{"num":35,"min":0.000000000,"max":0.000000238,"avg":0.000000123,"var":0.000000000,"sum":0.000004292}},"get_input":{"duration":{"num":35,"min":0.000000477,"max":0.000002861,"avg":0.000001144,"var":0.000000000,"sum":0.000040054},"relative_timestamp_from_ult_start":{"num":35,"min":0.000000238,"max":0.000002146,"avg":0.000000756,"var":0.000000000,"sum":0.000026464}}}}},"65535:65535:1161428991:0":{"rpc_id":1161428991,"provider_id":0,"parent_rpc_id":65535,"parent_provider_id":65535,"name":"prod",