{"address":"ofi+verbs;ofi_rxm://10.201.0.138:47703","progress_loop":{"progress_with_timeout":{"num":133,"min":0.020570755,"max":0.104243994,"avg":0.099884402,"var":0.006506353,"sum":13.284625530},"progress_timeout_value_msec":{"num":133,"min":100.000000000,"max":100.000000000,"avg":100.000000000,"var":0.000000000,"sum":13300.000000000},"progress_without_timeout":{"num":5578,"min":0.000001431,"max":0.002052546,"avg":0.000002567,"var":0.000006087,"sum":0.014318705},"trigger":{"num":2,"min":0.000032902,"max":0.008648396,"avg":0.004340649,"var":0.000037113,"sum":0.008681297}},"rpcs":{"65535:65535:3542155263:65535":{"rpc_id":3542155263,"provider_id":65535,"parent_rpc_id":65535,"parent_provider_id":65535,"name":"__shutdown__","target":{"received from ofi+verbs;ofi_rxm://10.201.0.132:33669":{"handler":{"duration":{"num":1,"min":0.000017643,"max":0.000017643,"avg":0.000017643,"var":0.000000000,"sum":0.000017643}},"ult":{"duration":{"num":1,"min":0.028001070,"max":0.028001070,"avg":0.028001070,"var":0.000000000,"sum":0.028001070},"relative_timestamp_from_handler_start":{"num":1,"min":0.010676146,"max":0.010676146,"avg":0.010676146,"var":0.000000000,"sum":0.010676146}},"irespond":{"duration":{"num":1,"min":0.003329515,"max":0.003329515,"avg":0.003329515,"var":0.000000000,"sum":0.003329515},"relative_timestamp_from_ult_start":{"num":1,"min":0.000001907,"max":0.000001907,"avg":0.000001907,"var":0.000000000,"sum":0.000001907}},"respond_cb":{"duration":{"num":1,"min":0.008644104,"max":0.008644104,"avg":0.008644104,"var":0.000000000,"sum":0.008644104},"relative_timestamp_from_irespond_start":{"num":1,"min":0.003348112,"max":0.003348112,"avg":0.003348112,"var":0.000000000,"sum":0.003348112}},"irespond_wait":{"duration":{"num":1,"min":0.024663448,"max":0.024663448,"avg":0.024663448,"var":0.000000000,"sum":0.024663448},"relative_timestamp_from_irespond_end":{"num":1,"min":0.000001907,"max":0.000001907,"avg":0.000001907,"var":0.000000000,"sum":0.000001907}},"set_output":{"duration":{"num":1,"min":0.000000954,"max":0.000000954,"avg":0.000000954,"var":0.000000000,"sum":0.000000954},"relative_timestamp_from_irespond_start":{"num":1,"min":0.000003815,"max":0.000003815,"avg":0.000003815,"var":0.000000000,"sum":0.000003815}},"get_input":{"duration":{"num":0,"min":0.000000000,"max":0.000000000,"avg":0.000000000,"var":0.000000000,"sum":0.000000000},"relative_timestamp_from_ult_start":{"num":0,"min":0.000000000,"max":0.000000000,"avg":0.000000000,"var":0.000000000,"sum":0.000000000}}}}}}}