{"address":"ofi+verbs;ofi_rxm://10.201.0.138:60743","progress_loop":{"progress_with_timeout":{"num":101,"min":0.000050783,"max":0.102693319,"avg":0.032153028,"var":0.041023675,"sum":3.247455835},"progress_timeout_value_msec":{"num":101,"min":100.000000000,"max":100.000000000,"avg":100.000000000,"var":0.000000000,"sum":10100.000000000},"progress_without_timeout":{"num":0,"min":0.000000000,"max":0.000000000,"avg":0.000000000,"var":0.000000000,"sum":0.000000000},"trigger":{"num":100,"min":0.000003338,"max":0.000008106,"avg":0.000005188,"var":0.000000000,"sum":0.000518799}},"rpcs":{"65535:65535:1471021055:0":{"rpc_id":1471021055,"provider_id":0,"parent_rpc_id":65535,"parent_provider_id":65535,"name":"sum","origin":{"sent to ofi+verbs;ofi_rxm://10.201.0.132:41234":{"iforward":{"duration":{"num":24,"min":0.000009060,"max":0.001738787,"avg":0.000091513,"var":0.000002832,"sum":0.002196312},"relative_timestamp_from_create":{"num":24,"min":0.000001431,"max":0.000004292,"avg":0.000002543,"var":0.000000000,"sum":0.000061035}},"forward_cb":{"duration":{"num":24,"min":0.000000954,"max":0.000003338,"avg":0.000001977,"var":0.000000000,"sum":0.000047445},"relative_timestamp_from_iforward_start":{"num":24,"min":0.007732391,"max":0.079979420,"avg":0.042863409,"var":0.009647559,"sum":1.028721809}},"iforward_wait":{"duration":{"num":24,"min":0.007728338,"max":0.079966545,"avg":0.042780042,"var":0.009725039,"sum":1.026721001},"relative_timestamp_from_iforward_end":{"num":24,"min":0.000000954,"max":0.000001669,"avg":0.000001341,"var":0.000000000,"sum":0.000032187}},"set_input":{"duration":{"num":24,"min":0.000002384,"max":0.000007391,"avg":0.000005811,"var":0.000000000,"sum":0.000139475},"relative_timestamp_from_iforward_start":{"num":24,"min":0.000003815,"max":0.000017166,"avg":0.000010222,"var":0.000000000,"sum":0.000245333}},"get_output":{"duration":{"num":0,"min":0.000000000,"max":0.000000000,"avg":0.000000000,"var":0.000000000,"sum":0.000000000},"relative_timestamp_from_wait_end":{"num":0,"min":0.000000000,"max":0.000000000,"avg":0.000000000,"var":0.000000000,"sum":0.000000000}}}}},"65535:65535:1161428991:0":{"rpc_id":1161428991,"provider_id":0,"parent_rpc_id":65535,"parent_provider_id":65535,"name":"prod","origin":{"sent to ofi+verbs;ofi_rxm://10.201.0.132:41234":{"iforward":{"duration":{"num":23,"min":0.000006914,"max":0.000025272,"avg":0.000019613,"var":0.000000000,"sum":0.000451088},"relative_timestamp_from_create":{"num":23,"min":0.000001431,"max":0.000002861,"avg":0.000002363,"var":0.000000000,"sum":0.000054359}},"forward_cb":{"duration":{"num":23,"min":0.000000715,"max":0.000002623,"avg":0.000002011,"var":0.000000000,"sum":0.000046253},"relative_timestamp_from_iforward_start":{"num":23,"min":0.003688335,"max":0.063968658,"avg":0.035474694,"var":0.005887421,"sum":0.815917969}},"iforward_wait":{"duration":{"num":23,"min":0.003675461,"max":0.063956022,"avg":0.035463209,"var":0.005887415,"sum":0.815653801},"relative_timestamp_from_iforward_end":{"num":23,"min":0.000000715,"max":0.000001669,"avg":0.000001306,"var":0.000000000,"sum":0.000030041}},"set_input":{"duration":{"num":23,"min":0.000001907,"max":0.000007153,"avg":0.000005649,"var":0.000000000,"sum":0.000129938},"relative_timestamp_from_iforward_start":{"num":23,"min":0.000003338,"max":0.000015736,"avg":0.000009982,"var":0.000000000,"sum":0.000229597}},"get_output":{"duration":{"num":0,"min":0.000000000,"max":0.000000000,"avg":0.000000000,"var":0.000000000,"sum":0.000000000},"relative_timestamp_from_wait_end":{"num":0,"min":0.000000000,"max":0.000000000,"avg":0.000000000,"var":0.000000000,"sum":0.000000000}}}}},"65535:65535:1471021055:1":{"rpc_id":1471021055,"provider_id":1,"parent_rpc_id":65535,"parent_provider_id":65535,"name":"sum","origin":{"sent to ofi+verbs;ofi_rxm://10.201.0.134:37480":{"iforward":{"duration":{"num":26,"min":0.000010967,"max":0.001586199,"avg":0.000081392,"var":0.000002355,"sum":0.002116203},"relative_timestamp_from_create":{"num":26,"min":0.000001669,"max":0.000003338,"avg":0.000002494,"var":0.000000000,"sum":0.000064850}},"forward_cb":{"duration":{"num":26,"min":0.000000954,"max":0.000002384,"avg":0.000001990,"var":0.000000000,"sum":0.000051737},"relative_timestamp_from_iforward_start":{"num":26,"min":0.000067711,"max":0.051985502,"avg":0.024704255,"var":0.006964045,"sum":0.642310619}},"iforward_wait":{"duration":{"num":26,"min":0.000059843,"max":0.051973581,"avg":0.024630822,"var":0.006881383,"sum":0.640401363},"relative_timestamp_from_iforward_end":{"num":26,"min":0.000000954,"max":0.000001669,"avg":0.000001330,"var":0.000000000,"sum":0.000034571}},"set_input":{"duration":{"num":26,"min":0.000003099,"max":0.000007153,"avg":0.000006080,"var":0.000000000,"sum":0.000158072},"relative_timestamp_from_iforward_start":{"num":26,"min":0.000005245,"max":0.000012875,"avg":0.000010564,"var":0.000000000,"sum":0.000274658}},"get_output":{"duration":{"num":0,"min":0.000000000,"max":0.000000000,"avg":0.000000000,"var":0.000000000,"sum":0.000000000},"relative_timestamp_from_wait_end":{"num":0,"min":0.000000000,"max":0.000000000,"avg":0.000000000,"var":0.000000000,"sum":0.000000000}}}}},"65535:65535:1161428991:1":{"rpc_id":1161428991,"provider_id":1,"parent_rpc_id":65535,"parent_provider_id":65535,"name":"prod","origin":{"sent to ofi+verbs;ofi_rxm://10.201.0.134:37480":{"iforward":{"duration":{"num":27,"min":0.000008345,"max":0.000025749,"avg":0.000021184,"var":0.000000000,"sum":0.000571966},"relative_timestamp_from_create":{"num":27,"min":0.000001431,"max":0.000003815,"avg":0.000002517,"var":0.000000000,"sum":0.000067949}},"forward_cb":{"duration":{"num":27,"min":0.000001431,"max":0.000002384,"avg":0.000002013,"var":0.000000000,"sum":0.000054359},"relative_timestamp_from_iforward_start":{"num":27,"min":0.000135422,"max":0.064350128,"avg":0.024589954,"var":0.007567377,"sum":0.663928747}},"iforward_wait":{"duration":{"num":27,"min":0.000119686,"max":0.064347744,"avg":0.024576911,"var":0.007568229,"sum":0.663576603},"relative_timestamp_from_iforward_end":{"num":27,"min":0.000000954,"max":0.000001431,"avg":0.000001254,"var":0.000000000,"sum":0.000033855}},"set_input":{"duration":{"num":27,"min":0.000002384,"max":0.000007629,"avg":0.000006075,"var":0.000000000,"sum":0.000164032},"relative_timestamp_from_iforward_start":{"num":27,"min":0.000003815,"max":0.000012875,"avg":0.000010729,"var":0.000000000,"sum":0.000289679}},"get_output":{"duration":{"num":0,"min":0.000000000,"max":0.000000000,"avg":0.000000000,"var":0.000000000,"sum":0.000000000},"relative_timestamp_from_wait_end":{"num":0,"min":0.000000000,"max":0.000000000,"avg":0.000000000,"var":0.000000000,"sum":0.000000000}}}}}}}