{"address":"ofi+verbs;ofi_rxm://10.201.0.138:47703","rpcs":{"__shutdown__:65535":{"timestamps":[1692650666.838234425],"count":[1],"bulk_size":[0]}},"pools":{"__primary__":{"timestamps":[1692650653.586161613,1692650654.587677956,1692650655.593178749,1692650656.594647884,1692650657.596117735,1692650658.597624540,1692650659.599293709,1692650660.604937553,1692650661.610590219,1692650662.616228819,1692650663.629895926,1692650664.631409645,1692650665.641103983,1692650666.650774479,1692650666.838234425],"size":[0,0,0,0,0,0,0,0,0,0,0,0,0,0,0],"total_size":[1,1,1,1,1,1,1,1,1,1,1,1,1,1,0]},"__pool_1__":{"timestamps":[1692650653.586161613,1692650654.587677956,1692650655.593178749,1692650656.594647884,1692650657.596117735,1692650658.597624540,1692650659.599293709,1692650660.604937553,1692650661.610590219,1692650662.616228819,1692650663.629895926,1692650664.631409645,1692650665.641103983,1692650666.650774479,1692650666.838234425],"size":[0,0,0,0,0,0,0,0,0,0,0,0,0,0,0],"total_size":[0,0,0,0,0,0,0,0,0,0,0,0,0,0,0]},"__pool_2__":{"timestamps":[1692650653.586161613,1692650654.587677956,1692650655.593178749,1692650656.594647884,1692650657.596117735,1692650658.597624540,1692650659.599293709,1692650660.604937553,1692650661.610590219,1692650662.616228819,1692650663.629895926,1692650664.631409645,1692650665.641103983,1692650666.650774479,1692650666.838234425],"size":[0,0,0,0,0,0,0,0,0,0,0,0,0,0,0],"total_size":[0,0,0,0,0,0,0,0,0,0,0,0,0,0,0]}}}