{"address":"ofi+verbs;ofi_rxm://10.201.0.138:60743","rpcs":{},"pools":{"__primary__":{"timestamps":[1692650663.495591879,1692650664.496607304,1692650665.508280754,1692650666.508602381,1692650666.945153236],"size":[0,0,0,0,0],"total_size":[1,1,1,1,0]}}}