{"address":"ofi+verbs;ofi_rxm://10.201.1.141:34468","progress_loop":{"progress_with_timeout":{"num":1887,"min":0.000070810,"max":0.135993719,"avg":0.100970248,"var":0.400018123,"sum":190.530857325},"progress_timeout_value_msec":{"num":1887,"min":100.000000000,"max":100.000000000,"avg":100.000000000,"var":0.000000000,"sum":188700.000000000},"progress_without_timeout":{"num":0,"min":0.000000000,"max":0.000000000,"avg":0.000000000,"var":0.000000000,"sum":0.000000000},"trigger":{"num":104,"min":0.000002861,"max":0.000008583,"avg":0.000004392,"var":0.000000000,"sum":0.000456810}},"rpcs":{"65535:65535:1471021055:1":{"rpc_id":1471021055,"provider_id":1,"parent_rpc_id":65535,"parent_provider_id":65535,"name":"sum","origin":{"sent to ofi+verbs;ofi_rxm://10.201.1.131:37603":{"iforward":{"duration":{"num":25,"min":0.000013351,"max":0.002129316,"avg":0.000101824,"var":0.000004283,"sum":0.002545595},"relative_timestamp_from_create":{"num":25,"min":0.000001431,"max":0.000004053,"avg":0.000002251,"var":0.000000000,"sum":0.000056267}},"forward_cb":{"duration":{"num":25,"min":0.000000954,"max":0.000003338,"avg":0.000001936,"var":0.000000000,"sum":0.000048399},"relative_timestamp_from_iforward_start":{"num":25,"min":1.063045979,"max":2.702144146,"avg":1.945714903,"var":6.341390050,"sum":48.642872572}},"iforward_wait":{"duration":{"num":25,"min":1.063036203,"max":2.702130556,"avg":1.945620842,"var":6.340398341,"sum":48.640521049},"relative_timestamp_from_iforward_end":{"num":25,"min":0.000000715,"max":0.000001431,"avg":0.000001097,"var":0.000000000,"sum":0.000027418}},"set_input":{"duration":{"num":25,"min":0.000003338,"max":0.000008106,"avg":0.000004244,"var":0.000000000,"sum":0.000106096},"relative_timestamp_from_iforward_start":{"num":25,"min":0.000006199,"max":0.000018358,"avg":0.000009155,"var":0.000000000,"sum":0.000228882}},"get_output":{"duration":{"num":0,"min":0.000000000,"max":0.000000000,"avg":0.000000000,"var":0.000000000,"sum":0.000000000},"relative_timestamp_from_wait_end":{"num":0,"min":0.000000000,"max":0.000000000,"avg":0.000000000,"var":0.000000000,"sum":0.000000000}}}}},"65535:65535:1161428991:1":{"rpc_id":1161428991,"provider_id":1,"parent_rpc_id":65535,"parent_provider_id":65535,"name":"prod","origin":{"sent to ofi+verbs;ofi_rxm://10.201.1.131:37603":{"iforward":{"duration":{"num":22,"min":0.000012875,"max":0.000030041,"avg":0.000017643,"var":0.000000000,"sum":0.000388145},"relative_timestamp_from_create":{"num":22,"min":0.000001669,"max":0.000003338,"avg":0.000002157,"var":0.000000000,"sum":0.000047445}},"forward_cb":{"duration":{"num":22,"min":0.000001192,"max":0.000003338,"avg":0.000001875,"var":0.000000000,"sum":0.000041246},"relative_timestamp_from_iforward_start":{"num":22,"min":1.057344913,"max":2.667205572,"avg":1.962939046,"var":5.577520655,"sum":43.184659004}},"iforward_wait":{"duration":{"num":22,"min":1.057337999,"max":2.667184353,"avg":1.962928989,"var":5.577524450,"sum":43.184437752},"relative_timestamp_from_iforward_end":{"num":22,"min":0.000000715,"max":0.000001431,"avg":0.000001105,"var":0.000000000,"sum":0.000024319}},"set_input":{"duration":{"num":22,"min":0.000003338,"max":0.000007629,"avg":0.000004172,"var":0.000000000,"sum":0.000091791},"relative_timestamp_from_iforward_start":{"num":22,"min":0.000006676,"max":0.000017405,"avg":0.000009569,"var":0.000000000,"sum":0.000210524}},"get_output":{"duration":{"num":0,"min":0.000000000,"max":0.000000000,"avg":0.000000000,"var":0.000000000,"sum":0.000000000},"relative_timestamp_from_wait_end":{"num":0,"min":0.000000000,"max":0.000000000,"avg":0.000000000,"var":0.000000000,"sum":0.000000000}}}}},"65535:65535:1471021055:0":{"rpc_id":1471021055,"provider_id":0,"parent_rpc_id":65535,"parent_provider_id":65535,"name":"sum","origin":{"sent to ofi+verbs;ofi_rxm://10.201.1.141:33507":{"iforward":{"duration":{"num":25,"min":0.000013828,"max":0.001404524,"avg":0.000073080,"var":0.000001847,"sum":0.001827002},"relative_timestamp_from_create":{"num":25,"min":0.000001669,"max":0.000003338,"avg":0.000002127,"var":0.000000000,"sum":0.000053167}},"forward_cb":{"duration":{"num":25,"min":0.000001192,"max":0.000002146,"avg":0.000001698,"var":0.000000000,"sum":0.000042439},"relative_timestamp_from_iforward_start":{"num":25,"min":1.047558546,"max":2.551866770,"avg":1.861516962,"var":5.444291796,"sum":46.537924051}},"iforward_wait":{"duration":{"num":25,"min":1.047546864,"max":2.551857948,"avg":1.861450834,"var":5.442558673,"sum":46.536270857},"relative_timestamp_from_iforward_end":{"num":25,"min":0.000000715,"max":0.000003815,"avg":0.000001183,"var":0.000000000,"sum":0.000029564}},"set_input":{"duration":{"num":25,"min":0.000003338,"max":0.000007629,"avg":0.000004187,"var":0.000000000,"sum":0.000104666},"relative_timestamp_from_iforward_start":{"num":25,"min":0.000006914,"max":0.000020027,"avg":0.000009203,"var":0.000000000,"sum":0.000230074}},"get_output":{"duration":{"num":0,"min":0.000000000,"max":0.000000000,"avg":0.000000000,"var":0.000000000,"sum":0.000000000},"relative_timestamp_from_wait_end":{"num":0,"min":0.000000000,"max":0.000000000,"avg":0.000000000,"var":0.000000000,"sum":0.000000000}}}}},"65535:65535:1161428991:0":{"rpc_id":1161428991,"provider_id":0,"parent_rpc_id":65535,"parent_provider_id":65535,"name":"prod","origin":{"sent to ofi+verbs;ofi_rxm://10.201.1.141:33507":{"iforward":{"duration":{"num":28,"min":0.000013828,"max":0.000031471,"avg":0.000017353,"var":0.000000000,"sum":0.000485897},"relative_timestamp_from_create":{"num":28,"min":0.000001431,"max":0.000002861,"avg":0.000001992,"var":0.000000000,"sum":0.000055790}},"forward_cb":{"duration":{"num":28,"min":0.000001192,"max":0.000002384,"avg":0.000001694,"var":0.000000000,"sum":0.000047445},"relative_timestamp_from_iforward_start":{"num":28,"min":1.059679508,"max":2.659383297,"avg":1.857275546,"var":7.768750513,"sum":52.003715277}},"iforward_wait":{"duration":{"num":28,"min":1.059664249,"max":2.659366608,"avg":1.857264859,"var":7.768788633,"sum":52.003416061},"relative_timestamp_from_iforward_end":{"num":28,"min":0.000000715,"max":0.000005245,"avg":0.000001226,"var":0.000000000,"sum":0.000034332}},"set_input":{"duration":{"num":28,"min":0.000003338,"max":0.000006676,"avg":0.000003985,"var":0.000000000,"sum":0.000111580},"relative_timestamp_from_iforward_start":{"num":28,"min":0.000006437,"max":0.000017166,"avg":0.000009171,"var":0.000000000,"sum":0.000256777}},"get_output":{"duration":{"num":0,"min":0.000000000,"max":0.000000000,"avg":0.000000000,"var":0.000000000,"sum":0.000000000},"relative_timestamp_from_wait_end":{"num":0,"min":0.000000000,"max":0.000000000,"avg":0.000000000,"var":0.000000000,"sum":0.000000000}}}}},"65535:65535:3542155263:65535":{"rpc_id":3542155263,"provider_id":65535,"parent_rpc_id":65535,"parent_provider_id":65535,"name":"__shutdown__","origin":{"sent to ofi+verbs;ofi_rxm://10.201.1.141:33507":{"iforward":{"duration":{"num":1,"min":0.000012875,"max":0.000012875,"avg":0.000012875,"var":0.000000000,"sum":0.000012875},"relative_timestamp_from_create":{"num":1,"min":0.000002384,"max":0.000002384,"avg":0.000002384,"var":0.000000000,"sum":0.000002384}},"forward_cb":{"duration":{"num":1,"min":0.000001431,"max":0.000001431,"avg":0.000001431,"var":0.000000000,"sum":0.000001431},"relative_timestamp_from_iforward_start":{"num":1,"min":0.000094414,"max":0.000094414,"avg":0.000094414,"var":0.000000000,"sum":0.000094414}},"iforward_wait":{"duration":{"num":1,"min":0.000086308,"max":0.000086308,"avg":0.000086308,"var":0.000000000,"sum":0.000086308},"relative_timestamp_from_iforward_end":{"num":1,"min":0.000001431,"max":0.000001431,"avg":0.000001431,"var":0.000000000,"sum":0.000001431}},"set_input":{"duration":{"num":0,"min":0.000000000,"max":0.000000000,"avg":0.000000000,"var":0.000000000,"sum":0.000000000},"relative_timestamp_from_iforward_start":{"num":0,"min":0.000000000,"max":0.000000000,"avg":0.000000000,"var":0.000000000,"sum":0.000000000}},"get_output":{"duration":{"num":1,"min":0.000007153,"max":0.000007153,