{"address":"ofi+verbs;ofi_rxm://10.201.1.131:37603","progress_loop":{"progress_with_timeout":{"num":392,"min":0.001374960,"max":0.105161190,"avg":0.100710534,"var":0.083944536,"sum":39.478529453},"progress_timeout_value_msec":{"num":392,"min":100.000000000,"max":100.000000000,"avg":100.000000000,"var":0.000000000,"sum":39200.000000000},"progress_without_timeout":{"num":167916385,"min":0.000000000,"max":0.100003004,"avg":0.000000412,"var":1.793353748,"sum":69.210692883},"trigger":{"num":410,"min":0.000000477,"max":0.053870678,"avg":0.008931120,"var":0.022844060,"sum":3.661759138}},"rpcs":{"65535:65535:1471021055:1":{"rpc_id":1471021055,"provider_id":1,"parent_rpc_id":65535,"parent_provider_id":65535,"name":"sum","target":{"received from ofi+verbs;ofi_rxm://10.201.1.131:60808":{"handler":{"duration":{"num":28,"min":0.000005484,"max":0.029258728,"avg":0.009718137,"var":0.001766504,"sum":0.272107840}},"ult":{"duration":{"num":28,"min":1.085865498,"max":2.663985491,"avg":1.927464579,"var":7.293526878,"sum":53.969008207},"relative_timestamp_from_handler_start":{"num":28,"min":0.000007629,"max":0.035903454,"avg":0.004842094,"var":0.001885299,"sum":0.135578632}},"irespond":{"duration":{"num":28,"min":0.000002384,"max":0.048078299,"avg":0.008487352,"var":0.006489286,"sum":0.237645864},"relative_timestamp_from_ult_start":{"num":28,"min":1.044486046,"max":2.624151707,"avg":1.879503233,"var":7.312812253,"sum":52.626090527}},"respond_cb":{"duration":{"num":28,"min":0.000000954,"max":0.043867588,"avg":0.009438276,"var":0.002507389,"sum":0.264271736},"relative_timestamp_from_irespond_start":{"num":28,"min":0.000053883,"max":0.067122936,"avg":0.018957249,"var":0.009652504,"sum":0.530802965}},"irespond_wait":{"duration":{"num":28,"min":0.011998415,"max":0.100049973,"avg":0.039471430,"var":0.007991345,"sum":1.105200052},"relative_timestamp_from_irespond_end":{"num":28,"min":0.000000000,"max":0.000003099,"avg":0.000000290,"var":0.000000000,"sum":0.000008106}},"set_output":{"duration":{"num":28,"min":0.000000715,"max":0.000003815,"avg":0.000002589,"var":0.000000000,"sum":0.000072479},"relative_timestamp_from_irespond_start":{"num":28,"min":0.000000238,"max":0.000000954,"avg":0.000000613,"var":0.000000000,"sum":0.000017166}},"get_input":{"duration":{"num":28,"min":0.000001907,"max":0.000007391,"avg":0.000002955,"var":0.000000000,"sum":0.000082731},"relative_timestamp_from_ult_start":{"num":28,"min":0.000001192,"max":0.000019550,"avg":0.000003176,"var":0.000000000,"sum":0.000088930}}},"received from ofi+verbs;ofi_rxm://10.201.1.150:52891":{"handler":{"duration":{"num":22,"min":0.000003815,"max":0.026388168,"avg":0.008318142,"var":0.001604038,"sum":0.182999134}},"ult":{"duration":{"num":22,"min":1.112585068,"max":2.728001595,"avg":2.003887729,"var":4.726601712,"sum":44.085530043},"relative_timestamp_from_handler_start":{"num":22,"min":0.000007153,"max":0.033568382,"avg":0.006531640,"var":0.002216525,"sum":0.143696070}},"irespond":{"duration":{"num":22,"min":0.000002146,"max":0.056846142,"avg":0.004433567,"var":0.003380681,"sum":0.097538471},"relative_timestamp_from_ult_start":{"num":22,"min":1.043684721,"max":2.647433043,"avg":1.956093929,"var":4.826375715,"sum":43.034066439}},"respond_cb":{"duration":{"num":22,"min":0.000000954,"max":0.028602362,"avg":0.009386832,"var":0.001336221,"sum":0.206510305},"relative_timestamp_from_irespond_start":{"num":22,"min":0.000008583,"max":0.056567669,"avg":0.017029372,"var":0.006856715,"sum":0.374646187}},"irespond_wait":{"duration":{"num":22,"min":0.000002623,"max":0.092608929,"avg":0.043357968,"var":0.008652424,"sum":0.953875303},"relative_timestamp_from_irespond_end":{"num":22,"min":0.000000000,"max":0.000000238,"avg":0.000000173,"var":0.000000000,"sum":0.000003815}},"set_output":{"duration":{"num":22,"min":0.000000715,"max":0.000003815,"avg":0.000002742,"var":0.000000000,"sum":0.000060320},"relative_timestamp_from_irespond_start":{"num":22,"min":0.000000238,"max":0.000002146,"avg":0.000000650,"var":0.000000000,"sum":0.000014305}},"get_input":{"duration":{"num":22,"min":0.000001431,"max":0.000006676,"avg":0.000002395,"var":0.000000000,"sum":0.000052691},"relative_timestamp_from_ult_start":{"num":22,"min":0.000001192,"max":0.000007391,"avg":0.000002601,"var":0.000000000,"sum":0.000057220}}},"received from ofi+verbs;ofi_rxm://10.201.1.141:34468":{"handler":{"duration":{"num":25,"min":0.000004053,"max":0.053869486,"avg":0.010513000,"var":0.002788373,"sum":0.262825012}},"ult":{"duration":{"num":25,"min":1.094261885,"max":2.723997355,"avg":1.965484982,"var":6.037507037,"sum":49.137124538},"relative_timestamp_from_handler_start":{"num":25,"min":0.000007629,"max":0.080292940,"avg":0.007476530,"var":0.007746886,"sum":0.186913252}},"irespond":{"duration":{"num":25,"min":0.000003576,"max":0.041209459,"avg":0.005645514,"var":0.004270534,"sum":0.141137838},"relative_timestamp_from_ult_start":{"num":25,"min":1.062940836,"max":2.630389452,"avg":1.920870781,"var":5.927997004,"sum":48.021769524}},"respond_cb":{"duration":{"num":25,"min":0.000000954,"max":0.015305996,"avg":0.009137583,"var":0.000586036,"sum":0.228439569},"relative_timestamp_from_irespond_start":{"num":25,"min":0.000008106,"max":0.081930876,"avg":0.015859261,"var":0.012677058,"sum":0.396481514}},"irespond_wait":{"duration":{"num":25,"min":0.008798838,"max":0.099917889,"avg":0.038966551,"var":0.011891211,"sum":0.974163771},"relative_timestamp_from_irespond_end":{"num":25,"min":0.000000000,"max":0.000000477,"avg":0.000000210,"var":0.000000000,"sum":0.000005245}},"set_output":{"duration":{"num":25,"min":0.000000954,"max":0.000004053,"avg":0.000002813,"var":0.000000000,"sum":0.000070333},"relative_timestamp_from_irespond_start":{"num":25,"min":0.000000477,"max":0.000000954,"avg":0.000000629,"var":0.000000000,"sum":0.000015736}},"get_input":{"duration":{"num":25,"min":0.000001431,"max":0.000005722,"avg":0.000002518,"var":0.000000000,"sum":0.000062943},"relative_timestamp_from_ult_start":{"num":25,"min":0.000001192,"max":0.000010967,"avg":0.000002651,"var":0.000000000,"sum":0.000066280}}},"received from ofi+verbs;ofi_rxm://10.201.1.149:43981":{"handler":{"duration":{"num":26,"min":0.000004292,"max":0.026798248,"avg":0.009014918,"var":0.001156778,"sum":0.234387875}},"ult":{"duration":{"num":26,"min":1.075985909,"max":2.684720039,"avg":1.732973108,"var":6.962251586,"sum":45.057300806},"relative_timestamp_from_handler_start":{"num":26,"min":0.000006914,"max":0.064000845,"avg":0.005085046,"var":0.004175276,"sum":0.132211208}},"irespond":{"duration":{"num":26,"min":0.000003099,"max":0.058973789,"avg":0.004852744,"var":0.004575445,"sum":0.126171350},"relative_timestamp_from_ult_start":{"num":26,"min":1.046134233,"max":2.657981157,"avg":1.679210094,"var":6.957495339,"sum":43.659462452}},"respond_cb":{"duration":{"num":26,"min":0.000000238,"max":0.024963140,"avg":0.011087702,"var":0.001551415,"sum":0.288280249},"relative_timestamp_from_irespond_start":{"num":26,"min":0.000009298,"max":0.058978081,"avg":0.019364320,"var":0.010877601,"sum":0.503472328}},"irespond_wait":{"duration":{"num":26,"min":0.020761251,"max":0.096631050,"avg":0.048908289,"var":0.011303343,"sum":1.271615505},"relative_timestamp_from_irespond_end":{"num":26,"min":0.000000000,"max":0.000000477,"avg":0.000000174,"var":0.000000000,"sum":0.000004530}},"set_output":{"duration":{"num":26,"min":0.000001192,"max":0.000004292,"avg":0.000003017,"var":0.000000000,"sum":0.000078440},"relative_timestamp_from_irespond_start":{"num":26,"min":0.000000238,"max":0.000001431,"avg":0.000000669,"var":0.000000000,"sum":0.000017405}},"get_input":{"duration":{"num":26,"min":0.000001192,"max":0.000004292,"avg":0.000002155,"var":0.000000000,"sum":0.000056028},"relative_timestamp_from_ult_start":{"num":26,"min":0.000000954,"max":0.000004768,"avg":0.000002155,"var":0.000000000,"sum":0.000056028}}}}},"65535:65535:1161428991:1":{"rpc_id":1161428991,"provider_id":1,"parent_rpc_id":65535,"parent_provider_id":65535,"name":"prod",