{"address":"ofi+verbs;ofi_rxm://10.201.1.150:52891","progress_loop":{"progress_with_timeout":{"num":1957,"min":0.002054691,"max":0.104496002,"avg":0.098446461,"var":0.344096324,"sum":192.659723759},"progress_timeout_value_msec":{"num":1957,"min":100.000000000,"max":100.000000000,"avg":100.000000000,"var":0.000000000,"sum":195700.000000000},"progress_without_timeout":{"num":0,"min":0.000000000,"max":0.000000000,"avg":0.000000000,"var":0.000000000,"sum":0.000000000},"trigger":{"num":100,"min":0.000001669,"max":0.000007868,"avg":0.000002778,"var":0.000000000,"sum":0.000277758}},"rpcs":{"65535:65535:1471021055:1":{"rpc_id":1471021055,"provider_id":1,"parent_rpc_id":65535,"parent_provider_id":65535,"name":"sum","origin":{"sent to ofi+verbs;ofi_rxm://10.201.1.131:37603":{"iforward":{"duration":{"num":22,"min":0.000018835,"max":0.001957417,"avg":0.000114235,"var":0.000003559,"sum":0.002513170},"relative_timestamp_from_create":{"num":22,"min":0.000000954,"max":0.000002861,"avg":0.000001962,"var":0.000000000,"sum":0.000043154}},"forward_cb":{"duration":{"num":22,"min":0.000001192,"max":0.000002861,"avg":0.000001669,"var":0.000000000,"sum":0.000036716},"relative_timestamp_from_iforward_start":{"num":22,"min":1.043847084,"max":2.707323074,"avg":1.976657163,"var":4.940286076,"sum":43.486457586}},"iforward_wait":{"duration":{"num":22,"min":1.043833733,"max":2.707304239,"avg":1.976549712,"var":4.939668731,"sum":43.484093666},"relative_timestamp_from_iforward_end":{"num":22,"min":0.000000000,"max":0.000000477,"avg":0.000000249,"var":0.000000000,"sum":0.000005484}},"set_input":{"duration":{"num":22,"min":0.000003099,"max":0.000006676,"avg":0.000005581,"var":0.000000000,"sum":0.000122786},"relative_timestamp_from_iforward_start":{"num":22,"min":0.000011683,"max":0.000019789,"avg":0.000015270,"var":0.000000000,"sum":0.000335932}},"get_output":{"duration":{"num":0,"min":0.000000000,"max":0.000000000,"avg":0.000000000,"var":0.000000000,"sum":0.000000000},"relative_timestamp_from_wait_end":{"num":0,"min":0.000000000,"max":0.000000000,"avg":0.000000000,"var":0.000000000,"sum":0.000000000}}}}},"65535:65535:1161428991:0":{"rpc_id":1161428991,"provider_id":0,"parent_rpc_id":65535,"parent_provider_id":65535,"name":"prod","origin":{"sent to ofi+verbs;ofi_rxm://10.201.1.141:33507":{"iforward":{"duration":{"num":27,"min":0.000017166,"max":0.001706600,"avg":0.000087402,"var":0.000002723,"sum":0.002359867},"relative_timestamp_from_create":{"num":27,"min":0.000000954,"max":0.000002384,"avg":0.000001775,"var":0.000000000,"sum":0.000047922}},"forward_cb":{"duration":{"num":27,"min":0.000000954,"max":0.000001907,"avg":0.000001536,"var":0.000000000,"sum":0.000041485},"relative_timestamp_from_iforward_start":{"num":27,"min":1.068590403,"max":2.680247784,"avg":1.901473151,"var":7.895546697,"sum":51.339775085}},"iforward_wait":{"duration":{"num":27,"min":1.068571091,"max":2.680229902,"avg":1.901391798,"var":7.893773202,"sum":51.337578535},"relative_timestamp_from_iforward_end":{"num":27,"min":0.000000000,"max":0.000000477,"avg":0.000000230,"var":0.000000000,"sum":0.000006199}},"set_input":{"duration":{"num":27,"min":0.000003099,"max":0.000006676,"avg":0.000005307,"var":0.000000000,"sum":0.000143290},"relative_timestamp_from_iforward_start":{"num":27,"min":0.000009775,"max":0.000018358,"avg":0.000014455,"var":0.000000000,"sum":0.000390291}},"get_output":{"duration":{"num":0,"min":0.000000000,"max":0.000000000,"avg":0.000000000,"var":0.000000000,"sum":0.000000000},"relative_timestamp_from_wait_end":{"num":0,"min":0.000000000,"max":0.000000000,"avg":0.000000000,"var":0.000000000,"sum":0.000000000}}}}},"65535:65535:1471021055:0":{"rpc_id":1471021055,"provider_id":0,"parent_rpc_id":65535,"parent_provider_id":65535,"name":"sum","origin":{"sent to ofi+verbs;ofi_rxm://10.201.1.141:33507":{"iforward":{"duration":{"num":28,"min":0.000015020,"max":0.000032663,"avg":0.000025077,"var":0.000000001,"sum":0.000702143},"relative_timestamp_from_create":{"num":28,"min":0.000001192,"max":0.000002384,"avg":0.000001856,"var":0.000000000,"sum":0.000051975}},"forward_cb":{"duration":{"num":28,"min":0.000001192,"max":0.000002384,"avg":0.000001609,"var":0.000000000,"sum":0.000045061},"relative_timestamp_from_iforward_start":{"num":28,"min":1.062235832,"max":2.652366400,"avg":1.856991870,"var":5.116999881,"sum":51.995772362}},"iforward_wait":{"duration":{"num":28,"min":1.062226295,"max":2.652356148,"avg":1.856972822,"var":5.116980024,"sum":51.995239019},"relative_timestamp_from_iforward_end":{"num":28,"min":0.000000000,"max":0.000000477,"avg":0.000000230,"var":0.000000000,"sum":0.000006437}},"set_input":{"duration":{"num":28,"min":0.000002861,"max":0.000006914,"avg":0.000005356,"var":0.000000000,"sum":0.000149965},"relative_timestamp_from_iforward_start":{"num":28,"min":0.000008106,"max":0.000022173,"avg":0.000014527,"var":0.000000000,"sum":0.000406742}},"get_output":{"duration":{"num":0,"min":0.000000000,"max":0.000000000,"avg":0.000000000,"var":0.000000000,"sum":0.000000000},"relative_timestamp_from_wait_end":{"num":0,"min":0.000000000,"max":0.000000000,"avg":0.000000000,"var":0.000000000,"sum":0.000000000}}}}},"65535:65535:1161428991:1":{"rpc_id":1161428991,"provider_id":1,"parent_rpc_id":65535,"parent_provider_id":65535,"name":"prod","origin":{"sent to ofi+verbs;ofi_rxm://10.201.1.131:37603":{"iforward":{"duration":{"num":23,"min":0.000022411,"max":0.000030994,"avg":0.000026423,"var":0.000000000,"sum":0.000607729},"relative_timestamp_from_create":{"num":23,"min":0.000001431,"max":0.000002146,"avg":0.000001876,"var":0.000000000,"sum":0.000043154}},"forward_cb":{"duration":{"num":23,"min":0.000000954,"max":0.000001907,"avg":0.000001617,"var":0.000000000,"sum":0.000037193},"relative_timestamp_from_iforward_start":{"num":23,"min":1.065488338,"max":2.600752592,"avg":1.988984398,"var":5.476168631,"sum":45.746641159}},"iforward_wait":{"duration":{"num":23,"min":1.065470219,"max":2.600737333,"avg":1.988964133,"var":5.476169716,"sum":45.746175051},"relative_timestamp_from_iforward_end":{"num":23,"min":0.000000000,"max":0.000000477,"avg":0.000000249,"var":0.000000000,"sum":0.000005722}},"set_input":{"duration":{"num":23,"min":0.000005245,"max":0.000006676,"avg":0.000005649,"var":0.000000000,"sum":0.000129938},"relative_timestamp_from_iforward_start":{"num":23,"min":0.000011683,"max":0.000018597,"avg":0.000015373,"var":0.000000000,"sum":0.000353575}},"get_output":{"duration":{"num":0,"min":0.000000000,"max":0.000000000,"avg":0.000000000,"var":0.000000000,"sum":0.000000000},"relative_timestamp_from_wait_end":{"num":0,"min":0.000000000,"max":0.000000000,"avg":0.000000000,"var":0.000000000,"sum":0.000000000}}}}}}}