{"address":"ofi+verbs;ofi_rxm://10.201.1.131:60808","progress_loop":{"progress_with_timeout":{"num":1923,"min":0.000009060,"max":0.111896038,"avg":0.101107859,"var":0.376956387,"sum":194.430413485},"progress_timeout_value_msec":{"num":1923,"min":100.000000000,"max":100.000000000,"avg":100.000000000,"var":0.000000000,"sum":192300.000000000},"progress_without_timeout":{"num":0,"min":0.000000000,"max":0.000000000,"avg":0.000000000,"var":0.000000000,"sum":0.000000000},"trigger":{"num":100,"min":0.000000954,"max":0.000004530,"avg":0.000001566,"var":0.000000000,"sum":0.000156641}},"rpcs":{"65535:65535:1471021055:1":{"rpc_id":1471021055,"provider_id":1,"parent_rpc_id":65535,"parent_provider_id":65535,"name":"sum","origin":{"sent to ofi+verbs;ofi_rxm://10.201.1.131:37603":{"iforward":{"duration":{"num":28,"min":0.000010490,"max":0.001852512,"avg":0.000079283,"var":0.000003261,"sum":0.002219915},"relative_timestamp_from_create":{"num":28,"min":0.000000715,"max":0.000002861,"avg":0.000001132,"var":0.000000000,"sum":0.000031710}},"forward_cb":{"duration":{"num":28,"min":0.000000477,"max":0.000002146,"avg":0.000000928,"var":0.000000000,"sum":0.000025988},"relative_timestamp_from_iforward_start":{"num":28,"min":1.044573307,"max":2.715655327,"avg":1.908073817,"var":7.604590786,"sum":53.426066875}},"iforward_wait":{"duration":{"num":28,"min":1.044556141,"max":2.715646505,"avg":1.907997608,"var":7.603669808,"sum":53.423933029},"relative_timestamp_from_iforward_end":{"num":28,"min":0.000000000,"max":0.000000477,"avg":0.000000187,"var":0.000000000,"sum":0.000005245}},"set_input":{"duration":{"num":28,"min":0.000002384,"max":0.000005484,"avg":0.000002929,"var":0.000000000,"sum":0.000082016},"relative_timestamp_from_iforward_start":{"num":28,"min":0.000005245,"max":0.000015020,"avg":0.000007987,"var":0.000000000,"sum":0.000223637}},"get_output":{"duration":{"num":0,"min":0.000000000,"max":0.000000000,"avg":0.000000000,"var":0.000000000,"sum":0.000000000},"relative_timestamp_from_wait_end":{"num":0,"min":0.000000000,"max":0.000000000,"avg":0.000000000,"var":0.000000000,"sum":0.000000000}}}}},"65535:65535:1161428991:0":{"rpc_id":1161428991,"provider_id":0,"parent_rpc_id":65535,"parent_provider_id":65535,"name":"prod","origin":{"sent to ofi+verbs;ofi_rxm://10.201.1.141:33507":{"iforward":{"duration":{"num":22,"min":0.000010729,"max":0.013362646,"avg":0.000620495,"var":0.000170094,"sum":0.013650894},"relative_timestamp_from_create":{"num":22,"min":0.000000715,"max":0.000001669,"avg":0.000001095,"var":0.000000000,"sum":0.000024080}},"forward_cb":{"duration":{"num":22,"min":0.000000477,"max":0.000001431,"avg":0.000000997,"var":0.000000000,"sum":0.000021935},"relative_timestamp_from_iforward_start":{"num":22,"min":1.060325384,"max":2.662358284,"avg":1.979748769,"var":5.859346394,"sum":43.554472923}},"iforward_wait":{"duration":{"num":22,"min":1.060316086,"max":2.662345648,"avg":1.979131764,"var":5.845861212,"sum":43.540898800},"relative_timestamp_from_iforward_end":{"num":22,"min":0.000000000,"max":0.000000477,"avg":0.000000173,"var":0.000000000,"sum":0.000003815}},"set_input":{"duration":{"num":22,"min":0.000002146,"max":0.000005484,"avg":0.000002980,"var":0.000000000,"sum":0.000065565},"relative_timestamp_from_iforward_start":{"num":22,"min":0.000005245,"max":0.000014067,"avg":0.000007900,"var":0.000000000,"sum":0.000173807}},"get_output":{"duration":{"num":0,"min":0.000000000,"max":0.000000000,"avg":0.000000000,"var":0.000000000,"sum":0.000000000},"relative_timestamp_from_wait_end":{"num":0,"min":0.000000000,"max":0.000000000,"avg":0.000000000,"var":0.000000000,"sum":0.000000000}}}}},"65535:65535:1471021055:0":{"rpc_id":1471021055,"provider_id":0,"parent_rpc_id":65535,"parent_provider_id":65535,"name":"sum","origin":{"sent to ofi+verbs;ofi_rxm://10.201.1.141:33507":{"iforward":{"duration":{"num":22,"min":0.000010967,"max":0.000021219,"avg":0.000013991,"var":0.000000000,"sum":0.000307798},"relative_timestamp_from_create":{"num":22,"min":0.000000715,"max":0.000001431,"avg":0.000001040,"var":0.000000000,"sum":0.000022888}},"forward_cb":{"duration":{"num":22,"min":0.000000477,"max":0.000001431,"avg":0.000000997,"var":0.000000000,"sum":0.000021935},"relative_timestamp_from_iforward_start":{"num":22,"min":1.260874033,"max":2.610584497,"avg":1.997285648,"var":3.102941058,"sum":43.940284252}},"iforward_wait":{"duration":{"num":22,"min":1.260860920,"max":2.610575199,"avg":1.997275038,"var":3.102939272,"sum":43.940050840},"relative_timestamp_from_iforward_end":{"num":22,"min":0.000000000,"max":0.000000238,"avg":0.000000076,"var":0.000000000,"sum":0.000001669}},"set_input":{"duration":{"num":22,"min":0.000002146,"max":0.000004053,"avg":0.000002753,"var":0.000000000,"sum":0.000060558},"relative_timestamp_from_iforward_start":{"num":22,"min":0.000005960,"max":0.000013828,"avg":0.000008334,"var":0.000000000,"sum":0.000183344}},"get_output":{"duration":{"num":0,"min":0.000000000,"max":0.000000000,"avg":0.000000000,"var":0.000000000,"sum":0.000000000},"relative_timestamp_from_wait_end":{"num":0,"min":0.000000000,"max":0.000000000,"avg":0.000000000,"var":0.000000000,"sum":0.000000000}}}}},"65535:65535:1161428991:1":{"rpc_id":1161428991,"provider_id":1,"parent_rpc_id":65535,"parent_provider_id":65535,"name":"prod","origin":{"sent to ofi+verbs;ofi_rxm://10.201.1.131:37603":{"iforward":{"duration":{"num":28,"min":0.000010490,"max":0.000016928,"avg":0.000013368,"var":0.000000000,"sum":0.000374317},"relative_timestamp_from_create":{"num":28,"min":0.000000715,"max":0.000001431,"avg":0.000001064,"var":0.000000000,"sum":0.000029802}},"forward_cb":{"duration":{"num":28,"min":0.000000715,"max":0.000001192,"avg":0.000000843,"var":0.000000000,"sum":0.000023603},"relative_timestamp_from_iforward_start":{"num":28,"min":1.050471544,"max":2.723813772,"avg":1.907993078,"var":6.894067020,"sum":53.423806190}},"iforward_wait":{"duration":{"num":28,"min":1.050458193,"max":2.723803043,"avg":1.907982673,"var":6.894070305,"sum":53.423514843},"relative_timestamp_from_iforward_end":{"num":28,"min":0.000000000,"max":0.000000238,"avg":0.000000119,"var":0.000000000,"sum":0.000003338}},"set_input":{"duration":{"num":28,"min":0.000002146,"max":0.000003338,"avg":0.000002725,"var":0.000000000,"sum":0.000076294},"relative_timestamp_from_iforward_start":{"num":28,"min":0.000005484,"max":0.000010252,"avg":0.000007885,"var":0.000000000,"sum":0.000220776}},"get_output":{"duration":{"num":0,"min":0.000000000,"max":0.000000000,"avg":0.000000000,"var":0.000000000,"sum":0.000000000},"relative_timestamp_from_wait_end":{"num":0,"min":0.000000000,"max":0.000000000,"avg":0.000000000,"var":0.000000000,"sum":0.000000000}}}}}}}