{"address":"ofi+verbs;ofi_rxm://10.201.1.150:51828","progress_loop":{"progress_with_timeout":{"num":2013,"min":0.026473284,"max":0.104449749,"avg":0.101232873,"var":0.011961928,"sum":203.781774282},"progress_timeout_value_msec":{"num":2013,"min":100.000000000,"max":100.000000000,"avg":100.000000000,"var":0.000000000,"sum":201300.000000000},"progress_without_timeout":{"num":53695,"min":0.000000000,"max":0.001411915,"avg":0.000000164,"var":0.000001994,"sum":0.008811474},"trigger":{"num":2,"min":0.000004768,"max":0.000025034,"avg":0.000014901,"var":0.000000000,"sum":0.000029802}},"rpcs":{"65535:65535:3542155263:65535":{"rpc_id":3542155263,"provider_id":65535,"parent_rpc_id":65535,"parent_provider_id":65535,"name":"__shutdown__","target":{"received from ofi+verbs;ofi_rxm://10.201.1.141:34468":{"handler":{"duration":{"num":1,"min":0.000014544,"max":0.000014544,"avg":0.000014544,"var":0.000000000,"sum":0.000014544}},"ult":{"duration":{"num":1,"min":0.011999846,"max":0.011999846,"avg":0.011999846,"var":0.000000000,"sum":0.011999846},"relative_timestamp_from_handler_start":{"num":1,"min":0.008351803,"max":0.008351803,"avg":0.008351803,"var":0.000000000,"sum":0.008351803}},"irespond":{"duration":{"num":1,"min":0.002994061,"max":0.002994061,"avg":0.002994061,"var":0.000000000,"sum":0.002994061},"relative_timestamp_from_ult_start":{"num":1,"min":0.000000954,"max":0.000000954,"avg":0.000000954,"var":0.000000000,"sum":0.000000954}},"respond_cb":{"duration":{"num":1,"min":0.000002623,"max":0.000002623,"avg":0.000002623,"var":0.000000000,"sum":0.000002623},"relative_timestamp_from_irespond_start":{"num":1,"min":0.003010273,"max":0.003010273,"avg":0.003010273,"var":0.000000000,"sum":0.003010273}},"irespond_wait":{"duration":{"num":1,"min":0.009000778,"max":0.009000778,"avg":0.009000778,"var":0.000000000,"sum":0.009000778},"relative_timestamp_from_irespond_end":{"num":1,"min":0.000000477,"max":0.000000477,"avg":0.000000477,"var":0.000000000,"sum":0.000000477}},"set_output":{"duration":{"num":1,"min":0.000000238,"max":0.000000238,"avg":0.000000238,"var":0.000000000,"sum":0.000000238},"relative_timestamp_from_irespond_start":{"num":1,"min":0.000002861,"max":0.000002861,"avg":0.000002861,"var":0.000000000,"sum":0.000002861}},"get_input":{"duration":{"num":0,"min":0.000000000,"max":0.000000000,"avg":0.000000000,"var":0.000000000,"sum":0.000000000},"relative_timestamp_from_ult_start":{"num":0,"min":0.000000000,"max":0.000000000,"avg":0.000000000,"var":0.000000000,"sum":0.000000000}}}}}}}