{"address":"ofi+verbs;ofi_rxm://10.201.1.150:51828","rpcs":{"__shutdown__:65535":{"timestamps":[1698855826.801133394],"count":[1],"bulk_size":[0]}},"pools":{"__primary__":{"timestamps":[1698855623.069774866,1698855624.109701872,1698855625.149655104,1698855626.189585924,1698855627.229560375,1698855628.269559383,1698855629.309535980,1698855630.349524260,1698855631.389452696,1698855632.430158138,1698855633.469115019,1698855634.510059357,1698855635.549458027,1698855636.589423180,1698855637.629391193,1698855638.669514179,1698855639.709362507,1698855640.749387264,1698855641.789115429,1698855642.829115391,1698855643.869111061,1698855644.910163164,1698855645.950026274,1698855646.989924431,1698855648.029881477,1698855649.069861174,1698855650.109716654,1698855651.149688005,1698855652.189698935,1698855653.229560137,1698855654.269497871,1698855655.309434891,1698855656.349398851,1698855657.389385223,1698855658.429292917,1698855659.469208956,1698855660.509167194,1698855661.550182581,1698855662.590109110,1698855663.629298210,1698855664.669230700,1698855665.710120201,1698855666.750110388,1698855667.790077448,1698855668.829881907,1698855669.869846344,1698855670.909724951,1698855671.949627638,1698855672.989553928,1698855674.029515266,1698855675.069442749,1698855676.109354019,1698855677.149259806,1698855678.189219713,1698855679.229218006,1698855680.269210577,1698855681.310183048,1698855682.350152016,1698855683.385816574,1698855684.387208223,1698855685.388664722,1698855686.390161276,1698855687.391633034,1698855688.393058300,1698855689.394513845,1698855690.395842075,1698855691.397372484,1698855692.398776293,1698855693.400169134,1698855694.401623249,1698855695.402949095,1698855696.404345751,1698855697.405767679,1698855698.407256126,1698855699.408683538,1698855700.410139799,1698855701.411577463,1698855702.421189308,1698855703.422642469,1698855704.423998594,1698855705.425451994,1698855706.426902056,1698855707.428344250,1698855708.429783821,1698855709.431273460,1698855710.432738543,1698855711.434173107,1698855712.435646057,1698855713.437072039,1698855714.438523054,1698855715.439417362,1698855716.440257311,1698855717.445274353,1698855718.446646929,1698855719.448100567,1698855720.449546814,1698855721.451026201,1698855722.452495098,1698855723.453934193,1698855724.455439806,1698855725.456879854,1698855726.458324909,1698855727.459760189,1698855728.461214304,1698855729.462694883,1698855730.464126825,1698855731.465579748,1698855732.467022181,1698855733.468448400,1698855734.469868898,1698855735.471322298,1698855736.472773552,1698855737.474223137,1698855738.475651026,1698855739.477069139,1698855740.478822708,1698855741.480273962,1698855742.481606722,1698855743.482968092,1698855744.484406233,1698855745.485847950,1698855746.487231016,1698855747.488700867,1698855748.490187168,1698855749.491655111,1698855750.493070602,1698855751.494530201,1698855752.495882034,1698855753.497256756,1698855754.498697281,1698855755.500105143,1698855756.501535177,1698855757.503004074,1698855758.508554220,1698855759.509993792,1698855760.511486292,1698855761.512916327,1698855762.514383793,1698855763.515836954,1698855764.517246246,1698855765.518715143,1698855766.520103216,1698855767.521554470,1698855768.522948742,1698855769.524413824,1698855770.525855541,1698855771.527334213,1698855772.528770685,1698855773.530150890,1698855774.531621456,1698855775.537150621,1698855776.538608074,1698855777.539999723,1698855778.541476488,1698855779.542911530,1698855780.544338703,1698855781.545770168,1698855782.547208309,1698855783.548661947,1698855784.550107002,1698855785.551539898,1698855786.557056665,1698855787.558510780,1698855788.559935331,1698855789.561357021,1698855790.562809229,1698855791.564252615,1698855792.565703630,1698855793.567146301,1698855794.568609953,1698855795.570039749,1698855796.571503162,1698855797.577033520,1698855798.578499079,1698855799.579974890,1698855800.581412315,1698855801.582899570,1698855802.584339142,1698855803.589875937,1698855804.591324329,1698855805.592760801,1698855806.594205141,1698855807.595636606,1698855808.601138830,1698855809.602560997,1698855810.603993416,1698855811.605499268,1698855812.606931686,1698855813.608402729,1698855814.609846115,1698855815.611259222,1698855816.612681389,1698855817.614146709,1698855818.615560532,1698855819.617003918,1698855820.618441105,1698855821.619880438,1698855822.621206999,1698855823.622606993,1698855824.623966217,1698855825.625102758,1698855826.626162529,1698855826.801133394],"size":[0,0,0,0,0,0,0,0,0,0,0,0,0,0,0,0,0,0,0,0,0,0,0,0,0,0,0,0,0,0,0,0,0,0,0,0,0,0,0,0,0,0,0,0,0,0,0,0,0,0,0,0,0,0,0,0,0,0,0,0,0,0,0,0,0,0,0,0,0,0,0,0,0,0,0,0,0,0,0,0,0,0,0,0,0,0,0,0,0,0,0,0,0,0,0,0,0,0,0,0,0,0,0,0,0,0,0,0,0,0,0,0,0,0,0,0,0,0,0,0,0,0,0,0,0,0,0,0,0,0,0,0,0,0,0,0,0,0,0,0,0,0,0,0,0,0,0,0,0,0,0,0,0,0,0,0,0,0,0,0,0,0,0,0,0,0,0,0,0,0,0,0,0,0,0,0,0,0,0,0,0,0,0,0,0,0,0,0,0,0,0,0,0,0,0,0,0,0,0,0,0,0,0],"total_size":[1,1,1,1,1,1,1,1,1,1,1,1,1,1,1,1,1,1,1,1,1,1,1,1,1,1,1,1,1,1,1,1,1,1,1,1,1,1,1,1,1,1,1,1,1,1,1,1,1,1,1,1,1,1,1,1,1,1,1,1,1,1,1,1,1,1,1,1,1,1,1,1,1,1,1,1,1,1,1,1,1,1,1,1,1,1,1,1,1,1,1,1,1,1,1,1,1,1,1,1,1,1,1,1,1,1,1,1,1,1,1,1,1,1,1,1,1,1,1,1,1,1,1,1,1,1,1,1,1,1,1,1,1,1,1,1,1,1,1,1,1,1,1,1,1,1,1,1,1,1,1,1,1,1,1,1,1,1,1,1,1,1,1,1,1,1,1,1,1,1,1,1,1,1,1,1,1,1,1,1,1,1,1,1,1,1,1,1,1,1,1,1,1,1,1,1,1,1,1,1,1,1,0]},