{"address":"ofi+verbs;ofi_rxm://10.201.1.149:53299","progress_loop":{"progress_with_timeout":{"num":2034,"min":0.059185266,"max":0.104259491,"avg":0.100178535,"var":0.002165517,"sum":203.763139486},"progress_timeout_value_msec":{"num":2034,"min":100.000000000,"max":100.000000000,"avg":100.000000000,"var":0.000000000,"sum":203400.000000000},"progress_without_timeout":{"num":4940,"min":0.000001431,"max":0.017956495,"avg":0.000005601,"var":0.000322300,"sum":0.027666807},"trigger":{"num":2,"min":0.000031948,"max":0.008944511,"avg":0.004488230,"var":0.000039717,"sum":0.008976460}},"rpcs":{"65535:65535:3542155263:65535":{"rpc_id":3542155263,"provider_id":65535,"parent_rpc_id":65535,"parent_provider_id":65535,"name":"__shutdown__","target":{"received from ofi+verbs;ofi_rxm://10.201.1.141:34468":{"handler":{"duration":{"num":1,"min":0.000018120,"max":0.000018120,"avg":0.000018120,"var":0.000000000,"sum":0.000018120}},"ult":{"duration":{"num":1,"min":0.023997545,"max":0.023997545,"avg":0.023997545,"var":0.000000000,"sum":0.023997545},"relative_timestamp_from_handler_start":{"num":1,"min":0.011899948,"max":0.011899948,"avg":0.011899948,"var":0.000000000,"sum":0.011899948}},"irespond":{"duration":{"num":1,"min":0.003026009,"max":0.003026009,"avg":0.003026009,"var":0.000000000,"sum":0.003026009},"relative_timestamp_from_ult_start":{"num":1,"min":0.000002384,"max":0.000002384,"avg":0.000002384,"var":0.000000000,"sum":0.000002384}},"respond_cb":{"duration":{"num":1,"min":0.008940458,"max":0.008940458,"avg":0.008940458,"var":0.000000000,"sum":0.008940458},"relative_timestamp_from_irespond_start":{"num":1,"min":0.003048897,"max":0.003048897,"avg":0.003048897,"var":0.000000000,"sum":0.003048897}},"irespond_wait":{"duration":{"num":1,"min":0.020963430,"max":0.020963430,"avg":0.020963430,"var":0.000000000,"sum":0.020963430},"relative_timestamp_from_irespond_end":{"num":1,"min":0.000001431,"max":0.000001431,"avg":0.000001431,"var":0.000000000,"sum":0.000001431}},"set_output":{"duration":{"num":1,"min":0.000001431,"max":0.000001431,"avg":0.000001431,"var":0.000000000,"sum":0.000001431},"relative_timestamp_from_irespond_start":{"num":1,"min":0.000003815,"max":0.000003815,"avg":0.000003815,"var":0.000000000,"sum":0.000003815}},"get_input":{"duration":{"num":0,"min":0.000000000,"max":0.000000000,"avg":0.000000000,"var":0.000000000,"sum":0.000000000},"relative_timestamp_from_ult_start":{"num":0,"min":0.000000000,"max":0.000000000,"avg":0.000000000,"var":0.000000000,"sum":0.000000000}}}}}}}