{"address":"ofi+verbs;ofi_rxm://10.201.1.141:33507","progress_loop":{"progress_with_timeout":{"num":434,"min":0.008999825,"max":0.108455420,"avg":0.101407696,"var":0.078654359,"sum":44.010940075},"progress_timeout_value_msec":{"num":434,"min":100.000000000,"max":100.000000000,"avg":100.000000000,"var":0.000000000,"sum":43400.000000000},"progress_without_timeout":{"num":10762495,"min":0.000000715,"max":0.112001181,"avg":0.000005828,"var":1.558631425,"sum":62.725653410},"trigger":{"num":394,"min":0.000003338,"max":0.031646729,"avg":0.008861111,"var":0.017991702,"sum":3.491277695}},"rpcs":{"65535:65535:1471021055:0":{"rpc_id":1471021055,"provider_id":0,"parent_rpc_id":65535,"parent_provider_id":65535,"name":"sum","target":{"received from ofi+verbs;ofi_rxm://10.201.1.149:43981":{"handler":{"duration":{"num":24,"min":0.000005722,"max":0.025061369,"avg":0.009663572,"var":0.000861327,"sum":0.231925726}},"ult":{"duration":{"num":24,"min":1.070863724,"max":2.603211164,"avg":1.850235661,"var":6.156866368,"sum":44.405655861},"relative_timestamp_from_handler_start":{"num":24,"min":0.000008583,"max":0.015993834,"avg":0.003115634,"var":0.000706145,"sum":0.074775219}},"irespond":{"duration":{"num":24,"min":0.000005245,"max":0.050040722,"avg":0.005567203,"var":0.003871540,"sum":0.133612871},"relative_timestamp_from_ult_start":{"num":24,"min":1.037057877,"max":2.534365654,"avg":1.800559938,"var":6.196223036,"sum":43.213438511}},"respond_cb":{"duration":{"num":24,"min":0.000000954,"max":0.031226397,"avg":0.010348707,"var":0.001750308,"sum":0.248368979},"relative_timestamp_from_irespond_start":{"num":24,"min":0.000017405,"max":0.086045504,"avg":0.017490993,"var":0.012318421,"sum":0.419783831}},"irespond_wait":{"duration":{"num":24,"min":0.012313366,"max":0.095237732,"avg":0.044103742,"var":0.009829767,"sum":1.058489799},"relative_timestamp_from_irespond_end":{"num":24,"min":0.000000954,"max":0.000009060,"avg":0.000001421,"var":0.000000000,"sum":0.000034094}},"set_output":{"duration":{"num":24,"min":0.000001907,"max":0.000009060,"avg":0.000003974,"var":0.000000000,"sum":0.000095367},"relative_timestamp_from_irespond_start":{"num":24,"min":0.000000954,"max":0.000002861,"avg":0.000001649,"var":0.000000000,"sum":0.000039577}},"get_input":{"duration":{"num":24,"min":0.000002384,"max":0.000008583,"avg":0.000004003,"var":0.000000000,"sum":0.000096083},"relative_timestamp_from_ult_start":{"num":24,"min":0.000001431,"max":0.000016928,"avg":0.000004282,"var":0.000000000,"sum":0.000102758}}},"received from ofi+verbs;ofi_rxm://10.201.1.141:34468":{"handler":{"duration":{"num":25,"min":0.000005245,"max":0.015678644,"avg":0.007486229,"var":0.000804224,"sum":0.187155724}},"ult":{"duration":{"num":25,"min":1.106572151,"max":2.576661110,"avg":1.873477421,"var":5.144677819,"sum":46.836935520},"relative_timestamp_from_handler_start":{"num":25,"min":0.000009775,"max":0.036085367,"avg":0.005188189,"var":0.002093647,"sum":0.129704714}},"irespond":{"duration":{"num":25,"min":0.000005960,"max":0.072573423,"avg":0.004834251,"var":0.005275592,"sum":0.120856285},"relative_timestamp_from_ult_start":{"num":25,"min":1.047474861,"max":2.535248280,"avg":1.831237106,"var":5.090772184,"sum":45.780927658}},"respond_cb":{"duration":{"num":25,"min":0.000000954,"max":0.015732765,"avg":0.008398981,"var":0.000837455,"sum":0.209974527},"relative_timestamp_from_irespond_start":{"num":25,"min":0.000088215,"max":0.084577560,"avg":0.012731733,"var":0.009076300,"sum":0.318293333}},"irespond_wait":{"duration":{"num":25,"min":0.000001431,"max":0.059083939,"avg":0.034423094,"var":0.003626768,"sum":0.860577345},"relative_timestamp_from_irespond_end":{"num":25,"min":0.000000715,"max":0.073820114,"avg":0.002980146,"var":0.005227426,"sum":0.074503660}},"set_output":{"duration":{"num":25,"min":0.000001907,"max":0.000004768,"avg":0.000003614,"var":0.000000000,"sum":0.000090361},"relative_timestamp_from_irespond_start":{"num":25,"min":0.000000954,"max":0.000002146,"avg":0.000001564,"var":0.000000000,"sum":0.000039101}},"get_input":{"duration":{"num":25,"min":0.000002384,"max":0.000008106,"avg":0.000003910,"var":0.000000000,"sum":0.000097752},"relative_timestamp_from_ult_start":{"num":25,"min":0.000001907,"max":0.000008345,"avg":0.000003529,"var":0.000000000,"sum":0.000088215}}},"received from ofi+verbs;ofi_rxm://10.201.1.150:52891":{"handler":{"duration":{"num":28,"min":0.000004292,"max":0.020734310,"avg":0.006997619,"var":0.001048384,"sum":0.195933342}},"ult":{"duration":{"num":28,"min":1.077792168,"max":2.662307024,"avg":1.871477698,"var":5.014548591,"sum":52.401375532},"relative_timestamp_from_handler_start":{"num":28,"min":0.000007629,"max":0.044050455,"avg":0.006235923,"var":0.002795570,"sum":0.174605846}},"irespond":{"duration":{"num":28,"min":0.000005007,"max":0.044195414,"avg":0.002268783,"var":0.002173855,"sum":0.063525915},"relative_timestamp_from_ult_start":{"num":28,"min":1.048881531,"max":2.652259827,"avg":1.828487652,"var":4.928738063,"sum":51.197654247}},"respond_cb":{"duration":{"num":28,"min":0.000001431,"max":0.031644344,"avg":0.011340286,"var":0.001340737,"sum":0.317528009},"relative_timestamp_from_irespond_start":{"num":28,"min":0.000013590,"max":0.056200981,"avg":0.009361335,"var":0.006654934,"sum":0.262117386}},"irespond_wait":{"duration":{"num":28,"min":0.010035038,"max":0.087654352,"avg":0.040717185,"var":0.009468096,"sum":1.140081167},"relative_timestamp_from_irespond_end":{"num":28,"min":0.000000715,"max":0.000001669,"avg":0.000001047,"var":0.000000000,"sum":0.000029325}},"set_output":{"duration":{"num":28,"min":0.000001192,"max":0.000004530,"avg":0.000003483,"var":0.000000000,"sum":0.000097513},"relative_timestamp_from_irespond_start":{"num":28,"min":0.000001192,"max":0.000001907,"avg":0.000001575,"var":0.000000000,"sum":0.000044107}},"get_input":{"duration":{"num":28,"min":0.000001431,"max":0.000006199,"avg":0.000003525,"var":0.000000000,"sum":0.000098705},"relative_timestamp_from_ult_start":{"num":28,"min":0.000001669,"max":0.000005722,"avg":0.000002989,"var":0.000000000,"sum":0.000083685}}},"received from ofi+verbs;ofi_rxm://10.201.1.131:60808":{"handler":{"duration":{"num":22,"min":0.000006199,"max":0.025326967,"avg":0.009414803,"var":0.000969785,"sum":0.207125664}},"ult":{"duration":{"num":22,"min":1.271411419,"max":2.638801813,"avg":2.018314145,"var":3.159592601,"sum":44.402911186},"relative_timestamp_from_handler_start":{"num":22,"min":0.000008583,"max":0.047951221,"avg":0.004170786,"var":0.002405007,"sum":0.091757298}},"irespond":{"duration":{"num":22,"min":0.000005960,"max":0.048116922,"avg":0.005466255,"var":0.003789158,"sum":0.120257616},"relative_timestamp_from_ult_start":{"num":22,"min":1.260793924,"max":2.584062099,"avg":1.975049582,"var":3.127667273,"sum":43.451090813}},"respond_cb":{"duration":{"num":22,"min":0.000001431,"max":0.012001753,"avg":0.008152279,"var":0.000536857,"sum":0.179350138},"relative_timestamp_from_irespond_start":{"num":22,"min":0.000018835,"max":0.060119629,"avg":0.018495321,"var":0.006572788,"sum":0.406897068}},"irespond_wait":{"duration":{"num":22,"min":0.010601997,"max":0.062674761,"avg":0.037794059,"var":0.005574430,"sum":0.831469297},"relative_timestamp_from_irespond_end":{"num":22,"min":0.000000954,"max":0.000001431,"avg":0.000001105,"var":0.000000000,"sum":0.000024319}},"set_output":{"duration":{"num":22,"min":0.000001907,"max":0.000004768,"avg":0.000003728,"var":0.000000000,"sum":0.000082016},"relative_timestamp_from_irespond_start":{"num":22,"min":0.000000954,"max":0.000001907,"avg":0.000001571,"var":0.000000000,"sum":0.000034571}},"get_input":{"duration":{"num":22,"min":0.000002384,"max":0.000006914,"avg":0.000003750,"var":0.000000000,"sum":0.000082493},"relative_timestamp_from_ult_start":{"num":22,"min":0.000001431,"max":0.000007153,"avg":0.000003565,"var":0.000000000,"sum":0.000078440}}}}},"65535:65535:1161428991:0":{"rpc_id":1161428991,"provider_id":0,"parent_rpc_id":65535,"parent_provider_id":65535,"name":"prod",