{"address":"ofi+verbs;ofi_rxm://10.201.1.149:53299","rpcs":{"__shutdown__:65535":{"timestamps":[1698855826.830952406],"count":[1],"bulk_size":[0]}},"pools":{"__primary__":{"timestamps":[1698855623.091687679,1698855624.093087673,1698855625.093935251,1698855626.094739437,1698855627.095639944,1698855628.096469641,1698855629.097231865,1698855630.098041773,1698855631.098929167,1698855632.099908113,1698855633.100873947,1698855634.102034569,1698855635.103122234,1698855636.104086637,1698855637.105007172,1698855638.105922937,1698855639.107008696,1698855640.108361244,1698855641.109695196,1698855642.111040592,1698855643.112378597,1698855644.113901615,1698855645.115374088,1698855646.116899014,1698855647.118473768,1698855648.120060444,1698855649.121563673,1698855650.123133898,1698855651.124662399,1698855652.126214743,1698855653.127811909,1698855654.129347086,1698855655.130899906,1698855656.132486820,1698855657.134031773,1698855658.135594606,1698855659.137221336,1698855660.138775110,1698855661.140350103,1698855662.141943455,1698855663.143503666,1698855664.145039082,1698855665.146599531,1698855666.148088694,1698855667.149641514,1698855668.151198149,1698855669.152753592,1698855670.154298782,1698855671.155873537,1698855672.161527395,1698855673.171299219,1698855674.181001663,1698855675.182545900,1698855676.184109211,1698855677.189752340,1698855678.195413828,1698855679.197011709,1698855680.198552370,1698855681.200125217,1698855682.201719284,1698855683.211436749,1698855684.212960958,1698855685.214527130,1698855686.216065645,1698855687.221667528,1698855688.227224112,1698855689.228721857,1698855690.230221987,1698855691.231751442,1698855692.233247280,1698855693.234800816,1698855694.236376762,1698855695.237857580,1698855696.239338875,1698855697.240873337,1698855698.242365360,1698855699.243908405,1698855700.245442152,1698855701.246901751,1698855702.248385429,1698855703.254003048,1698855704.259613752,1698855705.261168480,1698855706.262662411,1698855707.264217854,1698855708.265356541,1698855709.266466856,1698855710.267677546,1698855711.268742800,1698855712.269898415,1698855713.271051645,1698855714.272208929,1698855715.273367882,1698855716.274491549,1698855717.275649071,1698855718.276801348,1698855719.282192945,1698855720.283777475,1698855721.285393953,1698855722.286947966,1698855723.292617321,1698855724.294193029,1698855725.295749664,1698855726.297254801,1698855727.302919626,1698855728.304481506,1698855729.310113192,1698855730.311671257,1698855731.313250065,1698855732.314791203,1698855733.316382170,1698855734.317970514,1698855735.319517374,1698855736.321097612,1698855737.322654009,1698855738.324194431,1698855739.329834700,1698855740.331378460,1698855741.332881451,1698855742.334418535,1698855743.336012602,1698855744.341642618,1698855745.343197584,1698855746.344737768,1698855747.350366116,1698855748.351948738,1698855749.353518724,1698855750.355072021,1698855751.356623411,1698855752.358164310,1698855753.359694719,1698855754.361221313,1698855755.363109112,1698855756.364626169,1698855757.366158485,1698855758.367696762,1698855759.369298935,1698855760.370826483,1698855761.372395515,1698855762.373966217,1698855763.375498772,1698855764.377059937,1698855765.378612280,1698855766.380161047,1698855767.385788202,1698855768.387353659,1698855769.388908863,1698855770.390438080,1698855771.396083355,1698855772.397636652,1698855773.399183989,1698855774.400786877,1698855775.402362108,1698855776.403904200,1698855777.405489683,1698855778.407074928,1698855779.408593416,1698855780.410140991,1698855781.411653996,1698855782.413180828,1698855783.414749861,1698855784.416284323,1698855785.418149471,1698855786.419667959,1698855787.425324678,1698855788.430981159,1698855789.432522774,1698855790.434042454,1698855791.435595512,1698855792.441244125,1698855793.442795277,1698855794.448382378,1698855795.449815035,1698855796.451355696,1698855797.452827454,1698855798.454320192,1698855799.455895662,1698855800.457420588,1698855801.458944798,1698855802.460527182,1698855803.462078333,1698855804.467751026,1698855805.469346762,1698855806.470917463,1698855807.472458601,1698855808.482193470,1698855809.483749628,1698855810.485266924,1698855811.486833811,1698855812.488417864,1698855813.489936829,1698855814.491498947,1698855815.493017197,1698855816.494547844,1698855817.496009350,1698855818.498739243,1698855819.499783993,1698855820.500910997,1698855821.502034903,1698855822.503109455,1698855823.504246235,1698855824.505370140,1698855825.506491899,1698855826.507564068,1698855826.830952406],"size":[0,0,0,0,0,0,0,0,0,0,0,0,0,0,0,0,0,0,0,0,0,0,0,0,0,0,0,0,0,0,0,0,0,0,0,0,0,0,0,0,0,0,0,0,0,0,0,0,0,0,0,0,0,0,0,0,0,0,0,0,0,0,0,0,0,0,0,0,0,0,0,0,0,0,0,0,0,0,0,0,0,0,0,0,0,0,0,0,0,0,0,0,0,0,0,0,0,0,0,0,0,0,0,0,0,0,0,0,0,0,0,0,0,0,0,0,0,0,0,0,0,0,0,0,0,0,0,0,0,0,0,0,0,0,0,0,0,0,0,0,0,0,0,0,0,0,0,0,0,0,0,0,0,0,0,0,0,0,0,0,0,0,0,0,0,0,0,0,0,0,0,0,0,0,0,0,0,0,0,0,0,0,0,0,0,0,0,0,0,0,0,0,0,0,0,0,0,0,0,0,0,0,0,0,0],"total_size":[1,1,1,1,1,1,1,1,1,1,1,1,1,1,1,1,1,1,1,1,1,1,1,1,1,1,1,1,1,1,1,1,1,1,1,1,1,1,1,1,1,1,1,1,1,1,1,1,1,1,1,1,1,1,1,1,1,1,1,1,1,1,1,1,1,1,1,1,1,1,1,1,1,1,1,1,1,1,1,1,1,1,1,1,1,1,1,1,1,1,1,1,1,1,1,1,1,1,1,1,1,1,1,1,1,1,1,1,1,1,1,1,1,1,1,1,1,1,1,1,1,1,1,1,1,1,1,1,1,1,1,1,1,1,1,1,1,1,1,1,1,1,1,1,1,1,1,1,1,1,1,1,1,1,1,1,1,1,1,1,1,1,1,1,1,1,1,1,1,1,1,1,1,1,1,1,1,1,1,1,1,1,1,1,1,1,1,1,1,1,1,1,1,1,1,1,1,1,1,1,1,1,1,1,1]},