{"address":"ofi+verbs;ofi_rxm://10.201.1.149:43981","progress_loop":{"progress_with_timeout":{"num":1903,"min":0.001282930,"max":0.104257822,"avg":0.097701135,"var":0.282181631,"sum":185.925260305},"progress_timeout_value_msec":{"num":1903,"min":100.000000000,"max":100.000000000,"avg":100.000000000,"var":0.000000000,"sum":190300.000000000},"progress_without_timeout":{"num":0,"min":0.000000000,"max":0.000000000,"avg":0.000000000,"var":0.000000000,"sum":0.000000000},"trigger":{"num":100,"min":0.000004292,"max":0.000027418,"avg":0.000006423,"var":0.000000001,"sum":0.000642300}},"rpcs":{"65535:65535:1471021055:0":{"rpc_id":1471021055,"provider_id":0,"parent_rpc_id":65535,"parent_provider_id":65535,"name":"sum","origin":{"sent to ofi+verbs;ofi_rxm://10.201.1.141:33507":{"iforward":{"duration":{"num":24,"min":0.000015259,"max":0.001838446,"avg":0.000104030,"var":0.000003139,"sum":0.002496719},"relative_timestamp_from_create":{"num":24,"min":0.000001907,"max":0.000003815,"avg":0.000003040,"var":0.000000000,"sum":0.000072956}},"forward_cb":{"duration":{"num":24,"min":0.000001431,"max":0.000003815,"avg":0.000002782,"var":0.000000000,"sum":0.000066757},"relative_timestamp_from_iforward_start":{"num":24,"min":1.050312042,"max":2.534517527,"avg":1.820887774,"var":6.280987759,"sum":43.701306581}},"iforward_wait":{"duration":{"num":24,"min":1.050293684,"max":2.534496069,"avg":1.820794662,"var":6.283639958,"sum":43.699071884},"relative_timestamp_from_iforward_end":{"num":24,"min":0.000000954,"max":0.000001669,"avg":0.000001361,"var":0.000000000,"sum":0.000032663}},"set_input":{"duration":{"num":24,"min":0.000003338,"max":0.000007868,"avg":0.000006586,"var":0.000000000,"sum":0.000158072},"relative_timestamp_from_iforward_start":{"num":24,"min":0.000008106,"max":0.000020742,"avg":0.000015865,"var":0.000000000,"sum":0.000380754}},"get_output":{"duration":{"num":0,"min":0.000000000,"max":0.000000000,"avg":0.000000000,"var":0.000000000,"sum":0.000000000},"relative_timestamp_from_wait_end":{"num":0,"min":0.000000000,"max":0.000000000,"avg":0.000000000,"var":0.000000000,"sum":0.000000000}}}}},"65535:65535:1161428991:0":{"rpc_id":1161428991,"provider_id":0,"parent_rpc_id":65535,"parent_provider_id":65535,"name":"prod","origin":{"sent to ofi+verbs;ofi_rxm://10.201.1.141:33507":{"iforward":{"duration":{"num":20,"min":0.000024796,"max":0.000036001,"avg":0.000029624,"var":0.000000000,"sum":0.000592470},"relative_timestamp_from_create":{"num":20,"min":0.000002623,"max":0.000003815,"avg":0.000003171,"var":0.000000000,"sum":0.000063419}},"forward_cb":{"duration":{"num":20,"min":0.000001907,"max":0.000003338,"avg":0.000002813,"var":0.000000000,"sum":0.000056267},"relative_timestamp_from_iforward_start":{"num":20,"min":1.092436552,"max":2.658494234,"avg":1.972972059,"var":4.856919060,"sum":39.459441185}},"iforward_wait":{"duration":{"num":20,"min":1.092411041,"max":2.658476353,"avg":1.972952902,"var":4.856943659,"sum":39.459058046},"relative_timestamp_from_iforward_end":{"num":20,"min":0.000000954,"max":0.000001669,"avg":0.000001371,"var":0.000000000,"sum":0.000027418}},"set_input":{"duration":{"num":20,"min":0.000006199,"max":0.000008106,"avg":0.000006878,"var":0.000000000,"sum":0.000137568},"relative_timestamp_from_iforward_start":{"num":20,"min":0.000013351,"max":0.000022888,"avg":0.000016403,"var":0.000000000,"sum":0.000328064}},"get_output":{"duration":{"num":0,"min":0.000000000,"max":0.000000000,"avg":0.000000000,"var":0.000000000,"sum":0.000000000},"relative_timestamp_from_wait_end":{"num":0,"min":0.000000000,"max":0.000000000,"avg":0.000000000,"var":0.000000000,"sum":0.000000000}}}}},"65535:65535:1161428991:1":{"rpc_id":1161428991,"provider_id":1,"parent_rpc_id":65535,"parent_provider_id":65535,"name":"prod","origin":{"sent to ofi+verbs;ofi_rxm://10.201.1.131:37603":{"iforward":{"duration":{"num":30,"min":0.000019789,"max":0.001569986,"avg":0.000080172,"var":0.000002296,"sum":0.002405167},"relative_timestamp_from_create":{"num":30,"min":0.000001907,"max":0.000003815,"avg":0.000003068,"var":0.000000000,"sum":0.000092030}},"forward_cb":{"duration":{"num":30,"min":0.000001431,"max":0.000004053,"avg":0.000002575,"var":0.000000000,"sum":0.000077248},"relative_timestamp_from_iforward_start":{"num":30,"min":1.057727575,"max":2.661153793,"avg":1.945481467,"var":8.241507342,"sum":58.364444017}},"iforward_wait":{"duration":{"num":30,"min":1.056165934,"max":2.661137342,"avg":1.945411388,"var":8.244273901,"sum":58.362341642},"relative_timestamp_from_iforward_end":{"num":30,"min":0.000000954,"max":0.000001907,"avg":0.000001311,"var":0.000000000,"sum":0.000039339}},"set_input":{"duration":{"num":30,"min":0.000003576,"max":0.000008583,"avg":0.000006715,"var":0.000000000,"sum":0.000201464},"relative_timestamp_from_iforward_start":{"num":30,"min":0.000010967,"max":0.000026703,"avg":0.000015903,"var":0.000000000,"sum":0.000477076}},"get_output":{"duration":{"num":0,"min":0.000000000,"max":0.000000000,"avg":0.000000000,"var":0.000000000,"sum":0.000000000},"relative_timestamp_from_wait_end":{"num":0,"min":0.000000000,"max":0.000000000,"avg":0.000000000,"var":0.000000000,"sum":0.000000000}}}}},"65535:65535:1471021055:1":{"rpc_id":1471021055,"provider_id":1,"parent_rpc_id":65535,"parent_provider_id":65535,"name":"sum","origin":{"sent to ofi+verbs;ofi_rxm://10.201.1.131:37603":{"iforward":{"duration":{"num":26,"min":0.000020742,"max":0.000037670,"avg":0.000029408,"var":0.000000000,"sum":0.000764608},"relative_timestamp_from_create":{"num":26,"min":0.000002146,"max":0.000003815,"avg":0.000002989,"var":0.000000000,"sum":0.000077724}},"forward_cb":{"duration":{"num":26,"min":0.000001907,"max":0.000024080,"avg":0.000003530,"var":0.000000000,"sum":0.000091791},"relative_timestamp_from_iforward_start":{"num":26,"min":1.046264648,"max":2.755668879,"avg":1.704490588,"var":7.399238401,"sum":44.316755295}},"iforward_wait":{"duration":{"num":26,"min":1.046242237,"max":2.755648136,"avg":1.704472441,"var":7.399264990,"sum":44.316283464},"relative_timestamp_from_iforward_end":{"num":26,"min":0.000000954,"max":0.000001431,"avg":0.000001320,"var":0.000000000,"sum":0.000034332}},"set_input":{"duration":{"num":26,"min":0.000003815,"max":0.000008106,"avg":0.000006547,"var":0.000000000,"sum":0.000170231},"relative_timestamp_from_iforward_start":{"num":26,"min":0.000011683,"max":0.000021935,"avg":0.000016194,"var":0.000000000,"sum":0.000421047}},"get_output":{"duration":{"num":0,"min":0.000000000,"max":0.000000000,"avg":0.000000000,"var":0.000000000,"sum":0.000000000},"relative_timestamp_from_wait_end":{"num":0,"min":0.000000000,"max":0.000000000,"avg":0.000000000,"var":0.000000000,"sum":0.000000000}}}}}}}