{"address":"ofi+verbs;ofi_rxm://10.201.1.56:46074","rpcs":{"__shutdown__:65535":{"timestamps":[1698812723.581237078],"count":[1],"bulk_size":[0]}},"pools":{"__primary__":{"timestamps":[1698812527.920079708,1698812528.921360970,1698812529.922733545,1698812530.923735619,1698812531.924385309,1698812532.925022125,1698812533.925683737,1698812534.926385403,1698812535.927145958,1698812536.927898169,1698812537.928558350,1698812538.929270744,1698812539.930059195,1698812540.930908918,1698812541.931723118,1698812542.932577133,1698812543.933295012,1698812544.934096336,1698812545.934892654,1698812546.936086416,1698812547.937288761,1698812548.938520670,1698812549.939777851,1698812550.940917253,1698812551.942237854,1698812552.943478823,1698812553.944833279,1698812554.946174383,1698812555.947416067,1698812556.948741913,1698812557.950082541,1698812558.951514244,1698812559.952891827,1698812560.954210997,1698812561.955575228,1698812562.957002640,1698812563.962488413,1698812564.963875532,1698812565.965093613,1698812566.966453314,1698812567.967761993,1698812568.969089985,1698812569.970503092,1698812570.971823692,1698812571.973174334,1698812572.974530935,1698812573.975915909,1698812574.977254391,1698812575.978586435,1698812576.979893923,1698812577.981135368,1698812578.982545614,1698812579.983950377,1698812580.985162735,1698812581.986460924,1698812582.987822533,1698812583.989131689,1698812584.990540028,1698812585.991854668,1698812586.993212938,1698812587.994556665,1698812588.996040106,1698812589.997300625,1698812590.998664141,1698812592.000030041,1698812593.001344681,1698812594.006854057,1698812595.008310318,1698812596.009611130,1698812597.010929346,1698812598.012216806,1698812599.013562679,1698812600.014907122,1698812601.016229868,1698812602.017637491,1698812603.018950701,1698812604.020396471,1698812605.021705627,1698812606.023120165,1698812607.024468899,1698812608.029863834,1698812609.031244516,1698812610.032640934,1698812611.033874512,1698812612.035193920,1698812613.036514997,1698812614.037902117,1698812615.039515972,1698812616.040803671,1698812617.042163849,1698812618.043509245,1698812619.044975996,1698812620.050519228,1698812621.051894426,1698812622.053166628,1698812623.054532528,1698812624.055939674,1698812625.061426163,1698812626.062800407,1698812627.064168453,1698812628.069572449,1698812629.070959330,1698812630.072346449,1698812631.073649883,1698812632.074967384,1698812633.076326847,1698812634.077635765,1698812635.079041243,1698812636.080394983,1698812637.081688643,1698812638.083046436,1698812639.084458113,1698812640.085771084,1698812641.087060452,1698812642.088444710,1698812643.093836546,1698812644.095244646,1698812645.096591473,1698812646.101981401,1698812647.103318691,1698812648.104587555,1698812649.105910778,1698812650.107345343,1698812651.108686209,1698812652.110106468,1698812653.111452341,1698812654.112869740,1698812655.114209175,1698812656.115375757,1698812657.116247654,1698812658.117088318,1698812659.122164965,1698812660.123460054,1698812661.124689341,1698812662.126060009,1698812663.127359152,1698812664.128708363,1698812665.130038261,1698812666.131304979,1698812667.132698298,1698812668.134014845,1698812669.135444403,1698812670.136721849,1698812671.137876749,1698812672.139191389,1698812673.140485525,1698812674.141876459,1698812675.143243074,1698812676.144597530,1698812677.145931482,1698812678.147349358,1698812679.148690701,1698812680.150056601,1698812681.151433468,1698812682.152792215,1698812683.154146194,1698812684.155591488,1698812685.156916618,1698812686.158222914,1698812687.159636259,1698812688.160935163,1698812689.162341833,1698812690.163701773,1698812691.165049076,1698812692.166417122,1698812693.167768955,1698812694.169126034,1698812695.170537949,1698812696.171899796,1698812697.173318148,1698812698.174736023,1698812699.176182032,1698812700.177382231,1698812701.178612232,1698812702.179933310,1698812703.181221724,1698812704.182631016,1698812705.184005976,1698812706.185314417,1698812707.186660767,1698812708.188097477,1698812709.189404249,1698812710.190811872,1698812711.192083597,1698812712.193302870,1698812713.194666147,1698812714.196027040,1698812715.197294712,1698812716.198638201,1698812717.200139523,1698812718.201391935,1698812719.202810526,1698812720.204143047,1698812721.205451488,1698812722.206814051,1698812723.208213329,1698812723.581237078],"size":[0,0,0,0,0,0,0,0,0,0,0,0,0,0,0,0,0,0,0,0,0,0,0,0,0,0,0,0,0,0,0,0,0,0,0,0,0,0,0,0,0,0,0,0,0,0,0,0,0,0,0,0,0,0,0,0,0,0,0,0,0,0,0,0,0,0,0,0,0,0,0,0,0,0,0,0,0,0,0,0,0,0,0,0,0,0,0,0,0,0,0,0,0,0,0,0,0,0,0,0,0,0,0,0,0,0,0,0,0,0,0,0,0,0,0,0,0,0,0,0,0,0,0,0,0,0,0,0,0,0,0,0,0,0,0,0,0,0,0,0,0,0,0,0,0,0,0,0,0,0,0,0,0,0,0,0,0,0,0,0,0,0,0,0,0,0,0,0,0,0,0,0,0,0,0,0,0,0,0,0,0,0,0,0,0,0,0,0,0,0,0,0,0,0,0,0,0],"total_size":[1,1,1,1,1,1,1,1,1,1,1,1,1,1,1,1,1,1,1,1,1,1,1,1,1,1,1,1,1,1,1,1,1,1,1,1,1,1,1,1,1,1,1,1,1,1,1,1,1,1,1,1,1,1,1,1,1,1,1,1,1,1,1,1,1,1,1,1,1,1,1,1,1,1,1,1,1,1,1,1,1,1,1,1,1,1,1,1,1,1,1,1,1,1,1,1,1,1,1,1,1,1,1,1,1,1,1,1,1,1,1,1,1,1,1,1,1,1,1,1,1,1,1,1,1,1,1,1,1,1,1,1,1,1,1,1,1,1,1,1,1,1,1,1,1,1,1,1,1,1,1,1,1,1,1,1,1,1,1,1,1,1,1,1,1,1,1,1,1,1,1,1,1,1,1,1,1,1,1,1,1,1,1,1,1,1,1,1,1,1,1,1,1,1,1,1,0]},