{"address":"ofi+verbs;ofi_rxm://10.201.1.43:47665","rpcs":{"__shutdown__:65535":{"timestamps":[1698812723.494624615],"count":[1],"bulk_size":[0]}},"pools":{"__primary__":{"timestamps":[1698812527.919340849,1698812528.958966017,1698812529.998856306,1698812531.039475203,1698812532.079024076,1698812533.119457960,1698812534.159040213,1698812535.198930979,1698812536.238733768,1698812537.279397726,1698812538.318795204,1698812539.359603882,1698812540.399264097,1698812541.439099073,1698812542.478759289,1698812543.519637585,1698812544.559420347,1698812545.603149652,1698812546.642875195,1698812547.683640003,1698812548.723393202,1698812549.763672113,1698812550.803027630,1698812551.842604876,1698812552.883322716,1698812553.922731161,1698812554.963255644,1698812556.003537655,1698812557.043108940,1698812558.083478451,1698812559.122828960,1698812560.163120031,1698812561.202694416,1698812562.242938519,1698812563.283576727,1698812564.323492289,1698812565.362941027,1698812566.403559208,1698812567.442893982,1698812568.482707024,1698812569.523331642,1698812570.562677622,1698812571.606723785,1698812572.643707275,1698812573.687028408,1698812574.742893934,1698812575.787289619,1698812576.826678514,1698812577.867306709,1698812578.907090425,1698812579.946999550,1698812580.986619473,1698812582.027305126,1698812583.066769123,1698812584.107215405,1698812585.146908045,1698812586.187456846,1698812587.227025509,1698812588.266703129,1698812589.307636976,1698812590.347365856,1698812591.386855602,1698812592.427637100,1698812593.467636108,1698812594.507504225,1698812595.547123909,1698812596.586771965,1698812597.627377987,1698812598.667131662,1698812599.706872702,1698812600.747523785,1698812601.787061691,1698812602.827671289,1698812603.867271185,1698812604.906688690,1698812605.947348833,1698812606.986722469,1698812608.027365208,1698812609.066973925,1698812610.106726408,1698812611.147169113,1698812612.186927557,1698812613.226602554,1698812614.267401934,1698812615.306774139,1698812616.347209215,1698812617.386753798,1698812618.426727295,1698812619.467662573,1698812620.507245064,1698812621.546784639,1698812622.587443829,1698812623.627094030,1698812624.666709423,1698812625.707162857,1698812626.747596502,1698812627.787288904,1698812628.826902151,1698812629.866858244,1698812630.907476187,1698812631.947173595,1698812632.986862183,1698812634.026704788,1698812635.067619085,1698812636.107181311,1698812637.146737576,1698812638.187431097,1698812639.227288723,1698812640.266738653,1698812641.307248354,1698812642.346705675,1698812643.387535095,1698812644.427497387,1698812645.466906309,1698812646.507500887,1698812647.546893597,1698812648.586604834,1698812649.627460718,1698812650.667103052,1698812651.707590342,1698812652.747328043,1698812653.787150145,1698812654.826994658,1698812655.866676092,1698812656.907420874,1698812657.946910620,1698812658.986723900,1698812660.027340412,1698812661.066952944,1698812662.107571125,1698812663.147279739,1698812664.186988592,1698812665.227644682,1698812666.267118216,1698812667.307564259,1698812668.346905708,1698812669.387393475,1698812670.427487612,1698812671.466760397,1698812672.507375956,1698812673.547320604,1698812674.586901426,1698812675.627510786,1698812676.667142630,1698812677.706643343,1698812678.747540236,1698812679.787180662,1698812680.827540398,1698812681.866915464,1698812682.906740665,1698812683.946717501,1698812684.986604452,1698812686.027148008,1698812687.067645788,1698812688.107374430,1698812689.146981001,1698812690.187323093,1698812691.226978064,1698812692.266677141,1698812693.306718111,1698812694.347465515,1698812695.387109756,1698812696.427561522,1698812697.467111588,1698812698.507642508,1698812699.546940804,1698812700.587234259,1698812701.626845598,1698812702.667247295,1698812703.707400322,1698812704.746879339,1698812705.787257195,1698812706.826591730,1698812707.867361307,1698812708.907309294,1698812709.947206736,1698812710.987542391,1698812712.026759624,1698812713.067301273,1698812714.107190132,1698812715.147007227,1698812716.186692953,1698812717.227249146,1698812718.266711950,1698812719.307168961,1698812720.347367287,1698812721.387297869,1698812722.427291870,1698812723.445490837,1698812723.494624615],"size":[0,0,0,0,0,0,0,0,0,0,0,0,0,0,0,0,0,0,0,0,0,0,0,0,0,0,0,0,0,0,0,0,0,0,0,0,0,0,0,0,0,0,0,0,0,0,0,0,0,0,0,0,0,0,0,0,0,0,0,0,0,0,0,0,0,0,0,0,0,0,0,0,0,0,0,0,0,0,0,0,0,0,0,0,0,0,0,0,0,0,0,0,0,0,0,0,0,0,0,0,0,0,0,0,0,0,0,0,0,0,0,0,0,0,0,0,0,0,0,0,0,0,0,0,0,0,0,0,0,0,0,0,0,0,0,0,0,0,0,0,0,0,0,0,0,0,0,0,0,0,0,0,0,0,0,0,0,0,0,0,0,0,0,0,0,0,0,0,0,0,0,0,0,0,0,0,0,0,0,0,0,0,0,0,0,0,0,0,0,0],"total_size":[1,1,1,1,1,1,1,1,1,1,1,1,1,1,1,1,1,1,1,1,1,1,1,1,1,1,1,1,1,1,1,1,1,1,1,1,1,1,1,1,1,1,1,1,1,1,1,1,1,1,1,1,1,1,1,1,1,1,1,1,1,1,1,1,1,1,1,1,1,1,1,1,1,1,1,1,1,1,1,1,1,1,1,1,1,1,1,1,1,1,1,1,1,1,1,1,1,1,1,1,1,1,1,1,1,1,1,1,1,1,1,1,1,1,1,1,1,1,1,1,1,1,1,1,1,1,1,1,1,1,1,1,1,1,1,1,1,1,1,1,1,1,1,1,1,1,1,1,1,1,1,1,1,1,1,1,1,1,1,1,1,1,1,1,1,1,1,1,1,1,1,1,1,1,1,1,1,1,1,1,1,1,1,1,1,1,1,1,1,0]},