{"address":"ofi+verbs;ofi_rxm://10.201.1.43:36744","progress_loop":{"progress_with_timeout":{"num":1798,"min":0.000548363,"max":0.108710289,"avg":0.101150246,"var":0.325004901,"sum":181.868142366},"progress_timeout_value_msec":{"num":1798,"min":100.000000000,"max":100.000000000,"avg":100.000000000,"var":0.000000000,"sum":179800.000000000},"progress_without_timeout":{"num":0,"min":0.000000000,"max":0.000000000,"avg":0.000000000,"var":0.000000000,"sum":0.000000000},"trigger":{"num":100,"min":0.000000954,"max":0.000009060,"avg":0.000002370,"var":0.000000000,"sum":0.000236988}},"rpcs":{"65535:65535:1471021055:1":{"rpc_id":1471021055,"provider_id":1,"parent_rpc_id":65535,"parent_provider_id":65535,"name":"sum","origin":{"sent to ofi+verbs;ofi_rxm://10.201.1.44:39661":{"iforward":{"duration":{"num":32,"min":0.000010490,"max":0.001902103,"avg":0.000079714,"var":0.000003429,"sum":0.002550840},"relative_timestamp_from_create":{"num":32,"min":0.000000715,"max":0.000003099,"avg":0.000001676,"var":0.000000000,"sum":0.000053644}},"forward_cb":{"duration":{"num":32,"min":0.000000477,"max":0.000003815,"avg":0.000001520,"var":0.000000000,"sum":0.000048637},"relative_timestamp_from_iforward_start":{"num":32,"min":1.034484386,"max":2.557380199,"avg":1.873098403,"var":6.533745327,"sum":59.939148903}},"iforward_wait":{"duration":{"num":32,"min":1.034465313,"max":2.557357073,"avg":1.873024084,"var":6.534878296,"sum":59.936770678},"relative_timestamp_from_iforward_end":{"num":32,"min":0.000000000,"max":0.000011921,"avg":0.000000559,"var":0.000000000,"sum":0.000017881}},"set_input":{"duration":{"num":32,"min":0.000002623,"max":0.000007153,"avg":0.000004791,"var":0.000000000,"sum":0.000153303},"relative_timestamp_from_iforward_start":{"num":32,"min":0.000005007,"max":0.000015736,"avg":0.000011601,"var":0.000000000,"sum":0.000371218}},"get_output":{"duration":{"num":0,"min":0.000000000,"max":0.000000000,"avg":0.000000000,"var":0.000000000,"sum":0.000000000},"relative_timestamp_from_wait_end":{"num":0,"min":0.000000000,"max":0.000000000,"avg":0.000000000,"var":0.000000000,"sum":0.000000000}}}}},"65535:65535:1161428991:1":{"rpc_id":1161428991,"provider_id":1,"parent_rpc_id":65535,"parent_provider_id":65535,"name":"prod","origin":{"sent to ofi+verbs;ofi_rxm://10.201.1.44:39661":{"iforward":{"duration":{"num":26,"min":0.000011683,"max":0.000031948,"avg":0.000021614,"var":0.000000001,"sum":0.000561953},"relative_timestamp_from_create":{"num":26,"min":0.000000954,"max":0.000002623,"avg":0.000001788,"var":0.000000000,"sum":0.000046492}},"forward_cb":{"duration":{"num":26,"min":0.000000477,"max":0.000002146,"avg":0.000001302,"var":0.000000000,"sum":0.000033855},"relative_timestamp_from_iforward_start":{"num":26,"min":1.012830734,"max":2.606469154,"avg":1.899178450,"var":6.588643174,"sum":49.378639698}},"iforward_wait":{"duration":{"num":26,"min":1.012810230,"max":2.606457472,"avg":1.899161981,"var":6.588652282,"sum":49.378211498},"relative_timestamp_from_iforward_end":{"num":26,"min":0.000000000,"max":0.000000477,"avg":0.000000202,"var":0.000000000,"sum":0.000005245}},"set_input":{"duration":{"num":26,"min":0.000002623,"max":0.000006676,"avg":0.000004924,"var":0.000000000,"sum":0.000128031},"relative_timestamp_from_iforward_start":{"num":26,"min":0.000006914,"max":0.000020742,"avg":0.000011985,"var":0.000000000,"sum":0.000311613}},"get_output":{"duration":{"num":0,"min":0.000000000,"max":0.000000000,"avg":0.000000000,"var":0.000000000,"sum":0.000000000},"relative_timestamp_from_wait_end":{"num":0,"min":0.000000000,"max":0.000000000,"avg":0.000000000,"var":0.000000000,"sum":0.000000000}}}}},"65535:65535:1471021055:0":{"rpc_id":1471021055,"provider_id":0,"parent_rpc_id":65535,"parent_provider_id":65535,"name":"sum","origin":{"sent to ofi+verbs;ofi_rxm://10.201.1.42:35747":{"iforward":{"duration":{"num":18,"min":0.000011683,"max":0.001761198,"avg":0.000116958,"var":0.000002863,"sum":0.002105236},"relative_timestamp_from_create":{"num":18,"min":0.000000954,"max":0.000002623,"avg":0.000001695,"var":0.000000000,"sum":0.000030518}},"forward_cb":{"duration":{"num":18,"min":0.000000715,"max":0.000002146,"avg":0.000001431,"var":0.000000000,"sum":0.000025749},"relative_timestamp_from_iforward_start":{"num":18,"min":1.033571482,"max":2.589406013,"avg":1.652914749,"var":4.305634933,"sum":29.752465487}},"iforward_wait":{"duration":{"num":18,"min":1.031814814,"max":2.589386702,"avg":1.652802891,"var":4.307809678,"sum":29.750452042},"relative_timestamp_from_iforward_end":{"num":18,"min":0.000000000,"max":0.000000954,"avg":0.000000238,"var":0.000000000,"sum":0.000004292}},"set_input":{"duration":{"num":18,"min":0.000002623,"max":0.000006676,"avg":0.000004676,"var":0.000000000,"sum":0.000084162},"relative_timestamp_from_iforward_start":{"num":18,"min":0.000006437,"max":0.000018120,"avg":0.000011497,"var":0.000000000,"sum":0.000206947}},"get_output":{"duration":{"num":0,"min":0.000000000,"max":0.000000000,"avg":0.000000000,"var":0.000000000,"sum":0.000000000},"relative_timestamp_from_wait_end":{"num":0,"min":0.000000000,"max":0.000000000,"avg":0.000000000,"var":0.000000000,"sum":0.000000000}}}}},"65535:65535:1161428991:0":{"rpc_id":1161428991,"provider_id":0,"parent_rpc_id":65535,"parent_provider_id":65535,"name":"prod","origin":{"sent to ofi+verbs;ofi_rxm://10.201.1.42:35747":{"iforward":{"duration":{"num":24,"min":0.000012875,"max":0.000031471,"avg":0.000021815,"var":0.000000001,"sum":0.000523567},"relative_timestamp_from_create":{"num":24,"min":0.000000715,"max":0.000002861,"avg":0.000001649,"var":0.000000000,"sum":0.000039577}},"forward_cb":{"duration":{"num":24,"min":0.000000715,"max":0.000001907,"avg":0.000001202,"var":0.000000000,"sum":0.000028849},"relative_timestamp_from_iforward_start":{"num":24,"min":1.017476082,"max":2.477029800,"avg":1.779280772,"var":4.383314224,"sum":42.702738523}},"iforward_wait":{"duration":{"num":24,"min":1.017457724,"max":2.477021217,"avg":1.779263675,"var":4.383333464,"sum":42.702328205},"relative_timestamp_from_iforward_end":{"num":24,"min":0.000000000,"max":0.000000477,"avg":0.000000228,"var":0.000000000,"sum":0.000005484}},"set_input":{"duration":{"num":24,"min":0.000002623,"max":0.000006914,"avg":0.000004907,"var":0.000000000,"sum":0.000117779},"relative_timestamp_from_iforward_start":{"num":24,"min":0.000007153,"max":0.000019312,"avg":0.000012070,"var":0.000000000,"sum":0.000289679}},"get_output":{"duration":{"num":0,"min":0.000000000,"max":0.000000000,"avg":0.000000000,"var":0.000000000,"sum":0.000000000},"relative_timestamp_from_wait_end":{"num":0,"min":0.000000000,"max":0.000000000,"avg":0.000000000,"var":0.000000000,"sum":0.000000000}}}}}}}