{"address":"ofi+verbs;ofi_rxm://10.201.1.43:47665","progress_loop":{"progress_with_timeout":{"num":1881,"min":0.082509518,"max":0.108631849,"avg":0.104000499,"var":0.001793253,"sum":195.624938726},"progress_timeout_value_msec":{"num":1881,"min":100.000000000,"max":100.000000000,"avg":100.000000000,"var":0.000000000,"sum":188100.000000000},"progress_without_timeout":{"num":59063,"min":0.000000000,"max":0.003150940,"avg":0.000000189,"var":0.000009928,"sum":0.011166334},"trigger":{"num":2,"min":0.000003576,"max":0.000025749,"avg":0.000014663,"var":0.000000000,"sum":0.000029325}},"rpcs":{"65535:65535:3542155263:65535":{"rpc_id":3542155263,"provider_id":65535,"parent_rpc_id":65535,"parent_provider_id":65535,"name":"__shutdown__","target":{"received from ofi+verbs;ofi_rxm://10.201.1.42:35639":{"handler":{"duration":{"num":1,"min":0.000014305,"max":0.000014305,"avg":0.000014305,"var":0.000000000,"sum":0.000014305}},"ult":{"duration":{"num":1,"min":0.011893272,"max":0.011893272,"avg":0.011893272,"var":0.000000000,"sum":0.011893272},"relative_timestamp_from_handler_start":{"num":1,"min":0.009205341,"max":0.009205341,"avg":0.009205341,"var":0.000000000,"sum":0.009205341}},"irespond":{"duration":{"num":1,"min":0.003018618,"max":0.003018618,"avg":0.003018618,"var":0.000000000,"sum":0.003018618},"relative_timestamp_from_ult_start":{"num":1,"min":0.000001192,"max":0.000001192,"avg":0.000001192,"var":0.000000000,"sum":0.000001192}},"respond_cb":{"duration":{"num":1,"min":0.000001669,"max":0.000001669,"avg":0.000001669,"var":0.000000000,"sum":0.000001669},"relative_timestamp_from_irespond_start":{"num":1,"min":0.003031254,"max":0.003031254,"avg":0.003031254,"var":0.000000000,"sum":0.003031254}},"irespond_wait":{"duration":{"num":1,"min":0.008869648,"max":0.008869648,"avg":0.008869648,"var":0.000000000,"sum":0.008869648},"relative_timestamp_from_irespond_end":{"num":1,"min":0.000000238,"max":0.000000238,"avg":0.000000238,"var":0.000000000,"sum":0.000000238}},"set_output":{"duration":{"num":1,"min":0.000000238,"max":0.000000238,"avg":0.000000238,"var":0.000000000,"sum":0.000000238},"relative_timestamp_from_irespond_start":{"num":1,"min":0.000002861,"max":0.000002861,"avg":0.000002861,"var":0.000000000,"sum":0.000002861}},"get_input":{"duration":{"num":0,"min":0.000000000,"max":0.000000000,"avg":0.000000000,"var":0.000000000,"sum":0.000000000},"relative_timestamp_from_ult_start":{"num":0,"min":0.000000000,"max":0.000000000,"avg":0.000000000,"var":0.000000000,"sum":0.000000000}}}}}}}