{"address":"ofi+verbs;ofi_rxm://10.201.1.44:39661","progress_loop":{"progress_with_timeout":{"num":281,"min":0.000261068,"max":0.100153446,"avg":0.097044391,"var":0.063040927,"sum":27.269473791},"progress_timeout_value_msec":{"num":281,"min":100.000000000,"max":100.000000000,"avg":100.000000000,"var":0.000000000,"sum":28100.000000000},"progress_without_timeout":{"num":169321690,"min":0.000000000,"max":0.112003803,"avg":0.000000444,"var":2.076811260,"sum":75.192917824},"trigger":{"num":442,"min":0.000000238,"max":0.056255817,"avg":0.009071484,"var":0.025959913,"sum":4.009596109}},"rpcs":{"65535:65535:1471021055:1":{"rpc_id":1471021055,"provider_id":1,"parent_rpc_id":65535,"parent_provider_id":65535,"name":"sum","target":{"received from ofi+verbs;ofi_rxm://10.201.1.43:36744":{"handler":{"duration":{"num":32,"min":0.000002384,"max":0.056252480,"avg":0.010631055,"var":0.003499061,"sum":0.340193748}},"ult":{"duration":{"num":32,"min":1.052078247,"max":2.563998461,"avg":1.888294220,"var":6.307942928,"sum":60.425415039},"relative_timestamp_from_handler_start":{"num":32,"min":0.000005960,"max":0.067946911,"avg":0.009278193,"var":0.010487701,"sum":0.296902180}},"irespond":{"duration":{"num":32,"min":0.000002146,"max":0.032100201,"avg":0.002577692,"var":0.002114688,"sum":0.082486153},"relative_timestamp_from_ult_start":{"num":32,"min":1.010575056,"max":2.517354250,"avg":1.846117511,"var":6.388435069,"sum":59.075760365}},"respond_cb":{"duration":{"num":32,"min":0.000000954,"max":0.015992641,"avg":0.008273959,"var":0.000943057,"sum":0.264766693},"relative_timestamp_from_irespond_start":{"num":32,"min":0.000005722,"max":0.048234701,"avg":0.015585080,"var":0.006559231,"sum":0.498722553}},"irespond_wait":{"duration":{"num":32,"min":0.020276785,"max":0.086903572,"avg":0.039596714,"var":0.007644849,"sum":1.267094851},"relative_timestamp_from_irespond_end":{"num":32,"min":0.000000000,"max":0.000000477,"avg":0.000000186,"var":0.000000000,"sum":0.000005960}},"set_output":{"duration":{"num":32,"min":0.000000715,"max":0.000003576,"avg":0.000002407,"var":0.000000000,"sum":0.000077009},"relative_timestamp_from_irespond_start":{"num":32,"min":0.000000000,"max":0.000001192,"avg":0.000000544,"var":0.000000000,"sum":0.000017405}},"get_input":{"duration":{"num":32,"min":0.000000954,"max":0.000009298,"avg":0.000002332,"var":0.000000000,"sum":0.000074625},"relative_timestamp_from_ult_start":{"num":32,"min":0.000000477,"max":0.000021219,"avg":0.000002682,"var":0.000000000,"sum":0.000085831}}},"received from ofi+verbs;ofi_rxm://10.201.1.56:53644":{"handler":{"duration":{"num":29,"min":0.000003338,"max":0.039399862,"avg":0.008615576,"var":0.001892403,"sum":0.249851704}},"ult":{"duration":{"num":29,"min":1.050077438,"max":2.609469652,"avg":1.904927509,"var":5.095463888,"sum":55.242897749},"relative_timestamp_from_handler_start":{"num":29,"min":0.000006199,"max":0.043992281,"avg":0.005339705,"var":0.002524765,"sum":0.154851437}},"irespond":{"duration":{"num":29,"min":0.000002861,"max":0.035621405,"avg":0.003237486,"var":0.002361472,"sum":0.093887091},"relative_timestamp_from_ult_start":{"num":29,"min":1.019773960,"max":2.559508324,"avg":1.857079531,"var":5.073253195,"sum":53.855306387}},"respond_cb":{"duration":{"num":29,"min":0.000000954,"max":0.046892881,"avg":0.010241245,"var":0.002412728,"sum":0.296996117},"relative_timestamp_from_irespond_start":{"num":29,"min":0.000008821,"max":0.059666395,"avg":0.016549127,"var":0.009373358,"sum":0.479924679}},"irespond_wait":{"duration":{"num":29,"min":0.011865854,"max":0.122921228,"avg":0.044608313,"var":0.013305718,"sum":1.293641090},"relative_timestamp_from_irespond_end":{"num":29,"min":0.000000000,"max":0.000000715,"avg":0.000000206,"var":0.000000000,"sum":0.000005960}},"set_output":{"duration":{"num":29,"min":0.000000954,"max":0.000003815,"avg":0.000002532,"var":0.000000000,"sum":0.000073433},"relative_timestamp_from_irespond_start":{"num":29,"min":0.000000238,"max":0.000002384,"avg":0.000000691,"var":0.000000000,"sum":0.000020027}},"get_input":{"duration":{"num":29,"min":0.000000954,"max":0.000005484,"avg":0.000002006,"var":0.000000000,"sum":0.000058174},"relative_timestamp_from_ult_start":{"num":29,"min":0.000000954,"max":0.000005960,"avg":0.000002162,"var":0.000000000,"sum":0.000062704}}},"received from ofi+verbs;ofi_rxm://10.201.1.42:35639":{"handler":{"duration":{"num":23,"min":0.000004053,"max":0.026612759,"avg":0.007298656,"var":0.001276227,"sum":0.167869091}},"ult":{"duration":{"num":23,"min":1.128000498,"max":2.679997683,"avg":1.971380648,"var":4.501101397,"sum":45.341754913},"relative_timestamp_from_handler_start":{"num":23,"min":0.000007629,"max":0.043997526,"avg":0.007391173,"var":0.003129385,"sum":0.169996977}},"irespond":{"duration":{"num":23,"min":0.000003815,"max":0.053822517,"avg":0.002812769,"var":0.002830485,"sum":0.064693689},"relative_timestamp_from_ult_start":{"num":23,"min":1.061432600,"max":2.586729765,"avg":1.923869796,"var":4.406152701,"sum":44.249005318}},"respond_cb":{"duration":{"num":23,"min":0.000000477,"max":0.012471437,"avg":0.009671325,"var":0.000468074,"sum":0.222440481},"relative_timestamp_from_irespond_start":{"num":23,"min":0.000008106,"max":0.069269180,"avg":0.016693209,"var":0.006171182,"sum":0.383943796}},"irespond_wait":{"duration":{"num":23,"min":0.019828796,"max":0.093259096,"avg":0.044696196,"var":0.007152915,"sum":1.028012514},"relative_timestamp_from_irespond_end":{"num":23,"min":0.000000000,"max":0.000000477,"avg":0.000000218,"var":0.000000000,"sum":0.000005007}},"set_output":{"duration":{"num":23,"min":0.000001431,"max":0.000003815,"avg":0.000002602,"var":0.000000000,"sum":0.000059843},"relative_timestamp_from_irespond_start":{"num":23,"min":0.000000238,"max":0.000001192,"avg":0.000000632,"var":0.000000000,"sum":0.000014544}},"get_input":{"duration":{"num":23,"min":0.000001431,"max":0.000003576,"avg":0.000001980,"var":0.000000000,"sum":0.000045538},"relative_timestamp_from_ult_start":{"num":23,"min":0.000001192,"max":0.000004530,"avg":0.000002001,"var":0.000000000,"sum":0.000046015}}},"received from ofi+verbs;ofi_rxm://10.201.1.44:59955":{"handler":{"duration":{"num":30,"min":0.000004053,"max":0.014166355,"avg":0.007744185,"var":0.000754929,"sum":0.232325554}},"ult":{"duration":{"num":30,"min":1.088001013,"max":2.571985006,"avg":1.815557869,"var":6.006204139,"sum":54.466736078},"relative_timestamp_from_handler_start":{"num":30,"min":0.000007868,"max":0.047996521,"avg":0.004188840,"var":0.002728489,"sum":0.125665188}},"irespond":{"duration":{"num":30,"min":0.000003815,"max":0.041422129,"avg":0.003904970,"var":0.002865182,"sum":0.117149115},"relative_timestamp_from_ult_start":{"num":30,"min":0.998000145,"max":2.515324354,"avg":1.760814826,"var":6.086045482,"sum":52.824444771}},"respond_cb":{"duration":{"num":30,"min":0.000001192,"max":0.032907248,"avg":0.012968429,"var":0.003021009,"sum":0.389052868},"relative_timestamp_from_irespond_start":{"num":30,"min":0.000008345,"max":0.101424217,"avg":0.016272879,"var":0.017541558,"sum":0.488186359}},"irespond_wait":{"duration":{"num":30,"min":0.020541668,"max":0.095643520,"avg":0.050835959,"var":0.015889684,"sum":1.525078773},"relative_timestamp_from_irespond_end":{"num":30,"min":0.000000000,"max":0.000000477,"avg":0.000000199,"var":0.000000000,"sum":0.000005960}},"set_output":{"duration":{"num":30,"min":0.000001669,"max":0.000003815,"avg":0.000002607,"var":0.000000000,"sum":0.000078201},"relative_timestamp_from_irespond_start":{"num":30,"min":0.000000477,"max":0.000001192,"avg":0.000000644,"var":0.000000000,"sum":0.000019312}},"get_input":{"duration":{"num":30,"min":0.000001669,"max":0.000004530,"avg":0.000002297,"var":0.000000000,"sum":0.000068903},"relative_timestamp_from_ult_start":{"num":30,"min":0.000001431,"max":0.000004768,"avg":0.000002186,"var":0.000000000,"sum":0.000065565}}}}},"65535:65535:1161428991:1":{"rpc_id":1161428991,"provider_id":1,"parent_rpc_id":65535,"parent_provider_id":65535,"name":"prod",