{"address":"ofi+verbs;ofi_rxm://10.201.1.42:35747","progress_loop":{"progress_with_timeout":{"num":477,"min":0.003300190,"max":0.108680964,"avg":0.101632913,"var":0.066486301,"sum":48.478899717},"progress_timeout_value_msec":{"num":477,"min":100.000000000,"max":100.000000000,"avg":100.000000000,"var":0.000000000,"sum":47700.000000000},"progress_without_timeout":{"num":167134257,"min":0.000000000,"max":0.100005150,"avg":0.000000378,"var":1.430437748,"sum":63.240007162},"trigger":{"num":362,"min":0.000000477,"max":0.033787251,"avg":0.010655190,"var":0.017511298,"sum":3.857178688}},"rpcs":{"65535:65535:1471021055:0":{"rpc_id":1471021055,"provider_id":0,"parent_rpc_id":65535,"parent_provider_id":65535,"name":"sum","target":{"received from ofi+verbs;ofi_rxm://10.201.1.42:35639":{"handler":{"duration":{"num":27,"min":0.000003576,"max":0.014707804,"avg":0.009093585,"var":0.000714522,"sum":0.245526791}},"ult":{"duration":{"num":27,"min":1.060074329,"max":2.343986273,"avg":1.634688951,"var":4.598401519,"sum":44.136601686},"relative_timestamp_from_handler_start":{"num":27,"min":0.000007153,"max":0.012503386,"avg":0.002123568,"var":0.000507832,"sum":0.057336330}},"irespond":{"duration":{"num":27,"min":0.000003338,"max":0.029950380,"avg":0.002481461,"var":0.001460971,"sum":0.066999435},"relative_timestamp_from_ult_start":{"num":27,"min":1.017382860,"max":2.274814129,"avg":1.582526057,"var":4.680062819,"sum":42.728203535}},"respond_cb":{"duration":{"num":27,"min":0.000001431,"max":0.027992487,"avg":0.015890660,"var":0.001563878,"sum":0.429047823},"relative_timestamp_from_irespond_start":{"num":27,"min":0.000007153,"max":0.047394037,"avg":0.011388699,"var":0.003942118,"sum":0.307494879}},"irespond_wait":{"duration":{"num":27,"min":0.021398306,"max":0.079997063,"avg":0.049679270,"var":0.008210512,"sum":1.341340303},"relative_timestamp_from_irespond_end":{"num":27,"min":0.000000000,"max":0.000000715,"avg":0.000000150,"var":0.000000000,"sum":0.000004053}},"set_output":{"duration":{"num":27,"min":0.000001431,"max":0.000003815,"avg":0.000002384,"var":0.000000000,"sum":0.000064373},"relative_timestamp_from_irespond_start":{"num":27,"min":0.000000238,"max":0.000002623,"avg":0.000000689,"var":0.000000000,"sum":0.000018597}},"get_input":{"duration":{"num":27,"min":0.000001431,"max":0.000006914,"avg":0.000002525,"var":0.000000000,"sum":0.000068188},"relative_timestamp_from_ult_start":{"num":27,"min":0.000001431,"max":0.000019073,"avg":0.000003126,"var":0.000000000,"sum":0.000084400}}},"received from ofi+verbs;ofi_rxm://10.201.1.44:59955":{"handler":{"duration":{"num":20,"min":0.000005245,"max":0.029656649,"avg":0.010473204,"var":0.001252592,"sum":0.209464073}},"ult":{"duration":{"num":20,"min":1.047984123,"max":2.430473804,"avg":1.685569811,"var":3.850031042,"sum":33.711396217},"relative_timestamp_from_handler_start":{"num":20,"min":0.000006676,"max":0.050414801,"avg":0.005089915,"var":0.002862524,"sum":0.101798296}},"irespond":{"duration":{"num":20,"min":0.000004530,"max":0.022320271,"avg":0.002285266,"var":0.000670842,"sum":0.045705318},"relative_timestamp_from_ult_start":{"num":20,"min":1.015073538,"max":2.404894829,"avg":1.646497619,"var":3.884048243,"sum":32.929952383}},"respond_cb":{"duration":{"num":20,"min":0.000001192,"max":0.026247025,"avg":0.010143483,"var":0.001064135,"sum":0.202869654},"relative_timestamp_from_irespond_start":{"num":20,"min":0.000009060,"max":0.035871267,"avg":0.007875168,"var":0.002152931,"sum":0.157503366}},"irespond_wait":{"duration":{"num":20,"min":0.020943642,"max":0.075017214,"avg":0.036783969,"var":0.005300917,"sum":0.735679388},"relative_timestamp_from_irespond_end":{"num":20,"min":0.000000000,"max":0.000000477,"avg":0.000000191,"var":0.000000000,"sum":0.000003815}},"set_output":{"duration":{"num":20,"min":0.000000715,"max":0.000004292,"avg":0.000002801,"var":0.000000000,"sum":0.000056028},"relative_timestamp_from_irespond_start":{"num":20,"min":0.000000238,"max":0.000001431,"avg":0.000000751,"var":0.000000000,"sum":0.000015020}},"get_input":{"duration":{"num":20,"min":0.000000954,"max":0.000005484,"avg":0.000002277,"var":0.000000000,"sum":0.000045538},"relative_timestamp_from_ult_start":{"num":20,"min":0.000000715,"max":0.000007391,"avg":0.000002551,"var":0.000000000,"sum":0.000051022}}},"received from ofi+verbs;ofi_rxm://10.201.1.43:36744":{"handler":{"duration":{"num":18,"min":0.000002623,"max":0.024344206,"avg":0.009042952,"var":0.000728664,"sum":0.162773132}},"ult":{"duration":{"num":18,"min":1.051985741,"max":2.599997520,"avg":1.684837964,"var":4.060815717,"sum":30.327083349},"relative_timestamp_from_handler_start":{"num":18,"min":0.000007868,"max":0.047991753,"avg":0.006115622,"var":0.002686079,"sum":0.110081196}},"irespond":{"duration":{"num":18,"min":0.000002861,"max":0.037030697,"avg":0.002590471,"var":0.001340847,"sum":0.046628475},"relative_timestamp_from_ult_start":{"num":18,"min":1.015935659,"max":2.546254158,"avg":1.633447952,"var":4.143876234,"sum":29.402063131}},"respond_cb":{"duration":{"num":18,"min":0.000000238,"max":0.024050474,"avg":0.011026343,"var":0.000594588,"sum":0.198474169},"relative_timestamp_from_irespond_start":{"num":18,"min":0.000007868,"max":0.037036657,"avg":0.012362268,"var":0.002422385,"sum":0.222520828}},"irespond_wait":{"duration":{"num":18,"min":0.021510601,"max":0.108056545,"avg":0.048797700,"var":0.008235644,"sum":0.878358603},"relative_timestamp_from_irespond_end":{"num":18,"min":0.000000000,"max":0.000000238,"avg":0.000000132,"var":0.000000000,"sum":0.000002384}},"set_output":{"duration":{"num":18,"min":0.000000954,"max":0.000003815,"avg":0.000002570,"var":0.000000000,"sum":0.000046253},"relative_timestamp_from_irespond_start":{"num":18,"min":0.000000238,"max":0.000000954,"avg":0.000000636,"var":0.000000000,"sum":0.000011444}},"get_input":{"duration":{"num":18,"min":0.000000954,"max":0.000006199,"avg":0.000002318,"var":0.000000000,"sum":0.000041723},"relative_timestamp_from_ult_start":{"num":18,"min":0.000000954,"max":0.000006437,"avg":0.000002371,"var":0.000000000,"sum":0.000042677}}},"received from ofi+verbs;ofi_rxm://10.201.1.56:53644":{"handler":{"duration":{"num":21,"min":0.000003099,"max":0.033784866,"avg":0.010582549,"var":0.001218018,"sum":0.222233534}},"ult":{"duration":{"num":21,"min":1.064070702,"max":2.555831671,"avg":1.725653387,"var":4.651666660,"sum":36.238721132},"relative_timestamp_from_handler_start":{"num":21,"min":0.000007629,"max":0.021785498,"avg":0.002771048,"var":0.000684658,"sum":0.058192015}},"irespond":{"duration":{"num":21,"min":0.000003338,"max":0.084425926,"avg":0.006957009,"var":0.008041730,"sum":0.146097183},"relative_timestamp_from_ult_start":{"num":21,"min":1.022255421,"max":2.522293329,"avg":1.681426593,"var":4.713031033,"sum":35.309958458}},"respond_cb":{"duration":{"num":21,"min":0.000000715,"max":0.027561903,"avg":0.009629556,"var":0.001270649,"sum":0.202220678},"relative_timestamp_from_irespond_start":{"num":21,"min":0.000006676,"max":0.084430456,"avg":0.014413152,"var":0.008226303,"sum":0.302676201}},"irespond_wait":{"duration":{"num":21,"min":0.011998892,"max":0.069390535,"avg":0.037267991,"var":0.003997653,"sum":0.782627821},"relative_timestamp_from_irespond_end":{"num":21,"min":0.000000000,"max":0.000000477,"avg":0.000000170,"var":0.000000000,"sum":0.000003576}},"set_output":{"duration":{"num":21,"min":0.000001669,"max":0.000004053,"avg":0.000002464,"var":0.000000000,"sum":0.000051737},"relative_timestamp_from_irespond_start":{"num":21,"min":0.000000238,"max":0.000001192,"avg":0.000000715,"var":0.000000000,"sum":0.000015020}},"get_input":{"duration":{"num":21,"min":0.000000954,"max":0.000002861,"avg":0.000001964,"var":0.000000000,"sum":0.000041246},"relative_timestamp_from_ult_start":{"num":21,"min":0.000000715,"max":0.000003576,"avg":0.000001998,"var":0.000000000,"sum":0.000041962}}}}},"65535:65535:1161428991:0":{"rpc_id":1161428991,"provider_id":0,"parent_rpc_id":65535,"parent_provider_id":65535,"name":"prod",