{"address":"ofi+verbs;ofi_rxm://10.201.1.44:59955","progress_loop":{"progress_with_timeout":{"num":1848,"min":0.000362873,"max":0.185554266,"avg":0.097427827,"var":0.347386109,"sum":180.046625137},"progress_timeout_value_msec":{"num":1848,"min":100.000000000,"max":100.000000000,"avg":100.000000000,"var":0.000000000,"sum":184800.000000000},"progress_without_timeout":{"num":0,"min":0.000000000,"max":0.000000000,"avg":0.000000000,"var":0.000000000,"sum":0.000000000},"trigger":{"num":100,"min":0.000000715,"max":0.000003099,"avg":0.000001371,"var":0.000000000,"sum":0.000137091}},"rpcs":{"65535:65535:1471021055:0":{"rpc_id":1471021055,"provider_id":0,"parent_rpc_id":65535,"parent_provider_id":65535,"name":"sum","origin":{"sent to ofi+verbs;ofi_rxm://10.201.1.42:35747":{"iforward":{"duration":{"num":20,"min":0.000010729,"max":0.001929760,"avg":0.000110531,"var":0.000003484,"sum":0.002210617},"relative_timestamp_from_create":{"num":20,"min":0.000000715,"max":0.000003099,"avg":0.000001419,"var":0.000000000,"sum":0.000028372}},"forward_cb":{"duration":{"num":20,"min":0.000000477,"max":0.000001669,"avg":0.000000918,"var":0.000000000,"sum":0.000018358},"relative_timestamp_from_iforward_start":{"num":20,"min":1.015229225,"max":2.405006647,"avg":1.668773639,"var":4.025028187,"sum":33.375472784}},"iforward_wait":{"duration":{"num":20,"min":1.015218258,"max":2.405001402,"avg":1.668666470,"var":4.025382317,"sum":33.373329401},"relative_timestamp_from_iforward_end":{"num":20,"min":0.000000000,"max":0.000000477,"avg":0.000000262,"var":0.000000000,"sum":0.000005245}},"set_input":{"duration":{"num":20,"min":0.000002623,"max":0.000006437,"avg":0.000003684,"var":0.000000000,"sum":0.000073671},"relative_timestamp_from_iforward_start":{"num":20,"min":0.000005245,"max":0.000016451,"avg":0.000008237,"var":0.000000000,"sum":0.000164747}},"get_output":{"duration":{"num":0,"min":0.000000000,"max":0.000000000,"avg":0.000000000,"var":0.000000000,"sum":0.000000000},"relative_timestamp_from_wait_end":{"num":0,"min":0.000000000,"max":0.000000000,"avg":0.000000000,"var":0.000000000,"sum":0.000000000}}}}},"65535:65535:1161428991:1":{"rpc_id":1161428991,"provider_id":1,"parent_rpc_id":65535,"parent_provider_id":65535,"name":"prod","origin":{"sent to ofi+verbs;ofi_rxm://10.201.1.44:39661":{"iforward":{"duration":{"num":28,"min":0.000010490,"max":0.001618147,"avg":0.000070410,"var":0.000002484,"sum":0.001971483},"relative_timestamp_from_create":{"num":28,"min":0.000000715,"max":0.000002623,"avg":0.000001158,"var":0.000000000,"sum":0.000032425}},"forward_cb":{"duration":{"num":28,"min":0.000000477,"max":0.000001431,"avg":0.000000715,"var":0.000000000,"sum":0.000020027},"relative_timestamp_from_iforward_start":{"num":28,"min":1.043987751,"max":2.626522541,"avg":1.949431717,"var":6.844488384,"sum":54.584088087}},"iforward_wait":{"duration":{"num":28,"min":1.043977022,"max":2.626511097,"avg":1.949364015,"var":6.842592716,"sum":54.582192421},"relative_timestamp_from_iforward_end":{"num":28,"min":0.000000000,"max":0.000000477,"avg":0.000000179,"var":0.000000000,"sum":0.000005007}},"set_input":{"duration":{"num":28,"min":0.000002384,"max":0.000006199,"avg":0.000003278,"var":0.000000000,"sum":0.000091791},"relative_timestamp_from_iforward_start":{"num":28,"min":0.000005245,"max":0.000016212,"avg":0.000007357,"var":0.000000000,"sum":0.000205994}},"get_output":{"duration":{"num":0,"min":0.000000000,"max":0.000000000,"avg":0.000000000,"var":0.000000000,"sum":0.000000000},"relative_timestamp_from_wait_end":{"num":0,"min":0.000000000,"max":0.000000000,"avg":0.000000000,"var":0.000000000,"sum":0.000000000}}}}},"65535:65535:1471021055:1":{"rpc_id":1471021055,"provider_id":1,"parent_rpc_id":65535,"parent_provider_id":65535,"name":"sum","origin":{"sent to ofi+verbs;ofi_rxm://10.201.1.44:39661":{"iforward":{"duration":{"num":30,"min":0.000009775,"max":0.000029087,"avg":0.000014242,"var":0.000000000,"sum":0.000427246},"relative_timestamp_from_create":{"num":30,"min":0.000000715,"max":0.000002146,"avg":0.000001184,"var":0.000000000,"sum":0.000035524}},"forward_cb":{"duration":{"num":30,"min":0.000000477,"max":0.000001192,"avg":0.000000747,"var":0.000000000,"sum":0.000022411},"relative_timestamp_from_iforward_start":{"num":30,"min":1.020423889,"max":2.527154922,"avg":1.785376676,"var":6.130891115,"sum":53.561300278}},"iforward_wait":{"duration":{"num":30,"min":1.020402193,"max":2.527147532,"avg":1.785365065,"var":6.130932106,"sum":53.560951948},"relative_timestamp_from_iforward_end":{"num":30,"min":0.000000000,"max":0.000000238,"avg":0.000000191,"var":0.000000000,"sum":0.000005722}},"set_input":{"duration":{"num":30,"min":0.000002384,"max":0.000007868,"avg":0.000003298,"var":0.000000000,"sum":0.000098944},"relative_timestamp_from_iforward_start":{"num":30,"min":0.000005245,"max":0.000016212,"avg":0.000007772,"var":0.000000000,"sum":0.000233173}},"get_output":{"duration":{"num":0,"min":0.000000000,"max":0.000000000,"avg":0.000000000,"var":0.000000000,"sum":0.000000000},"relative_timestamp_from_wait_end":{"num":0,"min":0.000000000,"max":0.000000000,"avg":0.000000000,"var":0.000000000,"sum":0.000000000}}}}},"65535:65535:1161428991:0":{"rpc_id":1161428991,"provider_id":0,"parent_rpc_id":65535,"parent_provider_id":65535,"name":"prod","origin":{"sent to ofi+verbs;ofi_rxm://10.201.1.42:35747":{"iforward":{"duration":{"num":22,"min":0.000010967,"max":0.000026941,"avg":0.000014674,"var":0.000000000,"sum":0.000322819},"relative_timestamp_from_create":{"num":22,"min":0.000000715,"max":0.000002146,"avg":0.000001290,"var":0.000000000,"sum":0.000028372}},"forward_cb":{"duration":{"num":22,"min":0.000000477,"max":0.000001669,"avg":0.000000921,"var":0.000000000,"sum":0.000020266},"relative_timestamp_from_iforward_start":{"num":22,"min":1.048691273,"max":2.518525362,"avg":1.746897470,"var":4.661122088,"sum":38.431744337}},"iforward_wait":{"duration":{"num":22,"min":1.048683643,"max":2.518518209,"avg":1.746886438,"var":4.661114644,"sum":38.431501627},"relative_timestamp_from_iforward_end":{"num":22,"min":0.000000000,"max":0.000000238,"avg":0.000000163,"var":0.000000000,"sum":0.000003576}},"set_input":{"duration":{"num":22,"min":0.000002384,"max":0.000005484,"avg":0.000003490,"var":0.000000000,"sum":0.000076771},"relative_timestamp_from_iforward_start":{"num":22,"min":0.000005245,"max":0.000015736,"avg":0.000008150,"var":0.000000000,"sum":0.000179291}},"get_output":{"duration":{"num":0,"min":0.000000000,"max":0.000000000,"avg":0.000000000,"var":0.000000000,"sum":0.000000000},"relative_timestamp_from_wait_end":{"num":0,"min":0.000000000,"max":0.000000000,"avg":0.000000000,"var":0.000000000,"sum":0.000000000}}}}}}}