{"address":"ofi+verbs;ofi_rxm://10.201.1.42:35639","progress_loop":{"progress_with_timeout":{"num":1806,"min":0.000421762,"max":0.115691423,"avg":0.101191818,"var":0.357211446,"sum":182.752422810},"progress_timeout_value_msec":{"num":1806,"min":100.000000000,"max":100.000000000,"avg":100.000000000,"var":0.000000000,"sum":180600.000000000},"progress_without_timeout":{"num":0,"min":0.000000000,"max":0.000000000,"avg":0.000000000,"var":0.000000000,"sum":0.000000000},"trigger":{"num":104,"min":0.000000477,"max":0.000005007,"avg":0.000001483,"var":0.000000000,"sum":0.000154257}},"rpcs":{"65535:65535:1471021055:0":{"rpc_id":1471021055,"provider_id":0,"parent_rpc_id":65535,"parent_provider_id":65535,"name":"sum","origin":{"sent to ofi+verbs;ofi_rxm://10.201.1.42:35747":{"iforward":{"duration":{"num":27,"min":0.000010252,"max":0.001628399,"avg":0.000073857,"var":0.000002510,"sum":0.001994133},"relative_timestamp_from_create":{"num":27,"min":0.000000715,"max":0.000003338,"avg":0.000001351,"var":0.000000000,"sum":0.000036478}},"forward_cb":{"duration":{"num":27,"min":0.000000477,"max":0.000002146,"avg":0.000000742,"var":0.000000000,"sum":0.000020027},"relative_timestamp_from_iforward_start":{"num":27,"min":1.033562899,"max":2.285222769,"avg":1.604617975,"var":4.652339440,"sum":43.324685335}},"iforward_wait":{"duration":{"num":27,"min":1.033536673,"max":2.285213947,"avg":1.604546847,"var":4.652464807,"sum":43.322764874},"relative_timestamp_from_iforward_end":{"num":27,"min":0.000000000,"max":0.000000477,"avg":0.000000185,"var":0.000000000,"sum":0.000005007}},"set_input":{"duration":{"num":27,"min":0.000002384,"max":0.000006437,"avg":0.000003400,"var":0.000000000,"sum":0.000091791},"relative_timestamp_from_iforward_start":{"num":27,"min":0.000005007,"max":0.000016928,"avg":0.000007727,"var":0.000000000,"sum":0.000208616}},"get_output":{"duration":{"num":0,"min":0.000000000,"max":0.000000000,"avg":0.000000000,"var":0.000000000,"sum":0.000000000},"relative_timestamp_from_wait_end":{"num":0,"min":0.000000000,"max":0.000000000,"avg":0.000000000,"var":0.000000000,"sum":0.000000000}}}}},"65535:65535:1161428991:0":{"rpc_id":1161428991,"provider_id":0,"parent_rpc_id":65535,"parent_provider_id":65535,"name":"prod","origin":{"sent to ofi+verbs;ofi_rxm://10.201.1.42:35747":{"iforward":{"duration":{"num":25,"min":0.000009775,"max":0.000030518,"avg":0.000014544,"var":0.000000001,"sum":0.000363588},"relative_timestamp_from_create":{"num":25,"min":0.000000715,"max":0.000002861,"avg":0.000001173,"var":0.000000000,"sum":0.000029325}},"forward_cb":{"duration":{"num":25,"min":0.000000477,"max":0.000001192,"avg":0.000000648,"var":0.000000000,"sum":0.000016212},"relative_timestamp_from_iforward_start":{"num":25,"min":1.028641224,"max":2.613569975,"avg":1.752200165,"var":7.341555139,"sum":43.805004120}},"iforward_wait":{"duration":{"num":25,"min":1.028615236,"max":2.613559723,"avg":1.752188148,"var":7.341616890,"sum":43.804703712},"relative_timestamp_from_iforward_end":{"num":25,"min":0.000000000,"max":0.000000477,"avg":0.000000191,"var":0.000000000,"sum":0.000004768}},"set_input":{"duration":{"num":25,"min":0.000002623,"max":0.000006199,"avg":0.000003319,"var":0.000000000,"sum":0.000082970},"relative_timestamp_from_iforward_start":{"num":25,"min":0.000005245,"max":0.000017881,"avg":0.000007896,"var":0.000000000,"sum":0.000197411}},"get_output":{"duration":{"num":0,"min":0.000000000,"max":0.000000000,"avg":0.000000000,"var":0.000000000,"sum":0.000000000},"relative_timestamp_from_wait_end":{"num":0,"min":0.000000000,"max":0.000000000,"avg":0.000000000,"var":0.000000000,"sum":0.000000000}}}}},"65535:65535:1471021055:1":{"rpc_id":1471021055,"provider_id":1,"parent_rpc_id":65535,"parent_provider_id":65535,"name":"sum","origin":{"sent to ofi+verbs;ofi_rxm://10.201.1.44:39661":{"iforward":{"duration":{"num":23,"min":0.000010967,"max":0.013211727,"avg":0.000589640,"var":0.000166559,"sum":0.013561726},"relative_timestamp_from_create":{"num":23,"min":0.000000715,"max":0.000002384,"avg":0.000001254,"var":0.000000000,"sum":0.000028849}},"forward_cb":{"duration":{"num":23,"min":0.000000477,"max":0.000002146,"avg":0.000000964,"var":0.000000000,"sum":0.000022173},"relative_timestamp_from_iforward_start":{"num":23,"min":1.076447725,"max":2.642398119,"avg":1.953257353,"var":4.625357020,"sum":44.924919128}},"iforward_wait":{"duration":{"num":23,"min":1.076435328,"max":2.642375708,"avg":1.952671051,"var":4.614873893,"sum":44.911434174},"relative_timestamp_from_iforward_end":{"num":23,"min":0.000000000,"max":0.000000238,"avg":0.000000187,"var":0.000000000,"sum":0.000004292}},"set_input":{"duration":{"num":23,"min":0.000002384,"max":0.000005722,"avg":0.000003514,"var":0.000000000,"sum":0.000080824},"relative_timestamp_from_iforward_start":{"num":23,"min":0.000005484,"max":0.000018835,"avg":0.000008967,"var":0.000000000,"sum":0.000206232}},"get_output":{"duration":{"num":0,"min":0.000000000,"max":0.000000000,"avg":0.000000000,"var":0.000000000,"sum":0.000000000},"relative_timestamp_from_wait_end":{"num":0,"min":0.000000000,"max":0.000000000,"avg":0.000000000,"var":0.000000000,"sum":0.000000000}}}}},"65535:65535:1161428991:1":{"rpc_id":1161428991,"provider_id":1,"parent_rpc_id":65535,"parent_provider_id":65535,"name":"prod","origin":{"sent to ofi+verbs;ofi_rxm://10.201.1.44:39661":{"iforward":{"duration":{"num":25,"min":0.000010490,"max":0.000029325,"avg":0.000013905,"var":0.000000000,"sum":0.000347614},"relative_timestamp_from_create":{"num":25,"min":0.000000715,"max":0.000002623,"avg":0.000001211,"var":0.000000000,"sum":0.000030279}},"forward_cb":{"duration":{"num":25,"min":0.000000477,"max":0.000001907,"avg":0.000000992,"var":0.000000000,"sum":0.000024796},"relative_timestamp_from_iforward_start":{"num":25,"min":1.104620934,"max":2.599549532,"avg":2.022349997,"var":4.068221328,"sum":50.558749914}},"iforward_wait":{"duration":{"num":25,"min":1.104608297,"max":2.599537849,"avg":2.022339773,"var":4.068240241,"sum":50.558494329},"relative_timestamp_from_iforward_end":{"num":25,"min":0.000000000,"max":0.000000477,"avg":0.000000219,"var":0.000000000,"sum":0.000005484}},"set_input":{"duration":{"num":25,"min":0.000002384,"max":0.000006199,"avg":0.000003290,"var":0.000000000,"sum":0.000082254},"relative_timestamp_from_iforward_start":{"num":25,"min":0.000004530,"max":0.000016689,"avg":0.000007305,"var":0.000000000,"sum":0.000182629}},"get_output":{"duration":{"num":0,"min":0.000000000,"max":0.000000000,"avg":0.000000000,"var":0.000000000,"sum":0.000000000},"relative_timestamp_from_wait_end":{"num":0,"min":0.000000000,"max":0.000000000,"avg":0.000000000,"var":0.000000000,"sum":0.000000000}}}}},"65535:65535:3542155263:65535":{"rpc_id":3542155263,"provider_id":65535,"parent_rpc_id":65535,"parent_provider_id":65535,"name":"__shutdown__","origin":{"sent to ofi+verbs;ofi_rxm://10.201.1.42:35747":{"iforward":{"duration":{"num":1,"min":0.000013351,"max":0.000013351,"avg":0.000013351,"var":0.000000000,"sum":0.000013351},"relative_timestamp_from_create":{"num":1,"min":0.000001431,"max":0.000001431,"avg":0.000001431,"var":0.000000000,"sum":0.000001431}},"forward_cb":{"duration":{"num":1,"min":0.000000477,"max":0.000000477,"avg":0.000000477,"var":0.000000000,"sum":0.000000477},"relative_timestamp_from_iforward_start":{"num":1,"min":0.020734787,"max":0.020734787,"avg":0.020734787,"var":0.000000000,"sum":0.020734787}},"iforward_wait":{"duration":{"num":1,"min":0.020723104,"max":0.020723104,"avg":0.020723104,"var":0.000000000,"sum":0.020723104},"relative_timestamp_from_iforward_end":{"num":1,"min":0.000000000,"max":0.000000000,"avg":0.000000000,"var":0.000000000,"sum":0.000000000}},"set_input":{"duration":{"num":0,"min":0.000000000,"max":0.000000000,"avg":0.000000000,"var":0.000000000,"sum":0.000000000},"relative_timestamp_from_iforward_start":{"num":0,"min":0.000000000,"max":0.000000000,"avg":0.000000000,"var":0.000000000,"sum":0.000000000}},"get_output":{"duration":{"num":1,"min":0.000007153,"max":0.000007153,