{"address":"ofi+verbs;ofi_rxm://10.201.1.56:46074","progress_loop":{"progress_with_timeout":{"num":1955,"min":0.051887274,"max":0.104234934,"avg":0.100121004,"var":0.002478482,"sum":195.736562967},"progress_timeout_value_msec":{"num":1955,"min":100.000000000,"max":100.000000000,"avg":100.000000000,"var":0.000000000,"sum":195500.000000000},"progress_without_timeout":{"num":44487,"min":0.000000000,"max":0.002806425,"avg":0.000000199,"var":0.000007876,"sum":0.008848190},"trigger":{"num":2,"min":0.000004053,"max":0.000026226,"avg":0.000015140,"var":0.000000000,"sum":0.000030279}},"rpcs":{"65535:65535:3542155263:65535":{"rpc_id":3542155263,"provider_id":65535,"parent_rpc_id":65535,"parent_provider_id":65535,"name":"__shutdown__","target":{"received from ofi+verbs;ofi_rxm://10.201.1.42:35639":{"handler":{"duration":{"num":1,"min":0.000014782,"max":0.000014782,"avg":0.000014782,"var":0.000000000,"sum":0.000014782}},"ult":{"duration":{"num":1,"min":0.015895605,"max":0.015895605,"avg":0.015895605,"var":0.000000000,"sum":0.015895605},"relative_timestamp_from_handler_start":{"num":1,"min":0.002655268,"max":0.002655268,"avg":0.002655268,"var":0.000000000,"sum":0.002655268}},"irespond":{"duration":{"num":1,"min":0.004898548,"max":0.004898548,"avg":0.004898548,"var":0.000000000,"sum":0.004898548},"relative_timestamp_from_ult_start":{"num":1,"min":0.000001192,"max":0.000001192,"avg":0.000001192,"var":0.000000000,"sum":0.000001192}},"respond_cb":{"duration":{"num":1,"min":0.000001907,"max":0.000001907,"avg":0.000001907,"var":0.000000000,"sum":0.000001907},"relative_timestamp_from_irespond_start":{"num":1,"min":0.004913568,"max":0.004913568,"avg":0.004913568,"var":0.000000000,"sum":0.004913568}},"irespond_wait":{"duration":{"num":1,"min":0.010991096,"max":0.010991096,"avg":0.010991096,"var":0.000000000,"sum":0.010991096},"relative_timestamp_from_irespond_end":{"num":1,"min":0.000000715,"max":0.000000715,"avg":0.000000715,"var":0.000000000,"sum":0.000000715}},"set_output":{"duration":{"num":1,"min":0.000000238,"max":0.000000238,"avg":0.000000238,"var":0.000000000,"sum":0.000000238},"relative_timestamp_from_irespond_start":{"num":1,"min":0.000003099,"max":0.000003099,"avg":0.000003099,"var":0.000000000,"sum":0.000003099}},"get_input":{"duration":{"num":0,"min":0.000000000,"max":0.000000000,"avg":0.000000000,"var":0.000000000,"sum":0.000000000},"relative_timestamp_from_ult_start":{"num":0,"min":0.000000000,"max":0.000000000,"avg":0.000000000,"var":0.000000000,"sum":0.000000000}}}}}}}