{"address":"ofi+verbs;ofi_rxm://10.201.0.71:51980","progress_loop":{"progress_with_timeout":{"num":790,"min":0.000019312,"max":0.104244709,"avg":0.096035759,"var":0.308856307,"sum":75.868249893},"progress_timeout_value_msec":{"num":790,"min":100.000000000,"max":100.000000000,"avg":100.000000000,"var":0.000000000,"sum":79000.000000000},"progress_without_timeout":{"num":148,"min":0.000000238,"max":0.000253439,"avg":0.000012311,"var":0.000000113,"sum":0.001821995},"trigger":{"num":352,"min":0.000000238,"max":0.000594854,"avg":0.000009839,"var":0.000000367,"sum":0.003463268}},"rpcs":{"65535:65535:1471021055:1":{"rpc_id":1471021055,"provider_id":1,"parent_rpc_id":65535,"parent_provider_id":65535,"name":"sum","target":{"received from ofi+verbs;ofi_rxm://10.201.1.56:43632":{"handler":{"duration":{"num":24,"min":0.000002384,"max":0.000016451,"avg":0.000009745,"var":0.000000000,"sum":0.000233889}},"ult":{"duration":{"num":24,"min":1.000103712,"max":4.000544310,"avg":2.208788822,"var":19.954780912,"sum":53.010931730},"relative_timestamp_from_handler_start":{"num":24,"min":0.000011206,"max":2.000239372,"avg":0.375057807,"var":9.627139628,"sum":9.001387358}},"irespond":{"duration":{"num":24,"min":0.000009775,"max":0.003808022,"avg":0.000173281,"var":0.000013786,"sum":0.004158735},"relative_timestamp_from_ult_start":{"num":24,"min":1.000076294,"max":1.000103235,"avg":1.000094752,"var":0.000000001,"sum":24.002274036}},"respond_cb":{"duration":{"num":24,"min":0.000000238,"max":0.000001192,"avg":0.000000447,"var":0.000000000,"sum":0.000010729},"relative_timestamp_from_irespond_start":{"num":24,"min":0.000015736,"max":1.000201225,"avg":0.166897227,"var":3.332974889,"sum":4.005533457}},"irespond_wait":{"duration":{"num":24,"min":0.000007153,"max":3.000426531,"avg":1.208516667,"var":19.963865606,"sum":29.004400015},"relative_timestamp_from_irespond_end":{"num":24,"min":0.000000000,"max":0.000001192,"avg":0.000000298,"var":0.000000000,"sum":0.000007153}},"set_output":{"duration":{"num":24,"min":0.000003815,"max":0.000007629,"avg":0.000006258,"var":0.000000000,"sum":0.000150204},"relative_timestamp_from_irespond_start":{"num":24,"min":0.000001192,"max":0.000004530,"avg":0.000002235,"var":0.000000000,"sum":0.000053644}},"get_input":{"duration":{"num":24,"min":0.000002384,"max":0.000006437,"avg":0.000004361,"var":0.000000000,"sum":0.000104666},"relative_timestamp_from_ult_start":{"num":24,"min":0.000001669,"max":0.000006199,"avg":0.000003884,"var":0.000000000,"sum":0.000093222}}},"received from ofi+verbs;ofi_rxm://10.201.0.71:44291":{"handler":{"duration":{"num":23,"min":0.000002384,"max":0.000017643,"avg":0.000010003,"var":0.000000000,"sum":0.000230074}},"ult":{"duration":{"num":23,"min":1.000128508,"max":4.000550747,"avg":1.956790416,"var":18.961669984,"sum":45.006179571},"relative_timestamp_from_handler_start":{"num":23,"min":0.000012875,"max":2.000245571,"avg":0.260915331,"var":6.436263398,"sum":6.001052618}},"irespond":{"duration":{"num":23,"min":0.000013590,"max":0.000017405,"avg":0.000015539,"var":0.000000000,"sum":0.000357389},"relative_timestamp_from_ult_start":{"num":23,"min":1.000092745,"max":1.000105381,"avg":1.000099099,"var":0.000000000,"sum":23.002279282}},"respond_cb":{"duration":{"num":23,"min":0.000000238,"max":0.000000954,"avg":0.000000456,"var":0.000000000,"sum":0.000010490},"relative_timestamp_from_irespond_start":{"num":23,"min":0.000024080,"max":1.000172853,"avg":0.130500597,"var":2.609264495,"sum":3.001513720}},"irespond_wait":{"duration":{"num":23,"min":0.000010729,"max":3.000435352,"avg":0.956672534,"var":18.961706975,"sum":22.003468275},"relative_timestamp_from_irespond_end":{"num":23,"min":0.000000238,"max":0.000000477,"avg":0.000000290,"var":0.000000000,"sum":0.000006676}},"set_output":{"duration":{"num":23,"min":0.000005722,"max":0.000007629,"avg":0.000006603,"var":0.000000000,"sum":0.000151873},"relative_timestamp_from_irespond_start":{"num":23,"min":0.000001669,"max":0.000002623,"avg":0.000002094,"var":0.000000000,"sum":0.000048161}},"get_input":{"duration":{"num":23,"min":0.000003815,"max":0.000005722,"avg":0.000004447,"var":0.000000000,"sum":0.000102282},"relative_timestamp_from_ult_start":{"num":23,"min":0.000002623,"max":0.000005960,"avg":0.000003670,"var":0.000000000,"sum":0.000084400}}},"received from ofi+verbs;ofi_rxm://10.201.0.69:39729":{"handler":{"duration":{"num":22,"min":0.000003099,"max":0.000019073,"avg":0.000012333,"var":0.000000000,"sum":0.000271320}},"ult":{"duration":{"num":22,"min":1.000126362,"max":3.000398636,"avg":1.727504893,"var":8.365847435,"sum":38.005107641},"relative_timestamp_from_handler_start":{"num":22,"min":0.000011206,"max":1.000137568,"avg":0.136395303,"var":2.591459651,"sum":3.000696659}},"irespond":{"duration":{"num":22,"min":0.000013351,"max":0.000017166,"avg":0.000015270,"var":0.000000000,"sum":0.000335932},"relative_timestamp_from_ult_start":{"num":22,"min":1.000082016,"max":1.000105619,"avg":1.000097893,"var":0.000000000,"sum":22.002153635}},"respond_cb":{"duration":{"num":22,"min":0.000000238,"max":0.000001192,"avg":0.000000564,"var":0.000000000,"sum":0.000012398},"relative_timestamp_from_irespond_start":{"num":22,"min":0.000026703,"max":1.000175953,"avg":0.181883866,"var":3.273535564,"sum":4.001445055}},"irespond_wait":{"duration":{"num":22,"min":0.000013113,"max":2.000279903,"avg":0.727388447,"var":8.365824326,"sum":16.002545834},"relative_timestamp_from_irespond_end":{"num":22,"min":0.000000238,"max":0.000000477,"avg":0.000000293,"var":0.000000000,"sum":0.000006437}},"set_output":{"duration":{"num":22,"min":0.000005960,"max":0.000007391,"avg":0.000006448,"var":0.000000000,"sum":0.000141859},"relative_timestamp_from_irespond_start":{"num":22,"min":0.000001669,"max":0.000002861,"avg":0.000002265,"var":0.000000000,"sum":0.000049829}},"get_input":{"duration":{"num":22,"min":0.000002623,"max":0.000006676,"avg":0.000004693,"var":0.000000000,"sum":0.000103235},"relative_timestamp_from_ult_start":{"num":22,"min":0.000001907,"max":0.000006437,"avg":0.000004172,"var":0.000000000,"sum":0.000091791}}},"received from ofi+verbs;ofi_rxm://10.201.1.48:33521":{"handler":{"duration":{"num":22,"min":0.000003338,"max":0.000020266,"avg":0.000012495,"var":0.000000000,"sum":0.000274897}},"ult":{"duration":{"num":22,"min":1.000113487,"max":4.000547886,"avg":2.091187228,"var":21.824195545,"sum":46.006119013},"relative_timestamp_from_handler_start":{"num":22,"min":0.000011444,"max":1.000121593,"avg":0.136395812,"var":2.591439426,"sum":3.000707865}},"irespond":{"duration":{"num":22,"min":0.000013113,"max":0.000019073,"avg":0.000014804,"var":0.000000000,"sum":0.000325680},"relative_timestamp_from_ult_start":{"num":22,"min":1.000072718,"max":1.000104427,"avg":1.000095335,"var":0.000000001,"sum":22.002097368}},"respond_cb":{"duration":{"num":22,"min":0.000000238,"max":0.000000715,"avg":0.000000488,"var":0.000000000,"sum":0.000010729},"relative_timestamp_from_irespond_start":{"num":22,"min":0.000023127,"max":1.000207663,"avg":0.272808357,"var":4.364823039,"sum":6.001783848}},"irespond_wait":{"duration":{"num":22,"min":0.000010729,"max":3.000420094,"avg":1.091073621,"var":21.824057243,"sum":24.003619671},"relative_timestamp_from_irespond_end":{"num":22,"min":0.000000238,"max":0.000000477,"avg":0.000000260,"var":0.000000000,"sum":0.000005722}},"set_output":{"duration":{"num":22,"min":0.000005722,"max":0.000007629,"avg":0.000006329,"var":0.000000000,"sum":0.000139236},"relative_timestamp_from_irespond_start":{"num":22,"min":0.000001431,"max":0.000002861,"avg":0.000002027,"var":0.000000000,"sum":0.000044584}},"get_input":{"duration":{"num":22,"min":0.000003815,"max":0.000007391,"avg":0.000004389,"var":0.000000000,"sum":0.000096560},"relative_timestamp_from_ult_start":{"num":22,"min":0.000002623,"max":0.000007153,"avg":0.000003609,"var":0.000000000,"sum":0.000079393}}}}},"65535:65535:1161428991:1":{"rpc_id":1161428991,"provider_id":1,"parent_rpc_id":65535,"parent_provider_id":65535,"name":"prod",