{"address":"ofi+verbs;ofi_rxm://10.201.0.69:58442","rpcs":{"__shutdown__:65535":{"timestamps":[1692819046.115050077],"count":[1],"bulk_size":[0]}},"pools":{"__primary__":{"timestamps":[1692818795.306940556,1692818796.316515923,1692818797.317804575,1692818798.319187164,1692818799.328738213,1692818800.334190607,1692818801.335592985,1692818802.336970568,1692818803.338389158,1692818804.339765072,1692818805.345129967,1692818806.346534967,1692818807.347989798,1692818808.353473186,1692818809.354862928,1692818810.356234312,1692818811.361695528,1692818812.363085508,1692818813.364483356,1692818814.373900652,1692818815.375313759,1692818816.376749992,1692818817.378191471,1692818818.379529715,1692818819.389123440,1692818820.390550613,1692818821.391972065,1692818822.397472620,1692818823.398888588,1692818824.400330782,1692818825.401743650,1692818826.403225660,1692818827.408725977,1692818828.410149336,1692818829.411564589,1692818830.412960768,1692818831.414399385,1692818832.415818453,1692818833.417220831,1692818834.418655157,1692818835.420101881,1692818836.425630093,1692818837.427076101,1692818838.428482294,1692818839.429915428,1692818840.431319237,1692818841.436794996,1692818842.442293406,1692818843.443705320,1692818844.457279921,1692818845.458685160,1692818846.460076094,1692818847.465431929,1692818848.466871500,1692818849.468211651,1692818850.473714590,1692818851.475145340,1692818852.476566792,1692818853.477988005,1692818854.479474068,1692818855.480915546,1692818856.482348204,1692818857.483798027,1692818858.485219717,1692818859.486690044,1692818860.488105774,1692818861.497715712,1692818862.499154568,1692818863.500576258,1692818864.510174513,1692818865.511592150,1692818866.521203756,1692818867.522630215,1692818868.524049759,1692818869.533637762,1692818870.535022736,1692818871.544621229,1692818872.546020985,1692818873.547480583,1692818874.548896313,1692818875.550296068,1692818876.551694155,1692818877.553089142,1692818878.554483891,1692818879.555921316,1692818880.565491438,1692818881.566885948,1692818882.568299294,1692818883.569694042,1692818884.571097851,1692818885.572484732,1692818886.573841095,1692818887.575248003,1692818888.580776930,1692818889.582207441,1692818890.583649158,1692818891.589165449,1692818892.590613842,1692818893.592056990,1692818894.593472242,1692818895.594927073,1692818896.596351385,1692818897.597761631,1692818898.599193573,1692818899.600621939,1692818900.606123447,1692818901.607577801,1692818902.608992577,1692818903.610423565,1692818904.611831427,1692818905.621419191,1692818906.622851372,1692818907.624269485,1692818908.629708529,1692818909.631146431,1692818910.636631250,1692818911.642108679,1692818912.643571138,1692818913.644987106,1692818914.646414042,1692818915.647838831,1692818916.653321266,1692818917.654750109,1692818918.656160831,1692818919.657632589,1692818920.659040451,1692818921.660433769,1692818922.661829472,1692818923.663264513,1692818924.664673328,1692818925.666049957,1692818926.667453289,1692818927.668844700,1692818928.670253515,1692818929.671675920,1692818930.677167892,1692818931.678552866,1692818932.679827452,1692818933.681225300,1692818934.682504416,1692818935.683943272,1692818936.689415932,1692818937.690883875,1692818938.692305326,1692818939.693741083,1692818940.695167542,1692818941.696595669,1692818942.698018789,1692818943.699449062,1692818944.700870991,1692818945.702299118,1692818946.703788519,1692818947.709292889,1692818948.710728168,1692818949.712152719,1692818950.713574409,1692818951.714999914,1692818952.716413498,1692818953.717827082,1692818954.719273090,1692818955.720722675,1692818956.722135067,1692818957.723580122,1692818958.724985123,1692818959.726409912,1692818960.727811813,1692818961.733326197,1692818962.734744787,1692818963.736179829,1692818964.741677761,1692818965.743111134,1692818966.744528055,1692818967.745938301,1692818968.747378111,1692818969.748785734,1692818970.754266977,1692818971.755666971,1692818972.757061720,1692818973.758488655,1692818974.759950399,1692818975.761339903,1692818976.762781858,1692818977.764168978,1692818978.765568495,1692818979.766980171,1692818980.768371820,1692818981.773858070,1692818982.775301456,1692818983.776727438,1692818984.782223463,1692818985.783627272,1692818986.784982920,1692818987.786382437,1692818988.787787437,1692818989.793262959,1692818990.794577360,1692818991.796014547,1692818992.797438383,1692818993.798908710,1692818994.800329924,1692818995.801687241,1692818996.803122520,1692818997.804551840,1692818998.806019306,1692818999.807466030,1692819000.808904886,1692819001.814431667,1692819002.815902233,1692819003.817324638,1692819004.818756104,1692819005.820178986,1692819006.821665287,1692819007.823039532,1692819008.824468613,1692819009.825885296,1692819010.827347279,1692819011.828781605,1692819012.830138206,1692819013.831589460,1692819014.833004236,1692819015.834427834,1692819016.835842848,1692819017.837263107,1692819018.838716984,1692819019.840151548,1692819020.841572285,1692819021.843010664,1692819022.844401360,1692819023.845825434,1692819024.847229242,1692819025.848636389,1692819026.850047588,1692819027.851490736,1692819028.852901220,1692819029.854316473,1692819030.855726242,1692819031.857126713,1692819032.858543873,1692819033.859960794,1692819034.861099482,1692819035.862084389,1692819036.863131285,1692819037.864177227,1692819038.865218163,1692819039.866272926,1692819040.867315054,1692819041.868355751,1692819042.869353771,1692819043.870404482,1692819044.871445894,1692819045.872495174,1692819046.115050077],"size":[0,0,0,0,0,0,0,0,0,0,0,0,0,0,0,0,0,0,0,0,0,0,0,0,0,0,0,0,0,0,0,0,0,0,0,0,0,0,0,0,0,0,0,0,0,0,0,0,0,0,0,0,0,0,0,0,0,0,0,0,0,0,0,0,0,0,0,0,0,0,0,0,0,0,0,0,0,0,0,0,0,0,0,0,0,0,0,0,0,0,0,0,0,0,0,0,0,0,0,0,0,0,0,0,0,0,0,0,0,0,0,0,0,0,0,0,0,0,0,0,0,0,0,0,0,0,0,0,0,0,0,0,0,0,0,0,0,0,0,0,0,0,0,0,0,0,0,0,0,0,0,0,0,0,0,0,0,0,0,0,0,0,0,0,0,0,0,0,0,0,0,0,0,0,0,0,0,0,0,0,0,0,0,0,0,0,0,0,0,0,0,0,0,0,0,0,0,0,0,0,0,0,0,0,0,0,0,0,0,0,0,0,0,0,0,0,0,0,0,0,0,0,0,0,0,0,0,0,0,0,0,0,0,0,0,0,0,0,0,0,0,0,0,0,0,0,0,0,0,0,0,0],"total_size":[1,1,1,1,1,1,1,1,1,1,1,1,1,1,1,1,1,1,1,1,1,1,1,1,1,1,1,1,1,1,1,1,1,1,1,1,1,1,1,1,1,1,1,1,1,1,1,1,1,1,1,1,1,1,1,1,1,1,1,1,1,1,1,1,1,1,1,1,1,1,1,1,1,1,1,1,1,1,1,1,1,1,1,1,1,1,1,1,1,1,1,1,1,1,1,1,1,1,1,1,1,1,1,1,1,1,1,1,1,1,1,1,1,1,1,1,1,1,1,1,1,1,1,1,1,1,1,1,1,1,1,1,1,1,1,1,1,1,1,1,1,1,1,1,1,1,1,1,1,1,1,1,1,1,1,1,1,1,1,1,1,1,1,1,1,1,1,1,1,1,1,1,1,1,1,1,1,1,1,1,1,1,1,1,1,1,1,1,1,1,1,1,1,1,1,1,1,1,1,1,1,1,1,1,1,1,1,1,1,1,1,1,1,1,1,1,1,1,1,1,1,1,1,1,1,1,1,1,1,1,1,1,1,1,1,1,1,1,1,1,1,1,1,1,1,1,1,1,1,1,1,0]}}}