{"address":"ofi+verbs;ofi_rxm://10.201.0.69:39729","progress_loop":{"progress_with_timeout":{"num":2295,"min":0.006458044,"max":0.104238033,"avg":0.099844609,"var":0.038919567,"sum":229.143376589},"progress_timeout_value_msec":{"num":2295,"min":100.000000000,"max":100.000000000,"avg":100.000000000,"var":0.000000000,"sum":229500.000000000},"progress_without_timeout":{"num":0,"min":0.000000000,"max":0.000000000,"avg":0.000000000,"var":0.000000000,"sum":0.000000000},"trigger":{"num":100,"min":0.000001669,"max":0.000006914,"avg":0.000002804,"var":0.000000000,"sum":0.000280380}},"rpcs":{"65535:65535:1471021055:0":{"rpc_id":1471021055,"provider_id":0,"parent_rpc_id":65535,"parent_provider_id":65535,"name":"sum","origin":{"sent to ofi+verbs;ofi_rxm://10.201.1.56:44089":{"iforward":{"duration":{"num":28,"min":0.000019073,"max":0.001770020,"avg":0.000089075,"var":0.000002931,"sum":0.002494097},"relative_timestamp_from_create":{"num":28,"min":0.000000954,"max":0.000002623,"avg":0.000001856,"var":0.000000000,"sum":0.000051975}},"forward_cb":{"duration":{"num":28,"min":0.000001192,"max":0.000003099,"avg":0.000001763,"var":0.000000000,"sum":0.000049353},"relative_timestamp_from_iforward_start":{"num":28,"min":1.000337601,"max":4.000777721,"avg":2.749379771,"var":33.251499913,"sum":76.982633591}},"iforward_wait":{"duration":{"num":28,"min":1.000322819,"max":4.000756979,"avg":2.749297772,"var":33.257537496,"sum":76.980337620},"relative_timestamp_from_iforward_end":{"num":28,"min":0.000000000,"max":0.000000477,"avg":0.000000255,"var":0.000000000,"sum":0.000007153}},"set_input":{"duration":{"num":28,"min":0.000003099,"max":0.000006914,"avg":0.000005611,"var":0.000000000,"sum":0.000157118},"relative_timestamp_from_iforward_start":{"num":28,"min":0.000010729,"max":0.000031710,"avg":0.000015429,"var":0.000000000,"sum":0.000432014}},"get_output":{"duration":{"num":0,"min":0.000000000,"max":0.000000000,"avg":0.000000000,"var":0.000000000,"sum":0.000000000},"relative_timestamp_from_wait_end":{"num":0,"min":0.000000000,"max":0.000000000,"avg":0.000000000,"var":0.000000000,"sum":0.000000000}}}}},"65535:65535:1161428991:0":{"rpc_id":1161428991,"provider_id":0,"parent_rpc_id":65535,"parent_provider_id":65535,"name":"prod","origin":{"sent to ofi+verbs;ofi_rxm://10.201.1.56:44089":{"iforward":{"duration":{"num":29,"min":0.000020742,"max":0.000033140,"avg":0.000025790,"var":0.000000000,"sum":0.000747919},"relative_timestamp_from_create":{"num":29,"min":0.000001192,"max":0.000002146,"avg":0.000001800,"var":0.000000000,"sum":0.000052214}},"forward_cb":{"duration":{"num":29,"min":0.000000954,"max":0.000002384,"avg":0.000001694,"var":0.000000000,"sum":0.000049114},"relative_timestamp_from_iforward_start":{"num":29,"min":1.000335217,"max":4.000729561,"avg":2.793550935,"var":22.760729656,"sum":81.012977123}},"iforward_wait":{"duration":{"num":29,"min":1.000315189,"max":4.000706434,"avg":2.793531738,"var":22.760734351,"sum":81.012420416},"relative_timestamp_from_iforward_end":{"num":29,"min":0.000000000,"max":0.000000477,"avg":0.000000263,"var":0.000000000,"sum":0.000007629}},"set_input":{"duration":{"num":29,"min":0.000005007,"max":0.000006676,"avg":0.000005566,"var":0.000000000,"sum":0.000161409},"relative_timestamp_from_iforward_start":{"num":29,"min":0.000011206,"max":0.000019312,"avg":0.000014692,"var":0.000000000,"sum":0.000426054}},"get_output":{"duration":{"num":0,"min":0.000000000,"max":0.000000000,"avg":0.000000000,"var":0.000000000,"sum":0.000000000},"relative_timestamp_from_wait_end":{"num":0,"min":0.000000000,"max":0.000000000,"avg":0.000000000,"var":0.000000000,"sum":0.000000000}}}}},"65535:65535:1471021055:1":{"rpc_id":1471021055,"provider_id":1,"parent_rpc_id":65535,"parent_provider_id":65535,"name":"sum","origin":{"sent to ofi+verbs;ofi_rxm://10.201.0.71:51980":{"iforward":{"duration":{"num":22,"min":0.000021219,"max":0.001694441,"avg":0.000102986,"var":0.000002654,"sum":0.002265692},"relative_timestamp_from_create":{"num":22,"min":0.000001192,"max":0.000002384,"avg":0.000001875,"var":0.000000000,"sum":0.000041246}},"forward_cb":{"duration":{"num":22,"min":0.000000954,"max":0.000002146,"avg":0.000001496,"var":0.000000000,"sum":0.000032902},"relative_timestamp_from_iforward_start":{"num":22,"min":1.000260353,"max":4.000561476,"avg":1.683423779,"var":22.790247288,"sum":37.035323143}},"iforward_wait":{"duration":{"num":22,"min":1.000238180,"max":4.000543833,"avg":1.683326418,"var":22.789213424,"sum":37.033181190},"relative_timestamp_from_iforward_end":{"num":22,"min":0.000000238,"max":0.000000477,"avg":0.000000293,"var":0.000000000,"sum":0.000006437}},"set_input":{"duration":{"num":22,"min":0.000005245,"max":0.000006914,"avg":0.000005733,"var":0.000000000,"sum":0.000126123},"relative_timestamp_from_iforward_start":{"num":22,"min":0.000011683,"max":0.000019789,"avg":0.000015887,"var":0.000000000,"sum":0.000349522}},"get_output":{"duration":{"num":0,"min":0.000000000,"max":0.000000000,"avg":0.000000000,"var":0.000000000,"sum":0.000000000},"relative_timestamp_from_wait_end":{"num":0,"min":0.000000000,"max":0.000000000,"avg":0.000000000,"var":0.000000000,"sum":0.000000000}}}}},"65535:65535:1161428991:1":{"rpc_id":1161428991,"provider_id":1,"parent_rpc_id":65535,"parent_provider_id":65535,"name":"prod","origin":{"sent to ofi+verbs;ofi_rxm://10.201.0.71:51980":{"iforward":{"duration":{"num":21,"min":0.000020027,"max":0.000035286,"avg":0.000028905,"var":0.000000000,"sum":0.000607014},"relative_timestamp_from_create":{"num":21,"min":0.000001431,"max":0.000002384,"avg":0.000001975,"var":0.000000000,"sum":0.000041485}},"forward_cb":{"duration":{"num":21,"min":0.000000954,"max":0.000001907,"avg":0.000001396,"var":0.000000000,"sum":0.000029325},"relative_timestamp_from_iforward_start":{"num":21,"min":1.000274420,"max":4.000169039,"avg":1.620127587,"var":14.932834300,"sum":34.022679329}},"iforward_wait":{"duration":{"num":21,"min":1.000249386,"max":4.000152588,"avg":1.620104199,"var":14.932924488,"sum":34.022188187},"relative_timestamp_from_iforward_end":{"num":21,"min":0.000000000,"max":0.000000477,"avg":0.000000272,"var":0.000000000,"sum":0.000005722}},"set_input":{"duration":{"num":21,"min":0.000005007,"max":0.000006914,"avg":0.000005995,"var":0.000000000,"sum":0.000125885},"relative_timestamp_from_iforward_start":{"num":21,"min":0.000010967,"max":0.000020504,"avg":0.000016746,"var":0.000000000,"sum":0.000351667}},"get_output":{"duration":{"num":0,"min":0.000000000,"max":0.000000000,"avg":0.000000000,"var":0.000000000,"sum":0.000000000},"relative_timestamp_from_wait_end":{"num":0,"min":0.000000000,"max":0.000000000,"avg":0.000000000,"var":0.000000000,"sum":0.000000000}}}}}}}