{"address":"ofi+verbs;ofi_rxm://10.201.1.56:43632","progress_loop":{"progress_with_timeout":{"num":2417,"min":0.000067949,"max":0.104274750,"avg":0.099774665,"var":0.075683412,"sum":241.155364513},"progress_timeout_value_msec":{"num":2417,"min":100.000000000,"max":100.000000000,"avg":100.000000000,"var":0.000000000,"sum":241700.000000000},"progress_without_timeout":{"num":0,"min":0.000000000,"max":0.000000000,"avg":0.000000000,"var":0.000000000,"sum":0.000000000},"trigger":{"num":104,"min":0.000003099,"max":0.000009298,"avg":0.000005802,"var":0.000000000,"sum":0.000603437}},"rpcs":{"65535:65535:1471021055:1":{"rpc_id":1471021055,"provider_id":1,"parent_rpc_id":65535,"parent_provider_id":65535,"name":"sum","origin":{"sent to ofi+verbs;ofi_rxm://10.201.0.71:51980":{"iforward":{"duration":{"num":24,"min":0.000015736,"max":0.001994610,"avg":0.000108629,"var":0.000003712,"sum":0.002607107},"relative_timestamp_from_create":{"num":24,"min":0.000001907,"max":0.000003815,"avg":0.000003010,"var":0.000000000,"sum":0.000072241}},"forward_cb":{"duration":{"num":24,"min":0.000001907,"max":0.000003338,"avg":0.000002503,"var":0.000000000,"sum":0.000060081},"relative_timestamp_from_iforward_start":{"num":24,"min":1.000254154,"max":4.000508070,"avg":1.794212441,"var":19.932194264,"sum":43.061098576}},"iforward_wait":{"duration":{"num":24,"min":1.000236988,"max":4.000491381,"avg":1.794113606,"var":19.935334133,"sum":43.058726549},"relative_timestamp_from_iforward_end":{"num":24,"min":0.000000954,"max":0.000001907,"avg":0.000001351,"var":0.000000000,"sum":0.000032425}},"set_input":{"duration":{"num":24,"min":0.000004292,"max":0.000008345,"avg":0.000007093,"var":0.000000000,"sum":0.000170231},"relative_timestamp_from_iforward_start":{"num":24,"min":0.000007153,"max":0.000028372,"avg":0.000014096,"var":0.000000000,"sum":0.000338316}},"get_output":{"duration":{"num":0,"min":0.000000000,"max":0.000000000,"avg":0.000000000,"var":0.000000000,"sum":0.000000000},"relative_timestamp_from_wait_end":{"num":0,"min":0.000000000,"max":0.000000000,"avg":0.000000000,"var":0.000000000,"sum":0.000000000}}}}},"65535:65535:1161428991:1":{"rpc_id":1161428991,"provider_id":1,"parent_rpc_id":65535,"parent_provider_id":65535,"name":"prod","origin":{"sent to ofi+verbs;ofi_rxm://10.201.0.71:51980":{"iforward":{"duration":{"num":15,"min":0.000022411,"max":0.000032902,"avg":0.000026576,"var":0.000000000,"sum":0.000398636},"relative_timestamp_from_create":{"num":15,"min":0.000001907,"max":0.000005484,"avg":0.000003290,"var":0.000000000,"sum":0.000049353}},"forward_cb":{"duration":{"num":15,"min":0.000001907,"max":0.000003338,"avg":0.000002559,"var":0.000000000,"sum":0.000038385},"relative_timestamp_from_iforward_start":{"num":15,"min":1.000259876,"max":4.000496626,"avg":1.800390228,"var":12.399867971,"sum":27.005853415}},"iforward_wait":{"duration":{"num":15,"min":1.000238419,"max":4.000473976,"avg":1.800373586,"var":12.399862057,"sum":27.005603790},"relative_timestamp_from_iforward_end":{"num":15,"min":0.000000954,"max":0.000001431,"avg":0.000001303,"var":0.000000000,"sum":0.000019550}},"set_input":{"duration":{"num":15,"min":0.000004292,"max":0.000008583,"avg":0.000007216,"var":0.000000000,"sum":0.000108242},"relative_timestamp_from_iforward_start":{"num":15,"min":0.000011444,"max":0.000018120,"avg":0.000013924,"var":0.000000000,"sum":0.000208855}},"get_output":{"duration":{"num":0,"min":0.000000000,"max":0.000000000,"avg":0.000000000,"var":0.000000000,"sum":0.000000000},"relative_timestamp_from_wait_end":{"num":0,"min":0.000000000,"max":0.000000000,"avg":0.000000000,"var":0.000000000,"sum":0.000000000}}}}},"65535:65535:1471021055:0":{"rpc_id":1471021055,"provider_id":0,"parent_rpc_id":65535,"parent_provider_id":65535,"name":"sum","origin":{"sent to ofi+verbs;ofi_rxm://10.201.1.56:44089":{"iforward":{"duration":{"num":26,"min":0.000024557,"max":0.001729488,"avg":0.000094460,"var":0.000002781,"sum":0.002455950},"relative_timestamp_from_create":{"num":26,"min":0.000002861,"max":0.000004768,"avg":0.000003274,"var":0.000000000,"sum":0.000085115}},"forward_cb":{"duration":{"num":26,"min":0.000001907,"max":0.000003338,"avg":0.000002476,"var":0.000000000,"sum":0.000064373},"relative_timestamp_from_iforward_start":{"num":26,"min":1.000324249,"max":5.002091169,"avg":2.731251350,"var":29.126131491,"sum":71.012535095}},"iforward_wait":{"duration":{"num":26,"min":1.000308037,"max":5.000371218,"avg":2.731166436,"var":29.118451684,"sum":71.010327339},"relative_timestamp_from_iforward_end":{"num":26,"min":0.000000954,"max":0.000001669,"avg":0.000001348,"var":0.000000000,"sum":0.000035048}},"set_input":{"duration":{"num":26,"min":0.000006437,"max":0.000010014,"avg":0.000008051,"var":0.000000000,"sum":0.000209332},"relative_timestamp_from_iforward_start":{"num":26,"min":0.000011683,"max":0.000021696,"avg":0.000015516,"var":0.000000000,"sum":0.000403404}},"get_output":{"duration":{"num":0,"min":0.000000000,"max":0.000000000,"avg":0.000000000,"var":0.000000000,"sum":0.000000000},"relative_timestamp_from_wait_end":{"num":0,"min":0.000000000,"max":0.000000000,"avg":0.000000000,"var":0.000000000,"sum":0.000000000}}}}},"65535:65535:1161428991:0":{"rpc_id":1161428991,"provider_id":0,"parent_rpc_id":65535,"parent_provider_id":65535,"name":"prod","origin":{"sent to ofi+verbs;ofi_rxm://10.201.1.56:44089":{"iforward":{"duration":{"num":35,"min":0.000023127,"max":0.000040054,"avg":0.000028481,"var":0.000000001,"sum":0.000996828},"relative_timestamp_from_create":{"num":35,"min":0.000002146,"max":0.000005245,"avg":0.000003161,"var":0.000000000,"sum":0.000110626}},"forward_cb":{"duration":{"num":35,"min":0.000001431,"max":0.000002861,"avg":0.000002296,"var":0.000000000,"sum":0.000080347},"relative_timestamp_from_iforward_start":{"num":35,"min":1.000337839,"max":4.000705719,"avg":2.856415394,"var":32.309487636,"sum":99.974538803}},"iforward_wait":{"duration":{"num":35,"min":1.000315666,"max":4.000683308,"avg":2.856396157,"var":32.309600235,"sum":99.973865509},"relative_timestamp_from_iforward_end":{"num":35,"min":0.000000954,"max":0.000001907,"avg":0.000001369,"var":0.000000000,"sum":0.000047922}},"set_input":{"duration":{"num":35,"min":0.000005960,"max":0.000009537,"avg":0.000007732,"var":0.000000000,"sum":0.000270605},"relative_timestamp_from_iforward_start":{"num":35,"min":0.000011444,"max":0.000023842,"avg":0.000015143,"var":0.000000000,"sum":0.000530005}},"get_output":{"duration":{"num":0,"min":0.000000000,"max":0.000000000,"avg":0.000000000,"var":0.000000000,"sum":0.000000000},"relative_timestamp_from_wait_end":{"num":0,"min":0.000000000,"max":0.000000000,"avg":0.000000000,"var":0.000000000,"sum":0.000000000}}}}},"65535:65535:3542155263:65535":{"rpc_id":3542155263,"provider_id":65535,"parent_rpc_id":65535,"parent_provider_id":65535,"name":"__shutdown__","origin":{"sent to ofi+verbs;ofi_rxm://10.201.1.56:44089":{"iforward":{"duration":{"num":1,"min":0.000010252,"max":0.000010252,"avg":0.000010252,"var":0.000000000,"sum":0.000010252},"relative_timestamp_from_create":{"num":1,"min":0.000001907,"max":0.000001907,"avg":0.000001907,"var":0.000000000,"sum":0.000001907}},"forward_cb":{"duration":{"num":1,"min":0.000001431,"max":0.000001431,"avg":0.000001431,"var":0.000000000,"sum":0.000001431},"relative_timestamp_from_iforward_start":{"num":1,"min":0.000311136,"max":0.000311136,"avg":0.000311136,"var":0.000000000,"sum":0.000311136}},"iforward_wait":{"duration":{"num":1,"min":0.000306606,"max":0.000306606,"avg":0.000306606,"var":0.000000000,"sum":0.000306606},"relative_timestamp_from_iforward_end":{"num":1,"min":0.000000954,"max":0.000000954,"avg":0.000000954,"var":0.000000000,"sum":0.000000954}},"set_input":{"duration":{"num":0,"min":0.000000000,"max":0.000000000,"avg":0.000000000,"var":0.000000000,"sum":0.000000000},"relative_timestamp_from_iforward_start":{"num":0,"min":0.000000000,"max":0.000000000,"avg":0.000000000,"var":0.000000000,"sum":0.000000000}},"get_output":{"duration":{"num":1,"min":0.000003338,"max":0.000003338,