{"address":"ofi+verbs;ofi_rxm://10.201.0.71:44291","progress_loop":{"progress_with_timeout":{"num":2383,"min":0.000903130,"max":0.104304552,"avg":0.099934738,"var":0.037471212,"sum":238.144481659},"progress_timeout_value_msec":{"num":2383,"min":100.000000000,"max":100.000000000,"avg":100.000000000,"var":0.000000000,"sum":238300.000000000},"progress_without_timeout":{"num":0,"min":0.000000000,"max":0.000000000,"avg":0.000000000,"var":0.000000000,"sum":0.000000000},"trigger":{"num":100,"min":0.000001192,"max":0.000009775,"avg":0.000002663,"var":0.000000000,"sum":0.000266314}},"rpcs":{"65535:65535:1471021055:0":{"rpc_id":1471021055,"provider_id":0,"parent_rpc_id":65535,"parent_provider_id":65535,"name":"sum","origin":{"sent to ofi+verbs;ofi_rxm://10.201.1.56:44089":{"iforward":{"duration":{"num":27,"min":0.000020027,"max":0.001773357,"avg":0.000089222,"var":0.000002946,"sum":0.002408981},"relative_timestamp_from_create":{"num":27,"min":0.000001431,"max":0.000003099,"avg":0.000001925,"var":0.000000000,"sum":0.000051975}},"forward_cb":{"duration":{"num":27,"min":0.000000954,"max":0.000002146,"avg":0.000001607,"var":0.000000000,"sum":0.000043392},"relative_timestamp_from_iforward_start":{"num":27,"min":1.000355721,"max":4.000746012,"avg":3.073975263,"var":17.836072732,"sum":82.997332096}},"iforward_wait":{"duration":{"num":27,"min":1.000335693,"max":4.000726938,"avg":3.073892258,"var":17.839794310,"sum":82.995090961},"relative_timestamp_from_iforward_end":{"num":27,"min":0.000000000,"max":0.000000715,"avg":0.000000265,"var":0.000000000,"sum":0.000007153}},"set_input":{"duration":{"num":27,"min":0.000005007,"max":0.000008345,"avg":0.000005916,"var":0.000000000,"sum":0.000159740},"relative_timestamp_from_iforward_start":{"num":27,"min":0.000009775,"max":0.000016689,"avg":0.000013740,"var":0.000000000,"sum":0.000370979}},"get_output":{"duration":{"num":0,"min":0.000000000,"max":0.000000000,"avg":0.000000000,"var":0.000000000,"sum":0.000000000},"relative_timestamp_from_wait_end":{"num":0,"min":0.000000000,"max":0.000000000,"avg":0.000000000,"var":0.000000000,"sum":0.000000000}}}}},"65535:65535:1161428991:1":{"rpc_id":1161428991,"provider_id":1,"parent_rpc_id":65535,"parent_provider_id":65535,"name":"prod","origin":{"sent to ofi+verbs;ofi_rxm://10.201.0.71:51980":{"iforward":{"duration":{"num":21,"min":0.000013828,"max":0.001502037,"avg":0.000094834,"var":0.000002080,"sum":0.001991510},"relative_timestamp_from_create":{"num":21,"min":0.000001192,"max":0.000045300,"avg":0.000004008,"var":0.000000002,"sum":0.000084162}},"forward_cb":{"duration":{"num":21,"min":0.000000715,"max":0.000008821,"avg":0.000001578,"var":0.000000000,"sum":0.000033140},"relative_timestamp_from_iforward_start":{"num":21,"min":1.000242233,"max":3.000428677,"avg":1.621416274,"var":10.929331590,"sum":34.049741745}},"iforward_wait":{"duration":{"num":21,"min":1.000220776,"max":3.000410318,"avg":1.621326481,"var":10.931163857,"sum":34.047856092},"relative_timestamp_from_iforward_end":{"num":21,"min":0.000000238,"max":0.000000477,"avg":0.000000284,"var":0.000000000,"sum":0.000005960}},"set_input":{"duration":{"num":21,"min":0.000003099,"max":0.000008345,"avg":0.000006244,"var":0.000000000,"sum":0.000131130},"relative_timestamp_from_iforward_start":{"num":21,"min":0.000007391,"max":0.000015736,"avg":0.000013124,"var":0.000000000,"sum":0.000275612}},"get_output":{"duration":{"num":0,"min":0.000000000,"max":0.000000000,"avg":0.000000000,"var":0.000000000,"sum":0.000000000},"relative_timestamp_from_wait_end":{"num":0,"min":0.000000000,"max":0.000000000,"avg":0.000000000,"var":0.000000000,"sum":0.000000000}}}}},"65535:65535:1471021055:1":{"rpc_id":1471021055,"provider_id":1,"parent_rpc_id":65535,"parent_provider_id":65535,"name":"sum","origin":{"sent to ofi+verbs;ofi_rxm://10.201.0.71:51980":{"iforward":{"duration":{"num":23,"min":0.000014067,"max":0.000032663,"avg":0.000024557,"var":0.000000000,"sum":0.000564814},"relative_timestamp_from_create":{"num":23,"min":0.000001192,"max":0.000002384,"avg":0.000001918,"var":0.000000000,"sum":0.000044107}},"forward_cb":{"duration":{"num":23,"min":0.000000954,"max":0.000001669,"avg":0.000001265,"var":0.000000000,"sum":0.000029087},"relative_timestamp_from_iforward_start":{"num":23,"min":1.000276804,"max":4.000561714,"avg":1.913406921,"var":21.827006948,"sum":44.008359194}},"iforward_wait":{"duration":{"num":23,"min":1.000254869,"max":4.000541925,"avg":1.913387744,"var":21.827080914,"sum":44.007918119},"relative_timestamp_from_iforward_end":{"num":23,"min":0.000000238,"max":0.000000477,"avg":0.000000249,"var":0.000000000,"sum":0.000005722}},"set_input":{"duration":{"num":23,"min":0.000003815,"max":0.000007153,"avg":0.000006002,"var":0.000000000,"sum":0.000138044},"relative_timestamp_from_iforward_start":{"num":23,"min":0.000007629,"max":0.000018835,"avg":0.000013714,"var":0.000000000,"sum":0.000315428}},"get_output":{"duration":{"num":0,"min":0.000000000,"max":0.000000000,"avg":0.000000000,"var":0.000000000,"sum":0.000000000},"relative_timestamp_from_wait_end":{"num":0,"min":0.000000000,"max":0.000000000,"avg":0.000000000,"var":0.000000000,"sum":0.000000000}}}}},"65535:65535:1161428991:0":{"rpc_id":1161428991,"provider_id":0,"parent_rpc_id":65535,"parent_provider_id":65535,"name":"prod","origin":{"sent to ofi+verbs;ofi_rxm://10.201.1.56:44089":{"iforward":{"duration":{"num":29,"min":0.000020504,"max":0.000030756,"avg":0.000025305,"var":0.000000000,"sum":0.000733852},"relative_timestamp_from_create":{"num":29,"min":0.000001431,"max":0.000002623,"avg":0.000002031,"var":0.000000000,"sum":0.000058889}},"forward_cb":{"duration":{"num":29,"min":0.000001192,"max":0.000002146,"avg":0.000001513,"var":0.000000000,"sum":0.000043869},"relative_timestamp_from_iforward_start":{"num":29,"min":1.000288725,"max":4.000732183,"avg":2.655145152,"var":30.575459647,"sum":76.999209404}},"iforward_wait":{"duration":{"num":29,"min":1.000270367,"max":4.000708103,"avg":2.655125791,"var":30.575396225,"sum":76.998647928},"relative_timestamp_from_iforward_end":{"num":29,"min":0.000000238,"max":0.000000477,"avg":0.000000247,"var":0.000000000,"sum":0.000007153}},"set_input":{"duration":{"num":29,"min":0.000005007,"max":0.000007868,"avg":0.000006281,"var":0.000000000,"sum":0.000182152},"relative_timestamp_from_iforward_start":{"num":29,"min":0.000010252,"max":0.000018358,"avg":0.000014026,"var":0.000000000,"sum":0.000406742}},"get_output":{"duration":{"num":0,"min":0.000000000,"max":0.000000000,"avg":0.000000000,"var":0.000000000,"sum":0.000000000},"relative_timestamp_from_wait_end":{"num":0,"min":0.000000000,"max":0.000000000,"avg":0.000000000,"var":0.000000000,"sum":0.000000000}}}}}}}