{"address":"ofi+verbs;ofi_rxm://10.201.1.48:54179","rpcs":{"__shutdown__:65535":{"timestamps":[1692819046.133430958],"count":[1],"bulk_size":[0]}},"pools":{"__primary__":{"timestamps":[1692818795.308952570,1692818796.348878145,1692818797.388846636,1692818798.428806782,1692818799.468757868,1692818800.505155563,1692818801.545061350,1692818802.588185310,1692818803.624914885,1692818804.664551497,1692818805.704175234,1692818806.744113922,1692818807.784131050,1692818808.824112177,1692818809.864145756,1692818810.904081106,1692818811.945011139,1692818812.983980656,1692818814.023980618,1692818815.063981295,1692818816.105012894,1692818817.144982576,1692818818.184973955,1692818819.224980593,1692818820.264987230,1692818821.304913998,1692818822.344833612,1692818823.384820223,1692818824.424716234,1692818825.464655876,1692818826.504538059,1692818827.544560909,1692818828.584579945,1692818829.624616146,1692818830.664613962,1692818831.704592705,1692818832.744316816,1692818833.784245014,1692818834.824879885,1692818835.864639282,1692818836.904602051,1692818837.940555811,1692818838.980227470,1692818840.024953365,1692818841.060403585,1692818842.100410938,1692818843.140386343,1692818844.180382490,1692818845.220335007,1692818846.260275364,1692818847.300275803,1692818848.340321302,1692818849.380270481,1692818850.420121193,1692818851.460043430,1692818852.499979019,1692818853.540163279,1692818854.580107927,1692818855.620038509,1692818856.659981012,1692818857.701035261,1692818858.741013288,1692818859.780970335,1692818860.820959330,1692818861.860965967,1692818862.900692225,1692818863.940643549,1692818864.980648518,1692818866.020615101,1692818867.060622692,1692818868.098172188,1692818869.140296459,1692818870.176803112,1692818871.216741800,1692818872.256468296,1692818873.300427198,1692818874.340646029,1692818875.380572319,1692818876.416032553,1692818877.456045151,1692818878.496031761,1692818879.535981178,1692818880.575980663,1692818881.617022991,1692818882.657000065,1692818883.696989059,1692818884.736913681,1692818885.776874542,1692818886.816819191,1692818887.856807232,1692818888.896844864,1692818889.936846495,1692818890.976784945,1692818892.016785860,1692818893.056760550,1692818894.096811533,1692818895.136814833,1692818896.176724195,1692818897.216408253,1692818898.256409883,1692818899.296417236,1692818900.336465359,1692818901.376420259,1692818902.416068316,1692818903.456101418,1692818904.493096828,1692818905.536170244,1692818906.572867632,1692818907.612875462,1692818908.656641006,1692818909.696032524,1692818910.736004114,1692818911.772538424,1692818912.812518835,1692818913.852499008,1692818914.892465591,1692818915.932346821,1692818916.972306728,1692818918.013048410,1692818919.052614689,1692818920.092265129,1692818921.133033276,1692818922.173010826,1692818923.213011742,1692818924.253020763,1692818925.292925358,1692818926.332807064,1692818927.372827530,1692818928.414106846,1692818929.452627659,1692818930.492661238,1692818931.532596350,1692818932.572569132,1692818933.612519741,1692818934.652487516,1692818935.692513466,1692818936.732507467,1692818937.772466183,1692818938.812391043,1692818939.848915577,1692818940.892609835,1692818941.932314396,1692818942.968842030,1692818944.008755207,1692818945.052714586,1692818946.092366457,1692818947.128350735,1692818948.168399334,1692818949.208418131,1692818950.248345375,1692818951.288288832,1692818952.328283787,1692818953.368254423,1692818954.408189058,1692818955.448186398,1692818956.488133192,1692818957.528129101,1692818958.568147182,1692818959.608037472,1692818960.648999453,1692818961.688988447,1692818962.728909492,1692818963.768901587,1692818964.808815956,1692818965.848740101,1692818966.888655901,1692818967.928640842,1692818968.968628168,1692818970.008658409,1692818971.048597097,1692818972.088620901,1692818973.128607988,1692818974.168619871,1692818975.205117702,1692818976.244783640,1692818977.288789272,1692818978.327984571,1692818979.364713669,1692818980.404293299,1692818981.448040009,1692818982.483980656,1692818983.524969578,1692818984.565024853,1692818985.605017900,1692818986.644923687,1692818987.684908628,1692818988.724934101,1692818989.764953852,1692818990.804892063,1692818991.844842672,1692818992.884818077,1692818993.924497128,1692818994.964481115,1692818996.004398823,1692818997.044401884,1692818998.084372997,1692818999.124319077,1692819000.164307833,1692819001.204263449,1692819002.244196653,1692819003.284195900,1692819004.324087620,1692819005.364073277,1692819006.404098988,1692819007.444832563,1692819008.484703779,1692819009.524409294,1692819010.564430952,1692819011.604339600,1692819012.644049883,1692819013.683980703,1692819014.723981380,1692819015.764564753,1692819016.804520130,1692819017.840933800,1692819018.880929470,1692819019.920955658,1692819020.960962296,1692819022.000935078,1692819023.040951967,1692819024.080990314,1692819025.121039867,1692819026.161001444,1692819027.200968266,1692819028.240961313,1692819029.281016588,1692819030.321019411,1692819031.360996962,1692819032.400953054,1692819033.440985441,1692819034.481017828,1692819035.519981146,1692819036.561004400,1692819037.600946426,1692819038.640931129,1692819039.680272102,1692819040.720262289,1692819041.760251045,1692819042.800235987,1692819043.840167522,1692819044.880149603,1692819045.920136452,1692819046.133430958],"size":[0,0,0,0,0,0,0,0,0,0,0,0,0,0,0,0,0,0,0,0,0,0,0,0,0,0,0,0,0,0,0,0,0,0,0,0,0,0,0,0,0,0,0,0,0,0,0,0,0,0,0,0,0,0,0,0,0,0,0,0,0,0,0,0,0,0,0,0,0,0,0,0,0,0,0,0,0,0,0,0,0,0,0,0,0,0,0,0,0,0,0,0,0,0,0,0,0,0,0,0,0,0,0,0,0,0,0,0,0,0,0,0,0,0,0,0,0,0,0,0,0,0,0,0,0,0,0,0,0,0,0,0,0,0,0,0,0,0,0,0,0,0,0,0,0,0,0,0,0,0,0,0,0,0,0,0,0,0,0,0,0,0,0,0,0,0,0,0,0,0,0,0,0,0,0,0,0,0,0,0,0,0,0,0,0,0,0,0,0,0,0,0,0,0,0,0,0,0,0,0,0,0,0,0,0,0,0,0,0,0,0,0,0,0,0,0,0,0,0,0,0,0,0,0,0,0,0,0,0,0,0,0,0,0,0,0,0,0,0,0,0,0,0],"total_size":[1,1,1,1,1,1,1,1,1,1,1,1,1,1,1,1,1,1,1,1,1,1,1,1,1,1,1,1,1,1,1,1,1,1,1,1,1,1,1,1,1,1,1,1,1,1,1,1,1,1,1,1,1,1,1,1,1,1,1,1,1,1,1,1,1,1,1,1,1,1,1,1,1,1,1,1,1,1,1,1,1,1,1,1,1,1,1,1,1,1,1,1,1,1,1,1,1,1,1,1,1,1,1,1,1,1,1,1,1,1,1,1,1,1,1,1,1,1,1,1,1,1,1,1,1,1,1,1,1,1,1,1,1,1,1,1,1,1,1,1,1,1,1,1,1,1,1,1,1,1,1,1,1,1,1,1,1,1,1,1,1,1,1,1,1,1,1,1,1,1,1,1,1,1,1,1,1,1,1,1,1,1,1,1,1,1,1,1,1,1,1,1,1,1,1,1,1,1,1,1,1,1,1,1,1,1,1,1,1,1,1,1,1,1,1,1,1,1,1,1,1,1,1,1,1,1,1,1,1,1,1,1,1,1,1,1,1,1,1,1,1,1,0]}}}