{"address":"ofi+verbs;ofi_rxm://10.201.0.69:58442","progress_loop":{"progress_with_timeout":{"num":2504,"min":0.039040089,"max":0.104241133,"avg":0.100199359,"var":0.004608790,"sum":250.899194717},"progress_timeout_value_msec":{"num":2504,"min":100.000000000,"max":100.000000000,"avg":100.000000000,"var":0.000000000,"sum":250400.000000000},"progress_without_timeout":{"num":3,"min":0.000000238,"max":0.000001431,"avg":0.000000874,"var":0.000000000,"sum":0.000002623},"trigger":{"num":2,"min":0.000002623,"max":0.000029325,"avg":0.000015974,"var":0.000000000,"sum":0.000031948}},"rpcs":{"65535:65535:3542155263:65535":{"rpc_id":3542155263,"provider_id":65535,"parent_rpc_id":65535,"parent_provider_id":65535,"name":"__shutdown__","target":{"received from ofi+verbs;ofi_rxm://10.201.1.56:43632":{"handler":{"duration":{"num":1,"min":0.000015736,"max":0.000015736,"avg":0.000015736,"var":0.000000000,"sum":0.000015736}},"ult":{"duration":{"num":1,"min":0.003181934,"max":0.003181934,"avg":0.003181934,"var":0.000000000,"sum":0.003181934},"relative_timestamp_from_handler_start":{"num":1,"min":0.000023127,"max":0.000023127,"avg":0.000023127,"var":0.000000000,"sum":0.000023127}},"irespond":{"duration":{"num":1,"min":0.003167391,"max":0.003167391,"avg":0.003167391,"var":0.000000000,"sum":0.003167391},"relative_timestamp_from_ult_start":{"num":1,"min":0.000001192,"max":0.000001192,"avg":0.000001192,"var":0.000000000,"sum":0.000001192}},"respond_cb":{"duration":{"num":1,"min":0.000000954,"max":0.000000954,"avg":0.000000954,"var":0.000000000,"sum":0.000000954},"relative_timestamp_from_irespond_start":{"num":1,"min":0.003175735,"max":0.003175735,"avg":0.003175735,"var":0.000000000,"sum":0.003175735}},"irespond_wait":{"duration":{"num":1,"min":0.000010014,"max":0.000010014,"avg":0.000010014,"var":0.000000000,"sum":0.000010014},"relative_timestamp_from_irespond_end":{"num":1,"min":0.000000238,"max":0.000000238,"avg":0.000000238,"var":0.000000000,"sum":0.000000238}},"set_output":{"duration":{"num":1,"min":0.000000238,"max":0.000000238,"avg":0.000000238,"var":0.000000000,"sum":0.000000238},"relative_timestamp_from_irespond_start":{"num":1,"min":0.000002146,"max":0.000002146,"avg":0.000002146,"var":0.000000000,"sum":0.000002146}},"get_input":{"duration":{"num":0,"min":0.000000000,"max":0.000000000,"avg":0.000000000,"var":0.000000000,"sum":0.000000000},"relative_timestamp_from_ult_start":{"num":0,"min":0.000000000,"max":0.000000000,"avg":0.000000000,"var":0.000000000,"sum":0.000000000}}}}}}}