{"address":"ofi+verbs;ofi_rxm://10.201.1.56:44089","progress_loop":{"progress_with_timeout":{"num":271,"min":0.000085354,"max":0.104256630,"avg":0.095399989,"var":0.123795478,"sum":25.853397131},"progress_timeout_value_msec":{"num":271,"min":100.000000000,"max":100.000000000,"avg":100.000000000,"var":0.000000000,"sum":27100.000000000},"progress_without_timeout":{"num":132,"min":0.000001907,"max":0.000257730,"avg":0.000015564,"var":0.000000062,"sum":0.002054453},"trigger":{"num":452,"min":0.000002623,"max":0.000553370,"avg":0.000011114,"var":0.000000321,"sum":0.005023479}},"rpcs":{"65535:65535:1471021055:0":{"rpc_id":1471021055,"provider_id":0,"parent_rpc_id":65535,"parent_provider_id":65535,"name":"sum","target":{"received from ofi+verbs;ofi_rxm://10.201.0.69:39729":{"handler":{"duration":{"num":28,"min":0.000003338,"max":0.000020742,"avg":0.000011308,"var":0.000000001,"sum":0.000316620}},"ult":{"duration":{"num":28,"min":1.000155926,"max":4.000670910,"avg":2.643444104,"var":28.440734328,"sum":74.016434908},"relative_timestamp_from_handler_start":{"num":28,"min":0.000020504,"max":2.000313044,"avg":0.428663858,"var":10.859969668,"sum":12.002588034}},"irespond":{"duration":{"num":28,"min":0.000012875,"max":0.003554583,"avg":0.000145640,"var":0.000012051,"sum":0.004077911},"relative_timestamp_from_ult_start":{"num":28,"min":1.000100613,"max":1.000117779,"avg":1.000111086,"var":0.000000000,"sum":28.003110409}},"respond_cb":{"duration":{"num":28,"min":0.000000954,"max":0.000004292,"avg":0.000001635,"var":0.000000000,"sum":0.000045776},"relative_timestamp_from_irespond_start":{"num":28,"min":0.000033379,"max":2.000385046,"avg":0.464578680,"var":12.972567503,"sum":13.008203030}},"irespond_wait":{"duration":{"num":28,"min":0.000021935,"max":3.000526428,"avg":1.643181239,"var":28.438129995,"sum":46.009074688},"relative_timestamp_from_irespond_end":{"num":28,"min":0.000000954,"max":0.000001907,"avg":0.000001448,"var":0.000000000,"sum":0.000040531}},"set_output":{"duration":{"num":28,"min":0.000004768,"max":0.000009537,"avg":0.000007672,"var":0.000000000,"sum":0.000214815},"relative_timestamp_from_irespond_start":{"num":28,"min":0.000002384,"max":0.000005722,"avg":0.000003670,"var":0.000000000,"sum":0.000102758}},"get_input":{"duration":{"num":28,"min":0.000003815,"max":0.000007153,"avg":0.000005577,"var":0.000000000,"sum":0.000156164},"relative_timestamp_from_ult_start":{"num":28,"min":0.000002623,"max":0.000006437,"avg":0.000004819,"var":0.000000000,"sum":0.000134945}}},"received from ofi+verbs;ofi_rxm://10.201.0.71:44291":{"handler":{"duration":{"num":27,"min":0.000002623,"max":0.000018835,"avg":0.000009634,"var":0.000000001,"sum":0.000260115}},"ult":{"duration":{"num":27,"min":2.000282526,"max":4.000687838,"avg":2.963477550,"var":16.968414491,"sum":80.013893843},"relative_timestamp_from_handler_start":{"num":27,"min":0.000023842,"max":2.000311613,"avg":0.703965311,"var":15.635775701,"sum":19.007063389}},"irespond":{"duration":{"num":27,"min":0.000016928,"max":0.000021696,"avg":0.000019285,"var":0.000000000,"sum":0.000520706},"relative_timestamp_from_ult_start":{"num":27,"min":1.000102043,"max":1.000115871,"avg":1.000110653,"var":0.000000000,"sum":27.002987623}},"respond_cb":{"duration":{"num":27,"min":0.000000954,"max":0.000002384,"avg":0.000001466,"var":0.000000000,"sum":0.000039577},"relative_timestamp_from_irespond_start":{"num":27,"min":0.000059128,"max":2.000385046,"avg":0.592785500,"var":12.521233222,"sum":16.005208492}},"irespond_wait":{"duration":{"num":27,"min":1.000150442,"max":3.000555515,"avg":1.963341572,"var":16.968379044,"sum":53.010222435},"relative_timestamp_from_irespond_end":{"num":27,"min":0.000001192,"max":0.000001907,"avg":0.000001475,"var":0.000000000,"sum":0.000039816}},"set_output":{"duration":{"num":27,"min":0.000007153,"max":0.000008821,"avg":0.000007824,"var":0.000000000,"sum":0.000211239},"relative_timestamp_from_irespond_start":{"num":27,"min":0.000002861,"max":0.000004768,"avg":0.000003620,"var":0.000000000,"sum":0.000097752}},"get_input":{"duration":{"num":27,"min":0.000004053,"max":0.000006676,"avg":0.000005431,"var":0.000000000,"sum":0.000146627},"relative_timestamp_from_ult_start":{"num":27,"min":0.000003815,"max":0.000007868,"avg":0.000004866,"var":0.000000000,"sum":0.000131369}}},"received from ofi+verbs;ofi_rxm://10.201.1.48:33521":{"handler":{"duration":{"num":28,"min":0.000003338,"max":0.000546932,"avg":0.000029300,"var":0.000000279,"sum":0.000820398}},"ult":{"duration":{"num":28,"min":2.000262976,"max":4.000695705,"avg":3.107666544,"var":16.684031496,"sum":87.014663219},"relative_timestamp_from_handler_start":{"num":28,"min":0.000010729,"max":2.000321388,"avg":0.571560127,"var":14.860553890,"sum":16.003683567}},"irespond":{"duration":{"num":28,"min":0.000011921,"max":0.000021696,"avg":0.000019108,"var":0.000000000,"sum":0.000535011},"relative_timestamp_from_ult_start":{"num":28,"min":1.000076771,"max":1.000119209,"avg":1.000109238,"var":0.000000002,"sum":28.003058672}},"respond_cb":{"duration":{"num":28,"min":0.000000954,"max":0.000001907,"avg":0.000001473,"var":0.000000000,"sum":0.000041246},"relative_timestamp_from_irespond_start":{"num":28,"min":0.000059366,"max":2.000383377,"avg":0.535888544,"var":12.967604598,"sum":15.004879236}},"irespond_wait":{"duration":{"num":28,"min":1.000170946,"max":3.000555515,"avg":2.107531454,"var":16.683855901,"sum":59.010880709},"relative_timestamp_from_irespond_end":{"num":28,"min":0.000000715,"max":0.000001669,"avg":0.000001405,"var":0.000000000,"sum":0.000039339}},"set_output":{"duration":{"num":28,"min":0.000004768,"max":0.000008821,"avg":0.000007595,"var":0.000000000,"sum":0.000212669},"relative_timestamp_from_irespond_start":{"num":28,"min":0.000002623,"max":0.000004292,"avg":0.000003644,"var":0.000000000,"sum":0.000102043}},"get_input":{"duration":{"num":28,"min":0.000002861,"max":0.000007629,"avg":0.000005398,"var":0.000000000,"sum":0.000151157},"relative_timestamp_from_ult_start":{"num":28,"min":0.000002861,"max":0.000006914,"avg":0.000004777,"var":0.000000000,"sum":0.000133753}}},"received from ofi+verbs;ofi_rxm://10.201.1.56:43632":{"handler":{"duration":{"num":26,"min":0.000003338,"max":0.000021935,"avg":0.000011187,"var":0.000000001,"sum":0.000290871}},"ult":{"duration":{"num":26,"min":1.000168800,"max":4.000691891,"avg":3.000503925,"var":20.005816910,"sum":78.013102055},"relative_timestamp_from_handler_start":{"num":26,"min":0.000017643,"max":2.000305653,"avg":0.423169631,"var":10.348877576,"sum":11.002410412}},"irespond":{"duration":{"num":26,"min":0.000017881,"max":0.000021696,"avg":0.000019559,"var":0.000000000,"sum":0.000508547},"relative_timestamp_from_ult_start":{"num":26,"min":1.000102520,"max":1.000264645,"avg":1.000117870,"var":0.000000023,"sum":26.003064632}},"respond_cb":{"duration":{"num":26,"min":0.000000954,"max":0.000002146,"avg":0.000001541,"var":0.000000000,"sum":0.000040054},"relative_timestamp_from_irespond_start":{"num":26,"min":0.000035286,"max":2.000404358,"avg":0.692490018,"var":13.542331766,"sum":18.004740477}},"irespond_wait":{"duration":{"num":26,"min":0.000022888,"max":3.000554085,"avg":2.000360315,"var":20.006434019,"sum":52.009368181},"relative_timestamp_from_irespond_end":{"num":26,"min":0.000000954,"max":0.000001669,"avg":0.000001394,"var":0.000000000,"sum":0.000036240}},"set_output":{"duration":{"num":26,"min":0.000007153,"max":0.000008821,"avg":0.000007822,"var":0.000000000,"sum":0.000203371},"relative_timestamp_from_irespond_start":{"num":26,"min":0.000003338,"max":0.000004292,"avg":0.000003732,"var":0.000000000,"sum":0.000097036}},"get_input":{"duration":{"num":26,"min":0.000005007,"max":0.000009060,"avg":0.000005869,"var":0.000000000,"sum":0.000152588},"relative_timestamp_from_ult_start":{"num":26,"min":0.000003576,"max":0.000009775,"avg":0.000004998,"var":0.000000000,"sum":0.000129938}}}}},"65535:65535:1161428991:0":{"rpc_id":1161428991,"provider_id":0,"parent_rpc_id":65535,"parent_provider_id":65535,"name":"prod",