{"address":"ofi+verbs;ofi_rxm://10.201.1.48:33521","progress_loop":{"progress_with_timeout":{"num":2296,"min":0.012659550,"max":0.108713388,"avg":0.101979871,"var":0.254320068,"sum":234.145784855},"progress_timeout_value_msec":{"num":2296,"min":100.000000000,"max":100.000000000,"avg":100.000000000,"var":0.000000000,"sum":229600.000000000},"progress_without_timeout":{"num":0,"min":0.000000000,"max":0.000000000,"avg":0.000000000,"var":0.000000000,"sum":0.000000000},"trigger":{"num":100,"min":0.000001907,"max":0.000008583,"avg":0.000002899,"var":0.000000000,"sum":0.000289917}},"rpcs":{"65535:65535:1471021055:0":{"rpc_id":1471021055,"provider_id":0,"parent_rpc_id":65535,"parent_provider_id":65535,"name":"sum","origin":{"sent to ofi+verbs;ofi_rxm://10.201.1.56:44089":{"iforward":{"duration":{"num":28,"min":0.000015497,"max":0.002238274,"avg":0.000106037,"var":0.000004715,"sum":0.002969027},"relative_timestamp_from_create":{"num":28,"min":0.000001192,"max":0.000003815,"avg":0.000001933,"var":0.000000000,"sum":0.000054121}},"forward_cb":{"duration":{"num":28,"min":0.000000954,"max":0.000003576,"avg":0.000001924,"var":0.000000000,"sum":0.000053883},"relative_timestamp_from_iforward_start":{"num":28,"min":1.000340939,"max":4.000727415,"avg":2.892768051,"var":28.675592495,"sum":80.997505426}},"iforward_wait":{"duration":{"num":28,"min":1.000323296,"max":4.000711679,"avg":2.892668860,"var":28.675142457,"sum":80.994728088},"relative_timestamp_from_iforward_end":{"num":28,"min":0.000000238,"max":0.000000477,"avg":0.000000255,"var":0.000000000,"sum":0.000007153}},"set_input":{"duration":{"num":28,"min":0.000002861,"max":0.000007868,"avg":0.000005381,"var":0.000000000,"sum":0.000150681},"relative_timestamp_from_iforward_start":{"num":28,"min":0.000009775,"max":0.000020742,"avg":0.000015676,"var":0.000000000,"sum":0.000438929}},"get_output":{"duration":{"num":0,"min":0.000000000,"max":0.000000000,"avg":0.000000000,"var":0.000000000,"sum":0.000000000},"relative_timestamp_from_wait_end":{"num":0,"min":0.000000000,"max":0.000000000,"avg":0.000000000,"var":0.000000000,"sum":0.000000000}}}}},"65535:65535:1161428991:0":{"rpc_id":1161428991,"provider_id":0,"parent_rpc_id":65535,"parent_provider_id":65535,"name":"prod","origin":{"sent to ofi+verbs;ofi_rxm://10.201.1.56:44089":{"iforward":{"duration":{"num":23,"min":0.000025034,"max":0.000037670,"avg":0.000029232,"var":0.000000000,"sum":0.000672340},"relative_timestamp_from_create":{"num":23,"min":0.000001431,"max":0.000004053,"avg":0.000002042,"var":0.000000000,"sum":0.000046968}},"forward_cb":{"duration":{"num":23,"min":0.000001431,"max":0.000002146,"avg":0.000001762,"var":0.000000000,"sum":0.000040531},"relative_timestamp_from_iforward_start":{"num":23,"min":1.000339031,"max":4.000730753,"avg":2.869390519,"var":20.637116179,"sum":65.995981932}},"iforward_wait":{"duration":{"num":23,"min":1.000313044,"max":4.000708818,"avg":2.869367568,"var":20.637099139,"sum":65.995454073},"relative_timestamp_from_iforward_end":{"num":23,"min":0.000000000,"max":0.000000477,"avg":0.000000238,"var":0.000000000,"sum":0.000005484}},"set_input":{"duration":{"num":23,"min":0.000005245,"max":0.000007629,"avg":0.000005909,"var":0.000000000,"sum":0.000135899},"relative_timestamp_from_iforward_start":{"num":23,"min":0.000014305,"max":0.000023365,"avg":0.000017166,"var":0.000000000,"sum":0.000394821}},"get_output":{"duration":{"num":0,"min":0.000000000,"max":0.000000000,"avg":0.000000000,"var":0.000000000,"sum":0.000000000},"relative_timestamp_from_wait_end":{"num":0,"min":0.000000000,"max":0.000000000,"avg":0.000000000,"var":0.000000000,"sum":0.000000000}}}}},"65535:65535:1161428991:1":{"rpc_id":1161428991,"provider_id":1,"parent_rpc_id":65535,"parent_provider_id":65535,"name":"prod","origin":{"sent to ofi+verbs;ofi_rxm://10.201.0.71:51980":{"iforward":{"duration":{"num":27,"min":0.000025511,"max":0.001761913,"avg":0.000093098,"var":0.000002892,"sum":0.002513647},"relative_timestamp_from_create":{"num":27,"min":0.000001431,"max":0.000003576,"avg":0.000002190,"var":0.000000000,"sum":0.000059128}},"forward_cb":{"duration":{"num":27,"min":0.000000954,"max":0.000002146,"avg":0.000001492,"var":0.000000000,"sum":0.000040293},"relative_timestamp_from_iforward_start":{"num":27,"min":1.000272989,"max":4.000592470,"avg":1.631060998,"var":20.319636288,"sum":44.038646936}},"iforward_wait":{"duration":{"num":27,"min":1.000250578,"max":4.000570536,"avg":1.630973392,"var":20.318331795,"sum":44.036281586},"relative_timestamp_from_iforward_end":{"num":27,"min":0.000000238,"max":0.000000954,"avg":0.000000300,"var":0.000000000,"sum":0.000008106}},"set_input":{"duration":{"num":27,"min":0.000005245,"max":0.000007868,"avg":0.000005863,"var":0.000000000,"sum":0.000158310},"relative_timestamp_from_iforward_start":{"num":27,"min":0.000014544,"max":0.000020504,"avg":0.000016972,"var":0.000000000,"sum":0.000458241}},"get_output":{"duration":{"num":0,"min":0.000000000,"max":0.000000000,"avg":0.000000000,"var":0.000000000,"sum":0.000000000},"relative_timestamp_from_wait_end":{"num":0,"min":0.000000000,"max":0.000000000,"avg":0.000000000,"var":0.000000000,"sum":0.000000000}}}}},"65535:65535:1471021055:1":{"rpc_id":1471021055,"provider_id":1,"parent_rpc_id":65535,"parent_provider_id":65535,"name":"sum","origin":{"sent to ofi+verbs;ofi_rxm://10.201.0.71:51980":{"iforward":{"duration":{"num":22,"min":0.000022411,"max":0.000033140,"avg":0.000027386,"var":0.000000000,"sum":0.000602484},"relative_timestamp_from_create":{"num":22,"min":0.000001431,"max":0.000004768,"avg":0.000002027,"var":0.000000000,"sum":0.000044584}},"forward_cb":{"duration":{"num":22,"min":0.000000954,"max":0.000002146,"avg":0.000001615,"var":0.000000000,"sum":0.000035524},"relative_timestamp_from_iforward_start":{"num":22,"min":1.000269651,"max":4.000276566,"avg":1.955467918,"var":14.955272686,"sum":43.020294189}},"iforward_wait":{"duration":{"num":22,"min":1.000244141,"max":4.000256300,"avg":1.955446330,"var":14.955291510,"sum":43.019819260},"relative_timestamp_from_iforward_end":{"num":22,"min":0.000000238,"max":0.000000477,"avg":0.000000271,"var":0.000000000,"sum":0.000005960}},"set_input":{"duration":{"num":22,"min":0.000005007,"max":0.000007153,"avg":0.000005798,"var":0.000000000,"sum":0.000127554},"relative_timestamp_from_iforward_start":{"num":22,"min":0.000011921,"max":0.000022650,"avg":0.000016483,"var":0.000000000,"sum":0.000362635}},"get_output":{"duration":{"num":0,"min":0.000000000,"max":0.000000000,"avg":0.000000000,"var":0.000000000,"sum":0.000000000},"relative_timestamp_from_wait_end":{"num":0,"min":0.000000000,"max":0.000000000,"avg":0.000000000,"var":0.000000000,"sum":0.000000000}}}}}}}