{"address":"ofi+verbs;ofi_rxm://10.201.1.48:54179","progress_loop":{"progress_with_timeout":{"num":2413,"min":0.094456673,"max":0.108726263,"avg":0.103981774,"var":0.004818300,"sum":250.908019781},"progress_timeout_value_msec":{"num":2413,"min":100.000000000,"max":100.000000000,"avg":100.000000000,"var":0.000000000,"sum":241300.000000000},"progress_without_timeout":{"num":2,"min":0.000001669,"max":0.000004530,"avg":0.000003099,"var":0.000000000,"sum":0.000006199},"trigger":{"num":2,"min":0.000002861,"max":0.000028610,"avg":0.000015736,"var":0.000000000,"sum":0.000031471}},"rpcs":{"65535:65535:3542155263:65535":{"rpc_id":3542155263,"provider_id":65535,"parent_rpc_id":65535,"parent_provider_id":65535,"name":"__shutdown__","target":{"received from ofi+verbs;ofi_rxm://10.201.1.56:43632":{"handler":{"duration":{"num":1,"min":0.000015736,"max":0.000015736,"avg":0.000015736,"var":0.000000000,"sum":0.000015736}},"ult":{"duration":{"num":1,"min":0.014389515,"max":0.014389515,"avg":0.014389515,"var":0.000000000,"sum":0.014389515},"relative_timestamp_from_handler_start":{"num":1,"min":0.000023365,"max":0.000023365,"avg":0.000023365,"var":0.000000000,"sum":0.000023365}},"irespond":{"duration":{"num":1,"min":0.014370203,"max":0.014370203,"avg":0.014370203,"var":0.000000000,"sum":0.014370203},"relative_timestamp_from_ult_start":{"num":1,"min":0.000000954,"max":0.000000954,"avg":0.000000954,"var":0.000000000,"sum":0.000000954}},"respond_cb":{"duration":{"num":1,"min":0.000000954,"max":0.000000954,"avg":0.000000954,"var":0.000000000,"sum":0.000000954},"relative_timestamp_from_irespond_start":{"num":1,"min":0.014382601,"max":0.014382601,"avg":0.014382601,"var":0.000000000,"sum":0.014382601}},"irespond_wait":{"duration":{"num":1,"min":0.000014067,"max":0.000014067,"avg":0.000014067,"var":0.000000000,"sum":0.000014067},"relative_timestamp_from_irespond_end":{"num":1,"min":0.000000477,"max":0.000000477,"avg":0.000000477,"var":0.000000000,"sum":0.000000477}},"set_output":{"duration":{"num":1,"min":0.000000238,"max":0.000000238,"avg":0.000000238,"var":0.000000000,"sum":0.000000238},"relative_timestamp_from_irespond_start":{"num":1,"min":0.000002146,"max":0.000002146,"avg":0.000002146,"var":0.000000000,"sum":0.000002146}},"get_input":{"duration":{"num":0,"min":0.000000000,"max":0.000000000,"avg":0.000000000,"var":0.000000000,"sum":0.000000000},"relative_timestamp_from_ult_start":{"num":0,"min":0.000000000,"max":0.000000000,"avg":0.000000000,"var":0.000000000,"sum":0.000000000}}}}}}}