{"address":"ofi+verbs;ofi_rxm://10.201.1.194:60111","progress_loop":{"progress_with_timeout":{"num":367,"min":0.000042915,"max":0.104254723,"avg":0.096410595,"var":0.099354584,"sum":35.382688522},"progress_timeout_value_msec":{"num":367,"min":100.000000000,"max":100.000000000,"avg":100.000000000,"var":0.000000000,"sum":36700.000000000},"progress_without_timeout":{"num":10582207,"min":0.000001192,"max":0.112003803,"avg":0.000006020,"var":1.608873871,"sum":63.703556299},"trigger":{"num":416,"min":0.000003338,"max":0.066633224,"avg":0.009687115,"var":0.025703661,"sum":4.029839993}},"rpcs":{"65535:65535:1471021055:0":{"rpc_id":1471021055,"provider_id":0,"parent_rpc_id":65535,"parent_provider_id":65535,"name":"sum","target":{"received from ofi+verbs;ofi_rxm://10.201.1.194:42784":{"handler":{"duration":{"num":25,"min":0.000005484,"max":0.014835596,"avg":0.008097668,"var":0.000764331,"sum":0.202441692}},"ult":{"duration":{"num":25,"min":1.084944487,"max":2.491973639,"avg":1.912879362,"var":3.609162849,"sum":47.821984053},"relative_timestamp_from_handler_start":{"num":25,"min":0.000009060,"max":0.063098192,"avg":0.007600956,"var":0.006488433,"sum":0.190023899}},"irespond":{"duration":{"num":25,"min":0.000005722,"max":0.049262524,"avg":0.007665882,"var":0.005354041,"sum":0.191647053},"relative_timestamp_from_ult_start":{"num":25,"min":1.020385981,"max":2.459138870,"avg":1.872235193,"var":3.653655456,"sum":46.805879831}},"respond_cb":{"duration":{"num":25,"min":0.000001431,"max":0.015919447,"avg":0.007638092,"var":0.000777317,"sum":0.190952301},"relative_timestamp_from_irespond_start":{"num":25,"min":0.000088692,"max":0.079822779,"avg":0.015938921,"var":0.010877064,"sum":0.398473024}},"irespond_wait":{"duration":{"num":25,"min":0.008630991,"max":0.067996740,"avg":0.032973118,"var":0.004320734,"sum":0.824327946},"relative_timestamp_from_irespond_end":{"num":25,"min":0.000000954,"max":0.000002146,"avg":0.000001326,"var":0.000000000,"sum":0.000033140}},"set_output":{"duration":{"num":25,"min":0.000001907,"max":0.000005484,"avg":0.000003948,"var":0.000000000,"sum":0.000098705},"relative_timestamp_from_irespond_start":{"num":25,"min":0.000000954,"max":0.000003338,"avg":0.000001745,"var":0.000000000,"sum":0.000043631}},"get_input":{"duration":{"num":25,"min":0.000002384,"max":0.000010490,"avg":0.000004272,"var":0.000000000,"sum":0.000106812},"relative_timestamp_from_ult_start":{"num":25,"min":0.000002384,"max":0.000021935,"avg":0.000004663,"var":0.000000000,"sum":0.000116587}}},"received from ofi+verbs;ofi_rxm://10.201.1.193:54358":{"handler":{"duration":{"num":24,"min":0.000005007,"max":0.025498390,"avg":0.011616419,"var":0.000993518,"sum":0.278794050}},"ult":{"duration":{"num":24,"min":1.069477797,"max":2.551906347,"avg":1.979055405,"var":4.915701015,"sum":47.497329712},"relative_timestamp_from_handler_start":{"num":24,"min":0.000008821,"max":0.018969059,"avg":0.003872434,"var":0.000929346,"sum":0.092938423}},"irespond":{"duration":{"num":24,"min":0.000006437,"max":0.032517195,"avg":0.003688703,"var":0.002224600,"sum":0.088528872},"relative_timestamp_from_ult_start":{"num":24,"min":1.038259983,"max":2.494637489,"avg":1.933273206,"var":4.796480393,"sum":46.398556948}},"respond_cb":{"duration":{"num":24,"min":0.000001431,"max":0.018787622,"avg":0.007141928,"var":0.001048624,"sum":0.171406269},"relative_timestamp_from_irespond_start":{"num":24,"min":0.000015497,"max":0.050301552,"avg":0.015228977,"var":0.007605729,"sum":0.365495443}},"irespond_wait":{"duration":{"num":24,"min":0.008211374,"max":0.071098566,"avg":0.042088936,"var":0.007421851,"sum":1.010134459},"relative_timestamp_from_irespond_end":{"num":24,"min":0.000000715,"max":0.000001907,"avg":0.000001182,"var":0.000000000,"sum":0.000028372}},"set_output":{"duration":{"num":24,"min":0.000001669,"max":0.000005722,"avg":0.000003954,"var":0.000000000,"sum":0.000094891},"relative_timestamp_from_irespond_start":{"num":24,"min":0.000001192,"max":0.000002146,"avg":0.000001719,"var":0.000000000,"sum":0.000041246}},"get_input":{"duration":{"num":24,"min":0.000002384,"max":0.000006199,"avg":0.000003735,"var":0.000000000,"sum":0.000089645},"relative_timestamp_from_ult_start":{"num":24,"min":0.000002384,"max":0.000007153,"avg":0.000003844,"var":0.000000000,"sum":0.000092268}}},"received from ofi+verbs;ofi_rxm://10.201.1.197:58012":{"handler":{"duration":{"num":21,"min":0.000005245,"max":0.027812958,"avg":0.009364809,"var":0.001212758,"sum":0.196660995}},"ult":{"duration":{"num":21,"min":1.055022001,"max":2.543906689,"avg":1.973191522,"var":4.553911224,"sum":41.437021971},"relative_timestamp_from_handler_start":{"num":21,"min":0.000008583,"max":0.012073755,"avg":0.003919056,"var":0.000559737,"sum":0.082300186}},"irespond":{"duration":{"num":21,"min":0.000006199,"max":0.060255289,"avg":0.005088011,"var":0.004418993,"sum":0.106848240},"relative_timestamp_from_ult_start":{"num":21,"min":1.031059980,"max":2.514305830,"avg":1.931077242,"var":4.596665360,"sum":40.552622080}},"respond_cb":{"duration":{"num":21,"min":0.000001907,"max":0.027983665,"avg":0.008998916,"var":0.001260403,"sum":0.188977242},"relative_timestamp_from_irespond_start":{"num":21,"min":0.000018835,"max":0.060269833,"avg":0.013762031,"var":0.006108273,"sum":0.289002657}},"irespond_wait":{"duration":{"num":21,"min":0.011996984,"max":0.080771923,"avg":0.037022114,"var":0.006083025,"sum":0.777464390},"relative_timestamp_from_irespond_end":{"num":21,"min":0.000000715,"max":0.000001431,"avg":0.000001147,"var":0.000000000,"sum":0.000024080}},"set_output":{"duration":{"num":21,"min":0.000002384,"max":0.000005722,"avg":0.000003974,"var":0.000000000,"sum":0.000083447},"relative_timestamp_from_irespond_start":{"num":21,"min":0.000001431,"max":0.000001907,"avg":0.000001612,"var":0.000000000,"sum":0.000033855}},"get_input":{"duration":{"num":21,"min":0.000002384,"max":0.000008345,"avg":0.000003724,"var":0.000000000,"sum":0.000078201},"relative_timestamp_from_ult_start":{"num":21,"min":0.000002384,"max":0.000007153,"avg":0.000003735,"var":0.000000000,"sum":0.000078440}}},"received from ofi+verbs;ofi_rxm://10.201.1.227:50972":{"handler":{"duration":{"num":28,"min":0.000006676,"max":0.021412849,"avg":0.009134378,"var":0.000939992,"sum":0.255762577}},"ult":{"duration":{"num":28,"min":1.047980785,"max":2.547454357,"avg":1.812372191,"var":6.026391802,"sum":50.746421337},"relative_timestamp_from_handler_start":{"num":28,"min":0.000009060,"max":0.079979181,"avg":0.006589694,"var":0.007452238,"sum":0.184511423}},"irespond":{"duration":{"num":28,"min":0.000005245,"max":0.059685946,"avg":0.004675797,"var":0.004622522,"sum":0.130922318},"relative_timestamp_from_ult_start":{"num":28,"min":1.016117573,"max":2.496626139,"avg":1.768103029,"var":6.214070428,"sum":49.506884813}},"respond_cb":{"duration":{"num":28,"min":0.000001431,"max":0.025512457,"avg":0.010300185,"var":0.001352867,"sum":0.288405180},"relative_timestamp_from_irespond_start":{"num":28,"min":0.000018358,"max":0.071692467,"avg":0.010503565,"var":0.007194507,"sum":0.294099808}},"irespond_wait":{"duration":{"num":28,"min":0.013698578,"max":0.085523605,"avg":0.039589260,"var":0.009478483,"sum":1.108499289},"relative_timestamp_from_irespond_end":{"num":28,"min":0.000000715,"max":0.000001431,"avg":0.000001107,"var":0.000000000,"sum":0.000030994}},"set_output":{"duration":{"num":28,"min":0.000001907,"max":0.000005722,"avg":0.000004172,"var":0.000000000,"sum":0.000116825},"relative_timestamp_from_irespond_start":{"num":28,"min":0.000000954,"max":0.000002146,"avg":0.000001592,"var":0.000000000,"sum":0.000044584}},"get_input":{"duration":{"num":28,"min":0.000002384,"max":0.000008106,"avg":0.000003806,"var":0.000000000,"sum":0.000106573},"relative_timestamp_from_ult_start":{"num":28,"min":0.000002384,"max":0.000007629,"avg":0.000003781,"var":0.000000000,"sum":0.000105858}}}}},"65535:65535:1161428991:0":{"rpc_id":1161428991,"provider_id":0,"parent_rpc_id":65535,"parent_provider_id":65535,"name":"prod",