{"address":"ofi+verbs;ofi_rxm://10.201.1.193:60324","rpcs":{"__shutdown__:65535":{"timestamps":[1699027926.903608561],"count":[1],"bulk_size":[0]}},"pools":{"__primary__":{"timestamps":[1699027731.583732843,1699027732.623619556,1699027733.663589239,1699027734.703553915,1699027735.743463755,1699027736.783423424,1699027737.823375463,1699027738.863399506,1699027739.903325558,1699027740.943423986,1699027741.984284163,1699027743.024097443,1699027744.063972950,1699027745.103904724,1699027746.143620968,1699027747.183279514,1699027748.224228144,1699027749.264179945,1699027750.304057598,1699027751.344052315,1699027752.383976936,1699027753.423850298,1699027754.463571072,1699027755.504317522,1699027756.543264866,1699027757.584309578,1699027758.624299765,1699027759.664347410,1699027760.704268932,1699027761.744218111,1699027762.784153700,1699027763.824085951,1699027764.864073515,1699027765.904036760,1699027766.943949223,1699027767.983674288,1699027769.023404598,1699027770.063279152,1699027771.104222298,1699027772.144234419,1699027773.184182882,1699027774.224030972,1699027775.264047146,1699027776.303978443,1699027777.343835831,1699027778.384309053,1699027779.424257040,1699027780.464307070,1699027781.503294945,1699027782.543272257,1699027783.583272934,1699027784.623420238,1699027785.663415194,1699027786.703397751,1699027787.743351698,1699027788.784315586,1699027789.824232578,1699027790.864124775,1699027791.904114008,1699027792.944059372,1699027793.984068632,1699027795.024028063,1699027796.064003468,1699027797.103881598,1699027798.143818855,1699027799.183713913,1699027800.223739386,1699027801.263709068,1699027802.303707838,1699027803.343631744,1699027804.383559465,1699027805.423444986,1699027806.463278294,1699027807.503276587,1699027808.544295073,1699027809.583966017,1699027810.623985767,1699027811.663935184,1699027812.703850746,1699027813.743810654,1699027814.783762455,1699027815.823714018,1699027816.863714218,1699027817.903708458,1699027818.943702459,1699027819.983692884,1699027821.023710489,1699027822.063701391,1699027823.103693008,1699027824.143728256,1699027825.183700800,1699027826.223694563,1699027827.263664246,1699027828.300439835,1699027829.343329430,1699027830.383365154,1699027831.423279047,1699027832.464259863,1699027833.504265070,1699027834.544273138,1699027835.584067106,1699027836.624077797,1699027837.663779736,1699027838.703449011,1699027839.744343281,1699027840.783270597,1699027841.823278666,1699027842.864297152,1699027843.904211283,1699027844.944143772,1699027845.983931303,1699027847.023922920,1699027848.063894749,1699027849.103765965,1699027850.143711090,1699027851.183581591,1699027852.223527431,1699027853.263482809,1699027854.304334402,1699027855.344392300,1699027856.387351513,1699027857.427368641,1699027858.468168020,1699027859.508127689,1699027860.547972679,1699027861.587850809,1699027862.627715111,1699027863.667633057,1699027864.707439423,1699027865.748317957,1699027866.787937880,1699027867.827784777,1699027868.867738247,1699027869.907674551,1699027870.947419882,1699027871.987378120,1699027873.028173923,1699027874.068135738,1699027875.108081818,1699027876.147818565,1699027877.187796593,1699027878.227467775,1699027879.267992258,1699027880.307909727,1699027881.347615004,1699027882.387446404,1699027883.427632570,1699027884.467621088,1699027885.504374266,1699027886.547371864,1699027887.588155270,1699027888.628123760,1699027889.668127298,1699027890.708024263,1699027891.747983932,1699027892.787883282,1699027893.827851534,1699027894.867692471,1699027895.907278538,1699027896.947952986,1699027897.987814188,1699027899.028328896,1699027900.068014860,1699027901.107464552,1699027902.147375584,1699027903.188321352,1699027904.228232145,1699027905.264459133,1699027906.308193922,1699027907.347872257,1699027908.387574911,1699027909.427547932,1699027910.468258381,1699027911.507950306,1699027912.547591209,1699027913.587547541,1699027914.627477646,1699027915.668199778,1699027916.707871675,1699027917.747582197,1699027918.787550688,1699027919.824267149,1699027920.864119530,1699027921.907364368,1699027922.947350740,1699027923.987335205,1699027925.027320147,1699027926.067262650,1699027926.903608561],"size":[0,0,0,0,0,0,0,0,0,0,0,0,0,0,0,0,0,0,0,0,0,0,0,0,0,0,0,0,0,0,0,0,0,0,0,0,0,0,0,0,0,0,0,0,0,0,0,0,0,0,0,0,0,0,0,0,0,0,0,0,0,0,0,0,0,0,0,0,0,0,0,0,0,0,0,0,0,0,0,0,0,0,0,0,0,0,0,0,0,0,0,0,0,0,0,0,0,0,0,0,0,0,0,0,0,0,0,0,0,0,0,0,0,0,0,0,0,0,0,0,0,0,0,0,0,0,0,0,0,0,0,0,0,0,0,0,0,0,0,0,0,0,0,0,0,0,0,0,0,0,0,0,0,0,0,0,0,0,0,0,0,0,0,0,0,0,0,0,0,0,0,0,0,0,0,0,0,0,0,0,0,0,0,0,0,0,0,0,0],"total_size":[1,1,1,1,1,1,1,1,1,1,1,1,1,1,1,1,1,1,1,1,1,1,1,1,1,1,1,1,1,1,1,1,1,1,1,1,1,1,1,1,1,1,1,1,1,1,1,1,1,1,1,1,1,1,1,1,1,1,1,1,1,1,1,1,1,1,1,1,1,1,1,1,1,1,1,1,1,1,1,1,1,1,1,1,1,1,1,1,1,1,1,1,1,1,1,1,1,1,1,1,1,1,1,1,1,1,1,1,1,1,1,1,1,1,1,1,1,1,1,1,1,1,1,1,1,1,1,1,1,1,1,1,1,1,1,1,1,1,1,1,1,1,1,1,1,1,1,1,1,1,1,1,1,1,1,1,1,1,1,1,1,1,1,1,1,1,1,1,1,1,1,1,1,1,1,1,1,1,1,1,1,1,1,1,1,1,1,1,0]},