{"address":"ofi+verbs;ofi_rxm://10.201.1.197:58012","progress_loop":{"progress_with_timeout":{"num":1833,"min":0.000766993,"max":0.115268707,"avg":0.101134020,"var":0.367783134,"sum":185.378658295},"progress_timeout_value_msec":{"num":1833,"min":100.000000000,"max":100.000000000,"avg":100.000000000,"var":0.000000000,"sum":183300.000000000},"progress_without_timeout":{"num":0,"min":0.000000000,"max":0.000000000,"avg":0.000000000,"var":0.000000000,"sum":0.000000000},"trigger":{"num":100,"min":0.000000715,"max":0.000006437,"avg":0.000001566,"var":0.000000000,"sum":0.000156641}},"rpcs":{"65535:65535:1471021055:1":{"rpc_id":1471021055,"provider_id":1,"parent_rpc_id":65535,"parent_provider_id":65535,"name":"sum","origin":{"sent to ofi+verbs;ofi_rxm://10.201.1.197:52177":{"iforward":{"duration":{"num":29,"min":0.000009537,"max":0.001981020,"avg":0.000081202,"var":0.000003739,"sum":0.002354860},"relative_timestamp_from_create":{"num":29,"min":0.000000715,"max":0.000002861,"avg":0.000001332,"var":0.000000000,"sum":0.000038624}},"forward_cb":{"duration":{"num":29,"min":0.000000477,"max":0.000002146,"avg":0.000000814,"var":0.000000000,"sum":0.000023603},"relative_timestamp_from_iforward_start":{"num":29,"min":1.032871246,"max":2.540044069,"avg":1.755608624,"var":7.317345083,"sum":50.912650108}},"iforward_wait":{"duration":{"num":29,"min":1.032862186,"max":2.540036201,"avg":1.755530497,"var":7.318125121,"sum":50.910384417},"relative_timestamp_from_iforward_end":{"num":29,"min":0.000000000,"max":0.000000477,"avg":0.000000132,"var":0.000000000,"sum":0.000003815}},"set_input":{"duration":{"num":29,"min":0.000001669,"max":0.000004768,"avg":0.000002697,"var":0.000000000,"sum":0.000078201},"relative_timestamp_from_iforward_start":{"num":29,"min":0.000005007,"max":0.000014067,"avg":0.000007810,"var":0.000000000,"sum":0.000226498}},"get_output":{"duration":{"num":0,"min":0.000000000,"max":0.000000000,"avg":0.000000000,"var":0.000000000,"sum":0.000000000},"relative_timestamp_from_wait_end":{"num":0,"min":0.000000000,"max":0.000000000,"avg":0.000000000,"var":0.000000000,"sum":0.000000000}}}}},"65535:65535:1161428991:1":{"rpc_id":1161428991,"provider_id":1,"parent_rpc_id":65535,"parent_provider_id":65535,"name":"prod","origin":{"sent to ofi+verbs;ofi_rxm://10.201.1.197:52177":{"iforward":{"duration":{"num":21,"min":0.000010490,"max":0.000022888,"avg":0.000013476,"var":0.000000000,"sum":0.000283003},"relative_timestamp_from_create":{"num":21,"min":0.000000954,"max":0.000002384,"avg":0.000001362,"var":0.000000000,"sum":0.000028610}},"forward_cb":{"duration":{"num":21,"min":0.000000477,"max":0.000000954,"avg":0.000000772,"var":0.000000000,"sum":0.000016212},"relative_timestamp_from_iforward_start":{"num":21,"min":1.045114994,"max":2.529735088,"avg":1.841292427,"var":3.588171472,"sum":38.667140961}},"iforward_wait":{"duration":{"num":21,"min":1.045106411,"max":2.529724598,"avg":1.841281811,"var":3.588166808,"sum":38.666918039},"relative_timestamp_from_iforward_end":{"num":21,"min":0.000000000,"max":0.000000477,"avg":0.000000182,"var":0.000000000,"sum":0.000003815}},"set_input":{"duration":{"num":21,"min":0.000001907,"max":0.000005007,"avg":0.000002861,"var":0.000000000,"sum":0.000060081},"relative_timestamp_from_iforward_start":{"num":21,"min":0.000005960,"max":0.000013828,"avg":0.000007981,"var":0.000000000,"sum":0.000167608}},"get_output":{"duration":{"num":0,"min":0.000000000,"max":0.000000000,"avg":0.000000000,"var":0.000000000,"sum":0.000000000},"relative_timestamp_from_wait_end":{"num":0,"min":0.000000000,"max":0.000000000,"avg":0.000000000,"var":0.000000000,"sum":0.000000000}}}}},"65535:65535:1471021055:0":{"rpc_id":1471021055,"provider_id":0,"parent_rpc_id":65535,"parent_provider_id":65535,"name":"sum","origin":{"sent to ofi+verbs;ofi_rxm://10.201.1.194:60111":{"iforward":{"duration":{"num":21,"min":0.000010490,"max":0.001414776,"avg":0.000079882,"var":0.000001871,"sum":0.001677513},"relative_timestamp_from_create":{"num":21,"min":0.000000715,"max":0.000001907,"avg":0.000001238,"var":0.000000000,"sum":0.000025988}},"forward_cb":{"duration":{"num":21,"min":0.000000477,"max":0.000002146,"avg":0.000001169,"var":0.000000000,"sum":0.000024557},"relative_timestamp_from_iforward_start":{"num":21,"min":1.034484148,"max":2.574281931,"avg":1.952181385,"var":4.663969965,"sum":40.995809078}},"iforward_wait":{"duration":{"num":21,"min":1.033071756,"max":2.574278116,"avg":1.952105329,"var":4.666556673,"sum":40.994211912},"relative_timestamp_from_iforward_end":{"num":21,"min":0.000000000,"max":0.000000477,"avg":0.000000125,"var":0.000000000,"sum":0.000002623}},"set_input":{"duration":{"num":21,"min":0.000002146,"max":0.000005007,"avg":0.000002691,"var":0.000000000,"sum":0.000056505},"relative_timestamp_from_iforward_start":{"num":21,"min":0.000005960,"max":0.000012875,"avg":0.000007698,"var":0.000000000,"sum":0.000161648}},"get_output":{"duration":{"num":0,"min":0.000000000,"max":0.000000000,"avg":0.000000000,"var":0.000000000,"sum":0.000000000},"relative_timestamp_from_wait_end":{"num":0,"min":0.000000000,"max":0.000000000,"avg":0.000000000,"var":0.000000000,"sum":0.000000000}}}}},"65535:65535:1161428991:0":{"rpc_id":1161428991,"provider_id":0,"parent_rpc_id":65535,"parent_provider_id":65535,"name":"prod","origin":{"sent to ofi+verbs;ofi_rxm://10.201.1.194:60111":{"iforward":{"duration":{"num":29,"min":0.000010014,"max":0.000024796,"avg":0.000013705,"var":0.000000000,"sum":0.000397444},"relative_timestamp_from_create":{"num":29,"min":0.000000715,"max":0.000002384,"avg":0.000001332,"var":0.000000000,"sum":0.000038624}},"forward_cb":{"duration":{"num":29,"min":0.000000477,"max":0.000001669,"avg":0.000000970,"var":0.000000000,"sum":0.000028133},"relative_timestamp_from_iforward_start":{"num":29,"min":1.036800385,"max":2.432556152,"avg":1.886432903,"var":4.640828650,"sum":54.706554174}},"iforward_wait":{"duration":{"num":29,"min":1.036789417,"max":2.432549000,"avg":1.886422651,"var":4.640838486,"sum":54.706256866},"relative_timestamp_from_iforward_end":{"num":29,"min":0.000000000,"max":0.000000238,"avg":0.000000132,"var":0.000000000,"sum":0.000003815}},"set_input":{"duration":{"num":29,"min":0.000002146,"max":0.000005007,"avg":0.000002836,"var":0.000000000,"sum":0.000082254},"relative_timestamp_from_iforward_start":{"num":29,"min":0.000005722,"max":0.000014305,"avg":0.000007868,"var":0.000000000,"sum":0.000228167}},"get_output":{"duration":{"num":0,"min":0.000000000,"max":0.000000000,"avg":0.000000000,"var":0.000000000,"sum":0.000000000},"relative_timestamp_from_wait_end":{"num":0,"min":0.000000000,"max":0.000000000,"avg":0.000000000,"var":0.000000000,"sum":0.000000000}}}}}}}