{"address":"ofi+verbs;ofi_rxm://10.201.1.193:54358","progress_loop":{"progress_with_timeout":{"num":1779,"min":0.000162363,"max":0.107661009,"avg":0.101108538,"var":0.344481710,"sum":179.872088909},"progress_timeout_value_msec":{"num":1779,"min":100.000000000,"max":100.000000000,"avg":100.000000000,"var":0.000000000,"sum":177900.000000000},"progress_without_timeout":{"num":0,"min":0.000000000,"max":0.000000000,"avg":0.000000000,"var":0.000000000,"sum":0.000000000},"trigger":{"num":100,"min":0.000001192,"max":0.000005484,"avg":0.000002913,"var":0.000000000,"sum":0.000291348}},"rpcs":{"65535:65535:1471021055:0":{"rpc_id":1471021055,"provider_id":0,"parent_rpc_id":65535,"parent_provider_id":65535,"name":"sum","origin":{"sent to ofi+verbs;ofi_rxm://10.201.1.194:60111":{"iforward":{"duration":{"num":24,"min":0.000011444,"max":0.002126932,"avg":0.000109822,"var":0.000004246,"sum":0.002635717},"relative_timestamp_from_create":{"num":24,"min":0.000000954,"max":0.000003099,"avg":0.000001987,"var":0.000000000,"sum":0.000047684}},"forward_cb":{"duration":{"num":24,"min":0.000001192,"max":0.000002384,"avg":0.000001689,"var":0.000000000,"sum":0.000040531},"relative_timestamp_from_iforward_start":{"num":24,"min":1.038449049,"max":2.524093628,"avg":1.953835746,"var":5.015183241,"sum":46.892057896}},"iforward_wait":{"duration":{"num":24,"min":1.038434029,"max":2.524075747,"avg":1.953732083,"var":5.016846512,"sum":46.889569998},"relative_timestamp_from_iforward_end":{"num":24,"min":0.000000238,"max":0.000000477,"avg":0.000000248,"var":0.000000000,"sum":0.000005960}},"set_input":{"duration":{"num":24,"min":0.000002146,"max":0.000005722,"avg":0.000004381,"var":0.000000000,"sum":0.000105143},"relative_timestamp_from_iforward_start":{"num":24,"min":0.000007153,"max":0.000017166,"avg":0.000013242,"var":0.000000000,"sum":0.000317812}},"get_output":{"duration":{"num":0,"min":0.000000000,"max":0.000000000,"avg":0.000000000,"var":0.000000000,"sum":0.000000000},"relative_timestamp_from_wait_end":{"num":0,"min":0.000000000,"max":0.000000000,"avg":0.000000000,"var":0.000000000,"sum":0.000000000}}}}},"65535:65535:1161428991:1":{"rpc_id":1161428991,"provider_id":1,"parent_rpc_id":65535,"parent_provider_id":65535,"name":"prod","origin":{"sent to ofi+verbs;ofi_rxm://10.201.1.197:52177":{"iforward":{"duration":{"num":29,"min":0.000011444,"max":0.001529217,"avg":0.000074979,"var":0.000002191,"sum":0.002174377},"relative_timestamp_from_create":{"num":29,"min":0.000000954,"max":0.000002623,"avg":0.000001948,"var":0.000000000,"sum":0.000056505}},"forward_cb":{"duration":{"num":29,"min":0.000000954,"max":0.000001907,"avg":0.000001463,"var":0.000000000,"sum":0.000042439},"relative_timestamp_from_iforward_start":{"num":29,"min":1.017465115,"max":2.467304468,"avg":1.703499835,"var":6.125446444,"sum":49.401495218}},"iforward_wait":{"duration":{"num":29,"min":1.017444611,"max":2.467283964,"avg":1.703430242,"var":6.123548065,"sum":49.399477005},"relative_timestamp_from_iforward_end":{"num":29,"min":0.000000000,"max":0.000000715,"avg":0.000000230,"var":0.000000000,"sum":0.000006676}},"set_input":{"duration":{"num":29,"min":0.000002146,"max":0.000005960,"avg":0.000004357,"var":0.000000000,"sum":0.000126362},"relative_timestamp_from_iforward_start":{"num":29,"min":0.000006437,"max":0.000024319,"avg":0.000013721,"var":0.000000000,"sum":0.000397921}},"get_output":{"duration":{"num":0,"min":0.000000000,"max":0.000000000,"avg":0.000000000,"var":0.000000000,"sum":0.000000000},"relative_timestamp_from_wait_end":{"num":0,"min":0.000000000,"max":0.000000000,"avg":0.000000000,"var":0.000000000,"sum":0.000000000}}}}},"65535:65535:1471021055:1":{"rpc_id":1471021055,"provider_id":1,"parent_rpc_id":65535,"parent_provider_id":65535,"name":"sum","origin":{"sent to ofi+verbs;ofi_rxm://10.201.1.197:52177":{"iforward":{"duration":{"num":26,"min":0.000014782,"max":0.000034809,"avg":0.000024034,"var":0.000000000,"sum":0.000624895},"relative_timestamp_from_create":{"num":26,"min":0.000001192,"max":0.000002861,"avg":0.000002045,"var":0.000000000,"sum":0.000053167}},"forward_cb":{"duration":{"num":26,"min":0.000000477,"max":0.000001907,"avg":0.000001421,"var":0.000000000,"sum":0.000036955},"relative_timestamp_from_iforward_start":{"num":26,"min":1.031469107,"max":2.462122202,"avg":1.729214457,"var":5.996263424,"sum":44.959575891}},"iforward_wait":{"duration":{"num":26,"min":1.031450272,"max":2.462113142,"avg":1.729195732,"var":5.996310175,"sum":44.959089041},"relative_timestamp_from_iforward_end":{"num":26,"min":0.000000000,"max":0.000000477,"avg":0.000000238,"var":0.000000000,"sum":0.000006199}},"set_input":{"duration":{"num":26,"min":0.000002384,"max":0.000006199,"avg":0.000004723,"var":0.000000000,"sum":0.000122786},"relative_timestamp_from_iforward_start":{"num":26,"min":0.000009537,"max":0.000019550,"avg":0.000014113,"var":0.000000000,"sum":0.000366926}},"get_output":{"duration":{"num":0,"min":0.000000000,"max":0.000000000,"avg":0.000000000,"var":0.000000000,"sum":0.000000000},"relative_timestamp_from_wait_end":{"num":0,"min":0.000000000,"max":0.000000000,"avg":0.000000000,"var":0.000000000,"sum":0.000000000}}}}},"65535:65535:1161428991:0":{"rpc_id":1161428991,"provider_id":0,"parent_rpc_id":65535,"parent_provider_id":65535,"name":"prod","origin":{"sent to ofi+verbs;ofi_rxm://10.201.1.194:60111":{"iforward":{"duration":{"num":21,"min":0.000016451,"max":0.000032425,"avg":0.000024217,"var":0.000000000,"sum":0.000508547},"relative_timestamp_from_create":{"num":21,"min":0.000001192,"max":0.000002623,"avg":0.000002100,"var":0.000000000,"sum":0.000044107}},"forward_cb":{"duration":{"num":21,"min":0.000000477,"max":0.000001907,"avg":0.000001499,"var":0.000000000,"sum":0.000031471},"relative_timestamp_from_iforward_start":{"num":21,"min":1.014792204,"max":2.561670303,"avg":1.834515878,"var":4.274265600,"sum":38.524833441}},"iforward_wait":{"duration":{"num":21,"min":1.014774084,"max":2.561660051,"avg":1.834497293,"var":4.274280006,"sum":38.524443150},"relative_timestamp_from_iforward_end":{"num":21,"min":0.000000000,"max":0.000000477,"avg":0.000000227,"var":0.000000000,"sum":0.000004768}},"set_input":{"duration":{"num":21,"min":0.000002861,"max":0.000005960,"avg":0.000004621,"var":0.000000000,"sum":0.000097036},"relative_timestamp_from_iforward_start":{"num":21,"min":0.000010014,"max":0.000022411,"avg":0.000014532,"var":0.000000000,"sum":0.000305176}},"get_output":{"duration":{"num":0,"min":0.000000000,"max":0.000000000,"avg":0.000000000,"var":0.000000000,"sum":0.000000000},"relative_timestamp_from_wait_end":{"num":0,"min":0.000000000,"max":0.000000000,"avg":0.000000000,"var":0.000000000,"sum":0.000000000}}}}}}}