{"address":"ofi+verbs;ofi_rxm://10.201.1.227:52223","rpcs":{"__shutdown__:65535":{"timestamps":[1699027926.835381985],"count":[1],"bulk_size":[0]}},"pools":{"__primary__":{"timestamps":[1699027731.591406822,1699027732.631619215,1699027733.671936035,1699027734.712231874,1699027735.751563787,1699027736.791860342,1699027737.832159996,1699027738.871406794,1699027739.911664963,1699027740.951928616,1699027741.991647720,1699027743.031842470,1699027744.072137594,1699027745.111356974,1699027746.151737452,1699027747.192082405,1699027748.231278896,1699027749.271621704,1699027750.311945200,1699027751.351207733,1699027752.391520262,1699027753.431811094,1699027754.472227573,1699027755.511468410,1699027756.551737070,1699027757.592074871,1699027758.631210566,1699027759.671556711,1699027760.711869001,1699027761.752125025,1699027762.791395903,1699027763.831686735,1699027764.872034788,1699027765.911211252,1699027766.951579332,1699027767.991919279,1699027769.032163382,1699027770.071501255,1699027771.111948967,1699027772.152212858,1699027773.191466570,1699027774.231721640,1699027775.272057533,1699027776.311275005,1699027777.351505995,1699027778.376743555,1699027779.382398844,1699027780.383977175,1699027781.385562420,1699027782.391234398,1699027783.392756701,1699027784.398400068,1699027785.404069424,1699027786.409761190,1699027787.415418386,1699027788.417000055,1699027789.426484346,1699027790.428034782,1699027791.429606199,1699027792.431176424,1699027793.432735920,1699027794.438354731,1699027795.439824581,1699027796.441284180,1699027797.446932077,1699027798.448438168,1699027799.449813128,1699027800.451359510,1699027801.452824116,1699027802.454297781,1699027803.455848932,1699027804.457406521,1699027805.467157125,1699027806.468751192,1699027807.479911566,1699027808.520147324,1699027809.559462309,1699027810.599789858,1699027811.640137911,1699027812.679318428,1699027813.719713926,1699027814.759996414,1699027815.799211264,1699027816.839915752,1699027817.880253792,1699027818.919526100,1699027819.959769964,1699027820.999971390,1699027822.040283918,1699027823.079374552,1699027824.119681358,1699027825.159992933,1699027826.199210644,1699027827.239472866,1699027828.279776335,1699027829.320125818,1699027830.359317541,1699027831.399608850,1699027832.439855576,1699027833.480127096,1699027834.519380808,1699027835.559753180,1699027836.600057840,1699027837.639353752,1699027838.679590940,1699027839.719897985,1699027840.759210587,1699027841.799518585,1699027842.839833975,1699027843.880069256,1699027844.919265509,1699027845.959542513,1699027846.999803305,1699027848.040077448,1699027849.079265356,1699027850.119513750,1699027851.159846544,1699027852.200011969,1699027853.239230871,1699027854.279576302,1699027855.319876194,1699027856.360193968,1699027857.400245667,1699027858.439261913,1699027859.479576826,1699027860.519812584,1699027861.560032845,1699027862.599266768,1699027863.639584064,1699027864.679829836,1699027865.719321728,1699027866.759632349,1699027867.799923420,1699027868.840121269,1699027869.879211426,1699027870.919409752,1699027871.959701777,1699027872.999980688,1699027874.040210247,1699027875.079375744,1699027876.119657993,1699027877.160015821,1699027878.199227571,1699027879.239453077,1699027880.279766560,1699027881.319974899,1699027882.360269547,1699027883.399408579,1699027884.439625978,1699027885.479994059,1699027886.520267248,1699027887.559533596,1699027888.599860430,1699027889.640121460,1699027890.680155993,1699027891.719332695,1699027892.759667158,1699027893.800004244,1699027894.839210749,1699027895.879535913,1699027896.919814348,1699027897.960116625,1699027898.999384880,1699027900.039655209,1699027901.080035448,1699027902.119308949,1699027903.159550190,1699027904.199841738,1699027905.240100622,1699027906.279396057,1699027907.319741249,1699027908.340671539,1699027909.342288733,1699027910.347884417,1699027911.349301815,1699027912.350830555,1699027913.352330923,1699027914.353760004,1699027915.363520384,1699027916.365119934,1699027917.370769262,1699027918.372347355,1699027919.373890638,1699027920.375391483,1699027921.376808643,1699027922.377931118,1699027923.379051208,1699027924.380090952,1699027925.381213903,1699027926.382339954,1699027926.835381985],"size":[0,0,0,0,0,0,0,0,0,0,0,0,0,0,0,0,0,0,0,0,0,0,0,0,0,0,0,0,0,0,0,0,0,0,0,0,0,0,0,0,0,0,0,0,0,0,0,0,0,0,0,0,0,0,0,0,0,0,0,0,0,0,0,0,0,0,0,0,0,0,0,0,0,0,0,0,0,0,0,0,0,0,0,0,0,0,0,0,0,0,0,0,0,0,0,0,0,0,0,0,0,0,0,0,0,0,0,0,0,0,0,0,0,0,0,0,0,0,0,0,0,0,0,0,0,0,0,0,0,0,0,0,0,0,0,0,0,0,0,0,0,0,0,0,0,0,0,0,0,0,0,0,0,0,0,0,0,0,0,0,0,0,0,0,0,0,0,0,0,0,0,0,0,0,0,0,0,0,0,0,0,0,0,0,0,0,0,0,0,0,0],"total_size":[1,1,1,1,1,1,1,1,1,1,1,1,1,1,1,1,1,1,1,1,1,1,1,1,1,1,1,1,1,1,1,1,1,1,1,1,1,1,1,1,1,1,1,1,1,1,1,1,1,1,1,1,1,1,1,1,1,1,1,1,1,1,1,1,1,1,1,1,1,1,1,1,1,1,1,1,1,1,1,1,1,1,1,1,1,1,1,1,1,1,1,1,1,1,1,1,1,1,1,1,1,1,1,1,1,1,1,1,1,1,1,1,1,1,1,1,1,1,1,1,1,1,1,1,1,1,1,1,1,1,1,1,1,1,1,1,1,1,1,1,1,1,1,1,1,1,1,1,1,1,1,1,1,1,1,1,1,1,1,1,1,1,1,1,1,1,1,1,1,1,1,1,1,1,1,1,1,1,1,1,1,1,1,1,1,1,1,1,1,1,0]},