{"address":"ofi+verbs;ofi_rxm://10.201.1.194:42784","progress_loop":{"progress_with_timeout":{"num":1905,"min":0.000187874,"max":0.111998320,"avg":0.097155472,"var":0.386851547,"sum":185.081174850},"progress_timeout_value_msec":{"num":1905,"min":100.000000000,"max":100.000000000,"avg":100.000000000,"var":0.000000000,"sum":190500.000000000},"progress_without_timeout":{"num":0,"min":0.000000000,"max":0.000000000,"avg":0.000000000,"var":0.000000000,"sum":0.000000000},"trigger":{"num":104,"min":0.000003338,"max":0.000010490,"avg":0.000004324,"var":0.000000000,"sum":0.000449657}},"rpcs":{"65535:65535:1471021055:0":{"rpc_id":1471021055,"provider_id":0,"parent_rpc_id":65535,"parent_provider_id":65535,"name":"sum","origin":{"sent to ofi+verbs;ofi_rxm://10.201.1.194:60111":{"iforward":{"duration":{"num":25,"min":0.000012875,"max":0.001967192,"avg":0.000094604,"var":0.000003653,"sum":0.002365112},"relative_timestamp_from_create":{"num":25,"min":0.000000954,"max":0.000004292,"avg":0.000002432,"var":0.000000000,"sum":0.000060797}},"forward_cb":{"duration":{"num":25,"min":0.000001192,"max":0.000002861,"avg":0.000001755,"var":0.000000000,"sum":0.000043869},"relative_timestamp_from_iforward_start":{"num":25,"min":1.041038275,"max":2.498407125,"avg":1.903481150,"var":3.724945877,"sum":47.587028742}},"iforward_wait":{"duration":{"num":25,"min":1.041019678,"max":2.498398542,"avg":1.903393488,"var":3.726311235,"sum":47.584837198},"relative_timestamp_from_iforward_end":{"num":25,"min":0.000000715,"max":0.000002384,"avg":0.000001135,"var":0.000000000,"sum":0.000028372}},"set_input":{"duration":{"num":25,"min":0.000002861,"max":0.000011206,"avg":0.000004177,"var":0.000000000,"sum":0.000104427},"relative_timestamp_from_iforward_start":{"num":25,"min":0.000006437,"max":0.000019789,"avg":0.000009012,"var":0.000000000,"sum":0.000225306}},"get_output":{"duration":{"num":0,"min":0.000000000,"max":0.000000000,"avg":0.000000000,"var":0.000000000,"sum":0.000000000},"relative_timestamp_from_wait_end":{"num":0,"min":0.000000000,"max":0.000000000,"avg":0.000000000,"var":0.000000000,"sum":0.000000000}}}}},"65535:65535:1161428991:1":{"rpc_id":1161428991,"provider_id":1,"parent_rpc_id":65535,"parent_provider_id":65535,"name":"prod","origin":{"sent to ofi+verbs;ofi_rxm://10.201.1.197:52177":{"iforward":{"duration":{"num":22,"min":0.000013828,"max":0.009803534,"avg":0.000460484,"var":0.000091449,"sum":0.010130644},"relative_timestamp_from_create":{"num":22,"min":0.000001907,"max":0.000003338,"avg":0.000002395,"var":0.000000000,"sum":0.000052691}},"forward_cb":{"duration":{"num":22,"min":0.000000954,"max":0.000003099,"avg":0.000001875,"var":0.000000000,"sum":0.000041246},"relative_timestamp_from_iforward_start":{"num":22,"min":1.034774542,"max":2.510458708,"avg":1.780521284,"var":4.551595642,"sum":39.171468258}},"iforward_wait":{"duration":{"num":22,"min":1.034764767,"max":2.510455132,"avg":1.780068213,"var":4.540543474,"sum":39.161500692},"relative_timestamp_from_iforward_end":{"num":22,"min":0.000000715,"max":0.000001431,"avg":0.000000997,"var":0.000000000,"sum":0.000021935}},"set_input":{"duration":{"num":22,"min":0.000003338,"max":0.000006437,"avg":0.000004021,"var":0.000000000,"sum":0.000088453},"relative_timestamp_from_iforward_start":{"num":22,"min":0.000006437,"max":0.000014544,"avg":0.000008139,"var":0.000000000,"sum":0.000179052}},"get_output":{"duration":{"num":0,"min":0.000000000,"max":0.000000000,"avg":0.000000000,"var":0.000000000,"sum":0.000000000},"relative_timestamp_from_wait_end":{"num":0,"min":0.000000000,"max":0.000000000,"avg":0.000000000,"var":0.000000000,"sum":0.000000000}}}}},"65535:65535:1471021055:1":{"rpc_id":1471021055,"provider_id":1,"parent_rpc_id":65535,"parent_provider_id":65535,"name":"sum","origin":{"sent to ofi+verbs;ofi_rxm://10.201.1.197:52177":{"iforward":{"duration":{"num":25,"min":0.000013828,"max":0.000027657,"avg":0.000016756,"var":0.000000000,"sum":0.000418901},"relative_timestamp_from_create":{"num":25,"min":0.000001431,"max":0.000003815,"avg":0.000002413,"var":0.000000000,"sum":0.000060320}},"forward_cb":{"duration":{"num":25,"min":0.000001192,"max":0.000003338,"avg":0.000001783,"var":0.000000000,"sum":0.000044584},"relative_timestamp_from_iforward_start":{"num":25,"min":1.025406361,"max":2.550115824,"avg":1.821545706,"var":6.638467459,"sum":45.538642645}},"iforward_wait":{"duration":{"num":25,"min":1.025394917,"max":2.550107718,"avg":1.821536083,"var":6.638485929,"sum":45.538402081},"relative_timestamp_from_iforward_end":{"num":25,"min":0.000000715,"max":0.000001431,"avg":0.000001020,"var":0.000000000,"sum":0.000025511}},"set_input":{"duration":{"num":25,"min":0.000003338,"max":0.000006199,"avg":0.000003910,"var":0.000000000,"sum":0.000097752},"relative_timestamp_from_iforward_start":{"num":25,"min":0.000006914,"max":0.000015020,"avg":0.000008764,"var":0.000000000,"sum":0.000219107}},"get_output":{"duration":{"num":0,"min":0.000000000,"max":0.000000000,"avg":0.000000000,"var":0.000000000,"sum":0.000000000},"relative_timestamp_from_wait_end":{"num":0,"min":0.000000000,"max":0.000000000,"avg":0.000000000,"var":0.000000000,"sum":0.000000000}}}}},"65535:65535:1161428991:0":{"rpc_id":1161428991,"provider_id":0,"parent_rpc_id":65535,"parent_provider_id":65535,"name":"prod","origin":{"sent to ofi+verbs;ofi_rxm://10.201.1.194:60111":{"iforward":{"duration":{"num":28,"min":0.000012875,"max":0.000031471,"avg":0.000016281,"var":0.000000000,"sum":0.000455856},"relative_timestamp_from_create":{"num":28,"min":0.000001431,"max":0.000003815,"avg":0.000002273,"var":0.000000000,"sum":0.000063658}},"forward_cb":{"duration":{"num":28,"min":0.000000954,"max":0.000002384,"avg":0.000001618,"var":0.000000000,"sum":0.000045300},"relative_timestamp_from_iforward_start":{"num":28,"min":1.021249294,"max":2.525738716,"avg":1.880343573,"var":5.107199814,"sum":52.649620056}},"iforward_wait":{"duration":{"num":28,"min":1.021222353,"max":2.525731325,"avg":1.880333824,"var":5.107249626,"sum":52.649347067},"relative_timestamp_from_iforward_end":{"num":28,"min":0.000000954,"max":0.000002384,"avg":0.000001098,"var":0.000000000,"sum":0.000030756}},"set_input":{"duration":{"num":28,"min":0.000002861,"max":0.000006437,"avg":0.000003934,"var":0.000000000,"sum":0.000110149},"relative_timestamp_from_iforward_start":{"num":28,"min":0.000005722,"max":0.000017405,"avg":0.000008336,"var":0.000000000,"sum":0.000233412}},"get_output":{"duration":{"num":0,"min":0.000000000,"max":0.000000000,"avg":0.000000000,"var":0.000000000,"sum":0.000000000},"relative_timestamp_from_wait_end":{"num":0,"min":0.000000000,"max":0.000000000,"avg":0.000000000,"var":0.000000000,"sum":0.000000000}}}}},"65535:65535:3542155263:65535":{"rpc_id":3542155263,"provider_id":65535,"parent_rpc_id":65535,"parent_provider_id":65535,"name":"__shutdown__","origin":{"sent to ofi+verbs;ofi_rxm://10.201.1.194:60111":{"iforward":{"duration":{"num":1,"min":0.000012159,"max":0.000012159,"avg":0.000012159,"var":0.000000000,"sum":0.000012159},"relative_timestamp_from_create":{"num":1,"min":0.000001907,"max":0.000001907,"avg":0.000001907,"var":0.000000000,"sum":0.000001907}},"forward_cb":{"duration":{"num":1,"min":0.000001669,"max":0.000001669,"avg":0.000001669,"var":0.000000000,"sum":0.000001669},"relative_timestamp_from_iforward_start":{"num":1,"min":0.023203850,"max":0.023203850,"avg":0.023203850,"var":0.000000000,"sum":0.023203850}},"iforward_wait":{"duration":{"num":1,"min":0.023199320,"max":0.023199320,"avg":0.023199320,"var":0.000000000,"sum":0.023199320},"relative_timestamp_from_iforward_end":{"num":1,"min":0.000000954,"max":0.000000954,"avg":0.000000954,"var":0.000000000,"sum":0.000000954}},"set_input":{"duration":{"num":0,"min":0.000000000,"max":0.000000000,"avg":0.000000000,"var":0.000000000,"sum":0.000000000},"relative_timestamp_from_iforward_start":{"num":0,"min":0.000000000,"max":0.000000000,"avg":0.000000000,"var":0.000000000,"sum":0.000000000}},"get_output":{"duration":{"num":1,"min":0.000008106,"max":0.000008106,