{"address":"ofi+verbs;ofi_rxm://10.201.1.197:52177","progress_loop":{"progress_with_timeout":{"num":406,"min":0.001179457,"max":0.104462624,"avg":0.100304155,"var":0.104270378,"sum":40.723486900},"progress_timeout_value_msec":{"num":406,"min":100.000000000,"max":100.000000000,"avg":100.000000000,"var":0.000000000,"sum":40600.000000000},"progress_without_timeout":{"num":163092287,"min":0.000000000,"max":0.104007721,"avg":0.000000417,"var":1.682293391,"sum":67.974226952},"trigger":{"num":388,"min":0.000000238,"max":0.054091692,"avg":0.010236033,"var":0.018738010,"sum":3.971580982}},"rpcs":{"65535:65535:1471021055:1":{"rpc_id":1471021055,"provider_id":1,"parent_rpc_id":65535,"parent_provider_id":65535,"name":"sum","target":{"received from ofi+verbs;ofi_rxm://10.201.1.197:58012":{"handler":{"duration":{"num":29,"min":0.000004530,"max":0.020003319,"avg":0.009200252,"var":0.000960701,"sum":0.266807318}},"ult":{"duration":{"num":29,"min":1.047989845,"max":2.539982319,"avg":1.781943494,"var":7.170048174,"sum":51.676361322},"relative_timestamp_from_handler_start":{"num":29,"min":0.000007868,"max":0.080143690,"avg":0.004634339,"var":0.006436858,"sum":0.134395838}},"irespond":{"duration":{"num":29,"min":0.000002861,"max":0.041004658,"avg":0.002725313,"var":0.002100215,"sum":0.079034090},"relative_timestamp_from_ult_start":{"num":29,"min":1.016862631,"max":2.505048752,"avg":1.737470627,"var":7.184027975,"sum":50.386648178}},"respond_cb":{"duration":{"num":29,"min":0.000001192,"max":0.027291298,"avg":0.011179776,"var":0.001268990,"sum":0.324213505},"relative_timestamp_from_irespond_start":{"num":29,"min":0.000051498,"max":0.073005199,"avg":0.012659015,"var":0.008324098,"sum":0.367111444}},"irespond_wait":{"duration":{"num":29,"min":0.019006729,"max":0.088764668,"avg":0.041744980,"var":0.007839115,"sum":1.210604429},"relative_timestamp_from_irespond_end":{"num":29,"min":0.000000000,"max":0.000000477,"avg":0.000000189,"var":0.000000000,"sum":0.000005484}},"set_output":{"duration":{"num":29,"min":0.000000954,"max":0.000003815,"avg":0.000002697,"var":0.000000000,"sum":0.000078201},"relative_timestamp_from_irespond_start":{"num":29,"min":0.000000238,"max":0.000001192,"avg":0.000000682,"var":0.000000000,"sum":0.000019789}},"get_input":{"duration":{"num":29,"min":0.000001669,"max":0.000006199,"avg":0.000002680,"var":0.000000000,"sum":0.000077724},"relative_timestamp_from_ult_start":{"num":29,"min":0.000001431,"max":0.000018597,"avg":0.000002993,"var":0.000000000,"sum":0.000086784}}},"received from ofi+verbs;ofi_rxm://10.201.1.227:50972":{"handler":{"duration":{"num":22,"min":0.000006437,"max":0.054090977,"avg":0.013417526,"var":0.002431639,"sum":0.295185566}},"ult":{"duration":{"num":22,"min":1.061917305,"max":2.523985624,"avg":1.813461520,"var":4.009670319,"sum":39.896153450},"relative_timestamp_from_handler_start":{"num":22,"min":0.000007629,"max":0.018141031,"avg":0.002333717,"var":0.000569427,"sum":0.051341772}},"irespond":{"duration":{"num":22,"min":0.000004053,"max":0.084994078,"avg":0.007814646,"var":0.007783082,"sum":0.171922207},"relative_timestamp_from_ult_start":{"num":22,"min":1.016339302,"max":2.488784313,"avg":1.768175905,"var":3.980707469,"sum":38.899869919}},"respond_cb":{"duration":{"num":22,"min":0.000000715,"max":0.025379896,"avg":0.011234175,"var":0.000481966,"sum":0.247151852},"relative_timestamp_from_irespond_start":{"num":22,"min":0.000011206,"max":0.085000753,"avg":0.014765349,"var":0.010756182,"sum":0.324837685}},"irespond_wait":{"duration":{"num":22,"min":0.011994600,"max":0.071998119,"avg":0.037468726,"var":0.004522408,"sum":0.824311972},"relative_timestamp_from_irespond_end":{"num":22,"min":0.000000000,"max":0.000000477,"avg":0.000000184,"var":0.000000000,"sum":0.000004053}},"set_output":{"duration":{"num":22,"min":0.000001192,"max":0.000004053,"avg":0.000002742,"var":0.000000000,"sum":0.000060320},"relative_timestamp_from_irespond_start":{"num":22,"min":0.000000238,"max":0.000002384,"avg":0.000000715,"var":0.000000000,"sum":0.000015736}},"get_input":{"duration":{"num":22,"min":0.000000715,"max":0.000007868,"avg":0.000002460,"var":0.000000000,"sum":0.000054121},"relative_timestamp_from_ult_start":{"num":22,"min":0.000000715,"max":0.000007391,"avg":0.000002590,"var":0.000000000,"sum":0.000056982}}},"received from ofi+verbs;ofi_rxm://10.201.1.193:54358":{"handler":{"duration":{"num":26,"min":0.000004530,"max":0.026649714,"avg":0.010535662,"var":0.001024087,"sum":0.273927212}},"ult":{"duration":{"num":26,"min":1.059987068,"max":2.459995985,"avg":1.762160237,"var":5.722057415,"sum":45.816166162},"relative_timestamp_from_handler_start":{"num":26,"min":0.000008821,"max":0.024001122,"avg":0.002573793,"var":0.000862242,"sum":0.066918612}},"irespond":{"duration":{"num":26,"min":0.000002861,"max":0.062555075,"avg":0.006984032,"var":0.007825507,"sum":0.181584835},"relative_timestamp_from_ult_start":{"num":26,"min":1.004443407,"max":2.429396152,"avg":1.707298847,"var":5.794034596,"sum":44.389770031}},"respond_cb":{"duration":{"num":26,"min":0.000000954,"max":0.027476549,"avg":0.010140813,"var":0.001500116,"sum":0.263661146},"relative_timestamp_from_irespond_start":{"num":26,"min":0.000010729,"max":0.089236259,"avg":0.019663471,"var":0.013053238,"sum":0.511250257}},"irespond_wait":{"duration":{"num":26,"min":0.025432110,"max":0.091278791,"avg":0.047875230,"var":0.008052494,"sum":1.244755983},"relative_timestamp_from_irespond_end":{"num":26,"min":0.000000000,"max":0.000000477,"avg":0.000000183,"var":0.000000000,"sum":0.000004768}},"set_output":{"duration":{"num":26,"min":0.000000715,"max":0.000003815,"avg":0.000002604,"var":0.000000000,"sum":0.000067711},"relative_timestamp_from_irespond_start":{"num":26,"min":0.000000238,"max":0.000000954,"avg":0.000000596,"var":0.000000000,"sum":0.000015497}},"get_input":{"duration":{"num":26,"min":0.000001431,"max":0.000007629,"avg":0.000002824,"var":0.000000000,"sum":0.000073433},"relative_timestamp_from_ult_start":{"num":26,"min":0.000000954,"max":0.000007391,"avg":0.000002558,"var":0.000000000,"sum":0.000066519}}},"received from ofi+verbs;ofi_rxm://10.201.1.194:42784":{"handler":{"duration":{"num":25,"min":0.000004053,"max":0.026002645,"avg":0.010212259,"var":0.000946077,"sum":0.255306482}},"ult":{"duration":{"num":25,"min":1.047986269,"max":2.598078489,"avg":1.843584757,"var":6.470054232,"sum":46.089618921},"relative_timestamp_from_handler_start":{"num":25,"min":0.000006914,"max":0.032138586,"avg":0.003277082,"var":0.001388413,"sum":0.081927061}},"irespond":{"duration":{"num":25,"min":0.000002384,"max":0.059724092,"avg":0.006568451,"var":0.006359498,"sum":0.164211273},"relative_timestamp_from_ult_start":{"num":25,"min":1.023897886,"max":2.531927586,"avg":1.798662014,"var":6.441406153,"sum":44.966550350}},"respond_cb":{"duration":{"num":25,"min":0.000000715,"max":0.027772903,"avg":0.012687635,"var":0.000947054,"sum":0.317190886},"relative_timestamp_from_irespond_start":{"num":25,"min":0.000007391,"max":0.071725130,"avg":0.013514843,"var":0.011787617,"sum":0.337871075}},"irespond_wait":{"duration":{"num":25,"min":0.017158747,"max":0.092883348,"avg":0.038352051,"var":0.007224493,"sum":0.958801270},"relative_timestamp_from_irespond_end":{"num":25,"min":0.000000000,"max":0.000000238,"avg":0.000000181,"var":0.000000000,"sum":0.000004530}},"set_output":{"duration":{"num":25,"min":0.000000954,"max":0.000004292,"avg":0.000002775,"var":0.000000000,"sum":0.000069380},"relative_timestamp_from_irespond_start":{"num":25,"min":0.000000238,"max":0.000000954,"avg":0.000000668,"var":0.000000000,"sum":0.000016689}},"get_input":{"duration":{"num":25,"min":0.000000715,"max":0.000006914,"avg":0.000002575,"var":0.000000000,"sum":0.000064373},"relative_timestamp_from_ult_start":{"num":25,"min":0.000000715,"max":0.000007868,"avg":0.000002623,"var":0.000000000,"sum":0.000065565}}}}},"65535:65535:1161428991:1":{"rpc_id":1161428991,"provider_id":1,"parent_rpc_id":65535,"parent_provider_id":65535,"name":"prod",