{"address":"ofi+verbs;ofi_rxm://10.201.1.227:52223","progress_loop":{"progress_with_timeout":{"num":1896,"min":0.012165308,"max":0.104677916,"avg":0.103004633,"var":0.013871689,"sum":195.296784401},"progress_timeout_value_msec":{"num":1896,"min":100.000000000,"max":100.000000000,"avg":100.000000000,"var":0.000000000,"sum":189600.000000000},"progress_without_timeout":{"num":3625,"min":0.000001431,"max":0.016013145,"avg":0.000007153,"var":0.000264499,"sum":0.025931358},"trigger":{"num":2,"min":0.000008106,"max":0.000030994,"avg":0.000019550,"var":0.000000000,"sum":0.000039101}},"rpcs":{"65535:65535:3542155263:65535":{"rpc_id":3542155263,"provider_id":65535,"parent_rpc_id":65535,"parent_provider_id":65535,"name":"__shutdown__","target":{"received from ofi+verbs;ofi_rxm://10.201.1.194:42784":{"handler":{"duration":{"num":1,"min":0.000016689,"max":0.000016689,"avg":0.000016689,"var":0.000000000,"sum":0.000016689}},"ult":{"duration":{"num":1,"min":0.011998653,"max":0.011998653,"avg":0.011998653,"var":0.000000000,"sum":0.011998653},"relative_timestamp_from_handler_start":{"num":1,"min":0.008224726,"max":0.008224726,"avg":0.008224726,"var":0.000000000,"sum":0.008224726}},"irespond":{"duration":{"num":1,"min":0.002847433,"max":0.002847433,"avg":0.002847433,"var":0.000000000,"sum":0.002847433},"relative_timestamp_from_ult_start":{"num":1,"min":0.000002384,"max":0.000002384,"avg":0.000002384,"var":0.000000000,"sum":0.000002384}},"respond_cb":{"duration":{"num":1,"min":0.000003815,"max":0.000003815,"avg":0.000003815,"var":0.000000000,"sum":0.000003815},"relative_timestamp_from_irespond_start":{"num":1,"min":0.002866745,"max":0.002866745,"avg":0.002866745,"var":0.000000000,"sum":0.002866745}},"irespond_wait":{"duration":{"num":1,"min":0.009142876,"max":0.009142876,"avg":0.009142876,"var":0.000000000,"sum":0.009142876},"relative_timestamp_from_irespond_end":{"num":1,"min":0.000001431,"max":0.000001431,"avg":0.000001431,"var":0.000000000,"sum":0.000001431}},"set_output":{"duration":{"num":1,"min":0.000001669,"max":0.000001669,"avg":0.000001669,"var":0.000000000,"sum":0.000001669},"relative_timestamp_from_irespond_start":{"num":1,"min":0.000004053,"max":0.000004053,"avg":0.000004053,"var":0.000000000,"sum":0.000004053}},"get_input":{"duration":{"num":0,"min":0.000000000,"max":0.000000000,"avg":0.000000000,"var":0.000000000,"sum":0.000000000},"relative_timestamp_from_ult_start":{"num":0,"min":0.000000000,"max":0.000000000,"avg":0.000000000,"var":0.000000000,"sum":0.000000000}}}}}}}