{"address":"ofi+verbs;ofi_rxm://10.201.1.193:60324","progress_loop":{"progress_with_timeout":{"num":1879,"min":0.094571114,"max":0.107662201,"avg":0.103996332,"var":0.001782778,"sum":195.409107447},"progress_timeout_value_msec":{"num":1879,"min":100.000000000,"max":100.000000000,"avg":100.000000000,"var":0.000000000,"sum":187900.000000000},"progress_without_timeout":{"num":27293,"min":0.000000000,"max":0.001098394,"avg":0.000000196,"var":0.000001206,"sum":0.005339384},"trigger":{"num":2,"min":0.000003576,"max":0.000026226,"avg":0.000014901,"var":0.000000000,"sum":0.000029802}},"rpcs":{"65535:65535:3542155263:65535":{"rpc_id":3542155263,"provider_id":65535,"parent_rpc_id":65535,"parent_provider_id":65535,"name":"__shutdown__","target":{"received from ofi+verbs;ofi_rxm://10.201.1.194:42784":{"handler":{"duration":{"num":1,"min":0.000015020,"max":0.000015020,"avg":0.000015020,"var":0.000000000,"sum":0.000015020}},"ult":{"duration":{"num":1,"min":0.011901855,"max":0.011901855,"avg":0.011901855,"var":0.000000000,"sum":0.011901855},"relative_timestamp_from_handler_start":{"num":1,"min":0.000691175,"max":0.000691175,"avg":0.000691175,"var":0.000000000,"sum":0.000691175}},"irespond":{"duration":{"num":1,"min":0.002974033,"max":0.002974033,"avg":0.002974033,"var":0.000000000,"sum":0.002974033},"relative_timestamp_from_ult_start":{"num":1,"min":0.000001192,"max":0.000001192,"avg":0.000001192,"var":0.000000000,"sum":0.000001192}},"respond_cb":{"duration":{"num":1,"min":0.000002384,"max":0.000002384,"avg":0.000002384,"var":0.000000000,"sum":0.000002384},"relative_timestamp_from_irespond_start":{"num":1,"min":0.002987862,"max":0.002987862,"avg":0.002987862,"var":0.000000000,"sum":0.002987862}},"irespond_wait":{"duration":{"num":1,"min":0.008923292,"max":0.008923292,"avg":0.008923292,"var":0.000000000,"sum":0.008923292},"relative_timestamp_from_irespond_end":{"num":1,"min":0.000000477,"max":0.000000477,"avg":0.000000477,"var":0.000000000,"sum":0.000000477}},"set_output":{"duration":{"num":1,"min":0.000000238,"max":0.000000238,"avg":0.000000238,"var":0.000000000,"sum":0.000000238},"relative_timestamp_from_irespond_start":{"num":1,"min":0.000002623,"max":0.000002623,"avg":0.000002623,"var":0.000000000,"sum":0.000002623}},"get_input":{"duration":{"num":0,"min":0.000000000,"max":0.000000000,"avg":0.000000000,"var":0.000000000,"sum":0.000000000},"relative_timestamp_from_ult_start":{"num":0,"min":0.000000000,"max":0.000000000,"avg":0.000000000,"var":0.000000000,"sum":0.000000000}}}}}}}