{"address":"ofi+verbs;ofi_rxm://10.201.1.227:50972","progress_loop":{"progress_with_timeout":{"num":1790,"min":0.001324654,"max":0.105558395,"avg":0.100388955,"var":0.322389668,"sum":179.696229219},"progress_timeout_value_msec":{"num":1790,"min":100.000000000,"max":100.000000000,"avg":100.000000000,"var":0.000000000,"sum":179000.000000000},"progress_without_timeout":{"num":0,"min":0.000000000,"max":0.000000000,"avg":0.000000000,"var":0.000000000,"sum":0.000000000},"trigger":{"num":100,"min":0.000003815,"max":0.000008821,"avg":0.000006063,"var":0.000000000,"sum":0.000606298}},"rpcs":{"65535:65535:1471021055:1":{"rpc_id":1471021055,"provider_id":1,"parent_rpc_id":65535,"parent_provider_id":65535,"name":"sum","origin":{"sent to ofi+verbs;ofi_rxm://10.201.1.197:52177":{"iforward":{"duration":{"num":22,"min":0.000014544,"max":0.002446651,"avg":0.000135389,"var":0.000005597,"sum":0.002978563},"relative_timestamp_from_create":{"num":22,"min":0.000001907,"max":0.000004292,"avg":0.000003013,"var":0.000000000,"sum":0.000066280}},"forward_cb":{"duration":{"num":22,"min":0.000001431,"max":0.000003099,"avg":0.000002525,"var":0.000000000,"sum":0.000055552},"relative_timestamp_from_iforward_start":{"num":22,"min":1.016640663,"max":2.504381418,"avg":1.791842883,"var":4.141389359,"sum":39.420543432}},"iforward_wait":{"duration":{"num":22,"min":1.016622305,"max":2.504365921,"avg":1.791717681,"var":4.142510222,"sum":39.417788982},"relative_timestamp_from_iforward_end":{"num":22,"min":0.000000954,"max":0.000001907,"avg":0.000001420,"var":0.000000000,"sum":0.000031233}},"set_input":{"duration":{"num":22,"min":0.000002861,"max":0.000006914,"avg":0.000005191,"var":0.000000000,"sum":0.000114202},"relative_timestamp_from_iforward_start":{"num":22,"min":0.000008345,"max":0.000021458,"avg":0.000014251,"var":0.000000000,"sum":0.000313520}},"get_output":{"duration":{"num":0,"min":0.000000000,"max":0.000000000,"avg":0.000000000,"var":0.000000000,"sum":0.000000000},"relative_timestamp_from_wait_end":{"num":0,"min":0.000000000,"max":0.000000000,"avg":0.000000000,"var":0.000000000,"sum":0.000000000}}}}},"65535:65535:1161428991:0":{"rpc_id":1161428991,"provider_id":0,"parent_rpc_id":65535,"parent_provider_id":65535,"name":"prod","origin":{"sent to ofi+verbs;ofi_rxm://10.201.1.194:60111":{"iforward":{"duration":{"num":31,"min":0.000015020,"max":0.001775980,"avg":0.000082816,"var":0.000002963,"sum":0.002567291},"relative_timestamp_from_create":{"num":31,"min":0.000001907,"max":0.000004292,"avg":0.000003230,"var":0.000000000,"sum":0.000100136}},"forward_cb":{"duration":{"num":31,"min":0.000001431,"max":0.000003338,"avg":0.000002523,"var":0.000000000,"sum":0.000078201},"relative_timestamp_from_iforward_start":{"num":31,"min":1.034669399,"max":2.495723009,"avg":1.785086486,"var":7.271868821,"sum":55.337681055}},"iforward_wait":{"duration":{"num":31,"min":1.034647226,"max":2.495706320,"avg":1.785013722,"var":7.274434614,"sum":55.335425377},"relative_timestamp_from_iforward_end":{"num":31,"min":0.000000954,"max":0.000001907,"avg":0.000001292,"var":0.000000000,"sum":0.000040054}},"set_input":{"duration":{"num":31,"min":0.000002861,"max":0.000007153,"avg":0.000005499,"var":0.000000000,"sum":0.000170469},"relative_timestamp_from_iforward_start":{"num":31,"min":0.000008106,"max":0.000017881,"avg":0.000014113,"var":0.000000000,"sum":0.000437498}},"get_output":{"duration":{"num":0,"min":0.000000000,"max":0.000000000,"avg":0.000000000,"var":0.000000000,"sum":0.000000000},"relative_timestamp_from_wait_end":{"num":0,"min":0.000000000,"max":0.000000000,"avg":0.000000000,"var":0.000000000,"sum":0.000000000}}}}},"65535:65535:1161428991:1":{"rpc_id":1161428991,"provider_id":1,"parent_rpc_id":65535,"parent_provider_id":65535,"name":"prod","origin":{"sent to ofi+verbs;ofi_rxm://10.201.1.197:52177":{"iforward":{"duration":{"num":19,"min":0.000016689,"max":0.000033855,"avg":0.000027920,"var":0.000000000,"sum":0.000530481},"relative_timestamp_from_create":{"num":19,"min":0.000001431,"max":0.000004768,"avg":0.000003037,"var":0.000000000,"sum":0.000057697}},"forward_cb":{"duration":{"num":19,"min":0.000001431,"max":0.000003576,"avg":0.000002334,"var":0.000000000,"sum":0.000044346},"relative_timestamp_from_iforward_start":{"num":19,"min":1.030997515,"max":2.519178867,"avg":1.815448711,"var":5.639314056,"sum":34.493525505}},"iforward_wait":{"duration":{"num":19,"min":1.030976534,"max":2.519158840,"avg":1.815430378,"var":5.639321718,"sum":34.493177176},"relative_timestamp_from_iforward_end":{"num":19,"min":0.000000954,"max":0.000001431,"avg":0.000001255,"var":0.000000000,"sum":0.000023842}},"set_input":{"duration":{"num":19,"min":0.000003338,"max":0.000006676,"avg":0.000005772,"var":0.000000000,"sum":0.000109673},"relative_timestamp_from_iforward_start":{"num":19,"min":0.000009060,"max":0.000021696,"avg":0.000015259,"var":0.000000000,"sum":0.000289917}},"get_output":{"duration":{"num":0,"min":0.000000000,"max":0.000000000,"avg":0.000000000,"var":0.000000000,"sum":0.000000000},"relative_timestamp_from_wait_end":{"num":0,"min":0.000000000,"max":0.000000000,"avg":0.000000000,"var":0.000000000,"sum":0.000000000}}}}},"65535:65535:1471021055:0":{"rpc_id":1471021055,"provider_id":0,"parent_rpc_id":65535,"parent_provider_id":65535,"name":"sum","origin":{"sent to ofi+verbs;ofi_rxm://10.201.1.194:60111":{"iforward":{"duration":{"num":28,"min":0.000015259,"max":0.000034571,"avg":0.000026516,"var":0.000000001,"sum":0.000742435},"relative_timestamp_from_create":{"num":28,"min":0.000001907,"max":0.000003815,"avg":0.000003065,"var":0.000000000,"sum":0.000085831}},"forward_cb":{"duration":{"num":28,"min":0.000001907,"max":0.000003338,"avg":0.000002563,"var":0.000000000,"sum":0.000071764},"relative_timestamp_from_iforward_start":{"num":28,"min":1.030319929,"max":2.593286037,"avg":1.798526083,"var":6.453288122,"sum":50.358730316}},"iforward_wait":{"duration":{"num":28,"min":1.030294895,"max":2.593267441,"avg":1.798510100,"var":6.453264166,"sum":50.358282804},"relative_timestamp_from_iforward_end":{"num":28,"min":0.000000715,"max":0.000001907,"avg":0.000001294,"var":0.000000000,"sum":0.000036240}},"set_input":{"duration":{"num":28,"min":0.000003338,"max":0.000007153,"avg":0.000005501,"var":0.000000000,"sum":0.000154018},"relative_timestamp_from_iforward_start":{"num":28,"min":0.000007153,"max":0.000020742,"avg":0.000014552,"var":0.000000000,"sum":0.000407457}},"get_output":{"duration":{"num":0,"min":0.000000000,"max":0.000000000,"avg":0.000000000,"var":0.000000000,"sum":0.000000000},"relative_timestamp_from_wait_end":{"num":0,"min":0.000000000,"max":0.000000000,"avg":0.000000000,"var":0.000000000,"sum":0.000000000}}}}}}}